canonical_ref,chapter,verse,speaker,devanagari,iast,english_telang,review_status,checksum
"gita.1.1","1","1","Dhritarashtra","धृतराष्ट्र उवाच।
धर्मक्षेत्रे कुरुक्षेत्रे समवेता युयुत्सवः।
मामकाः पाण्डवाश्चैव किमकुर्वत सञ्जय ॥","dhṛtarāṣṭra uvāca
dharmakṣetre kurukṣetre samavetā yuyutsavaḥ
māmakāḥ pāṇḍavāścaiva kimakurvata sañjaya","What did my (people) and the Pāṇḍavas do, O Sañjaya! when they assembled together on the holy field of Kurukṣetra , desirous to do battle?","machine-aligned; two human reviews pending","0f6ece3b971831356f6d814e63b8fe8d6f0c28998831b58f046accf3a8e52a07"
"gita.1.2","1","2","Sanjaya","सञ्जय उवाच।
दृष्ट्वा तु पाण्डवानीकं व्यूढं दुर्योधनस्तदा।
आचार्यमुपसंगम्य राजा वचनमब्रवीत् ॥","sañjaya uvāca
dṛṣṭvā tu pāṇḍavānīkaṃ vyūḍhaṃ duryodhanastadā
ācāryamupasaṃgamya rājā vacanamabravīt","Seeing the army of the Pāṇḍavas drawn up in battle-array the prince Duryodhana approached the preceptor","machine-aligned; two human reviews pending","c78c6ab675cd427dd7c2db83b586685a09a244e50f0e74dd18a458f6a8fcb16b"
"gita.1.3","1","3","Sanjaya","पश्यैतां पाण्डुपुत्राणामाचार्य महतीं चमूम्।
व्यूढां द्रुपदपुत्रेण तव शिष्येण धीमता ॥","paśyaitāṃ pāṇḍuputrāṇāmācārya mahatīṃ camūm
vyūḍhāṃ drupadaputreṇa tava śiṣyeṇa dhīmatā","and spoke (these) words: 'O preceptor! observe this grand army of the sons of Pāṇḍu drawn up in battle-array by your talented pupil the son of Drupada. In it are heroes (bearing) large bows","machine-aligned; two human reviews pending","01be20a6af460e216ce9062546557f68e23340ca083b9e09b2e26320231275a4"
"gita.1.4","1","4","Sanjaya","अत्र शूरा महेष्वासा भीमार्जुनसमा युधि।
युयुधानो विराटश्च द्रुपदश्च महारथः ॥","atra śūrā maheṣvāsā bhīmārjunasamā yudhi
yuyudhāno virāṭaśca drupadaśca mahārathaḥ","the equals of Bhīma and Arjuna in battle—(namely) Yuyudhāna Virāṭa and Drupada the master of a great car and Dhṛṣṭaketu","machine-aligned; two human reviews pending","dd7bc6a54c3bf339ef9031cca62a0a6c7fb5baf10f47bd09441b4c3eb7cab8d1"
"gita.1.5","1","5","Sanjaya","धृष्टकेतुश्चेकितानः काशिराजश्च वीर्यवान्।
पुरुजित्कुन्तिभोजश्च शैब्यश्च नरपुंगवः ॥","dhṛṣṭaketuścekitānaḥ kāśirājaśca vīryavān
purujitkuntibhojaśca śaibyaśca narapuṃgavaḥ","Cekitāna and the valiant king of Kāsī Purujit and Kuntibhoja","machine-aligned; two human reviews pending","37ee519a8a8963533014c93b0acaebc937e2bd4641ed06d8a535271f528407ec"
"gita.1.6","1","6","Sanjaya","युधामन्युश्च विक्रान्त उत्तमौजाश्च वीर्यवान्।
सौभद्रो द्रौपदेयाश्च सर्व एव महारथाः ॥","yudhāmanyuśca vikrānta uttamaujāśca vīryavān
saubhadro draupadeyāśca sarva eva mahārathāḥ","and that eminent man Śaibya the heroic Yudhāmanyu, the valiant Uttamaujas, the son of Subhadrā , and the sons of Draupadī—all masters of great cars. And now, O best of Brāhmaṇas!","machine-aligned; two human reviews pending","486dcf520347e0e5c6f13be8e5928d4c2ccd71ef5fbeecf0965f9a8b7aad02b8"
"gita.1.7","1","7","Sanjaya","अस्माकं तु विशिष्टा ये तान्निबोध द्विजोत्तम।
नायका मम सैन्यस्य संज्ञार्थं तान्ब्रवीमि ते ॥","asmākaṃ tu viśiṣṭā ye tānnibodha dvijottama
nāyakā mama sainyasya saṃjñārthaṃ tānbravīmi te","learn who are most distinguished among us, and are leaders of my army. I will name them to you, in order that you may know them well. Yourself, and Bhīṣma, and Karṇa , and Kṛpa the victor of (many) battles Aśvatthāman","machine-aligned; two human reviews pending","45b5c2c84a99901fb76cb218b4915087c4fa7e9a48b58c316eca69f62d6cd8b4"
"gita.1.8","1","8","Sanjaya","भवान्भीष्मश्च कर्णश्च कृपश्च समितिञ्जयः।
अश्वत्थामा विकर्णश्च सौमदत्तिस्तथैव च ॥","bhavānbhīṣmaśca karṇaśca kṛpaśca samitiñjayaḥ
aśvatthāmā vikarṇaśca saumadattistathaiva ca","and Vikarṇa and also the son of Somadatta","machine-aligned; two human reviews pending","e58ade1e161b9c41ddf36904aea774e3d6d832d1e49f8210c1a2b6c9de0f7614"
"gita.1.9","1","9","Sanjaya","अन्ये च बहवः शूरा मदर्थे त्यक्तजीविताः।
नानाशस्त्रप्रहरणाः सर्वे युद्धविशारदाः ॥","anye ca bahavaḥ śūrā madarthe tyaktajīvitāḥ
nānāśastrapraharaṇāḥ sarve yuddhaviśāradāḥ","and many other brave men who have given up their lives for me who fight with various weapons, (and are) all dexterous in battle.","machine-aligned; two human reviews pending","0c30014f6166f33872509e3519fd320af2d9a54b9e64db8e0777c5c5f7170da5"
"gita.1.10","1","10","Sanjaya","अपर्याप्तं तदस्माकं बलं भीष्माभिरक्षितम्।
पर्याप्तं त्विदमेतेषां बलं भीमाभिरक्षितम् ॥","aparyāptaṃ tadasmākaṃ balaṃ bhīṣmābhirakṣitam
paryāptaṃ tvidameteṣāṃ balaṃ bhīmābhirakṣitam","Thus our army which is protected by Bhīṣma is unlimited","machine-aligned; two human reviews pending","6ac58488737679d3f7d69e4f85a50234b2f0f416f2246581241a89270632a06a"
"gita.1.11","1","11","Sanjaya","अयनेषु च सर्वेषु यथाभागमवस्थिताः।
भीष्ममेवाभिरक्षन्तु भवन्तः सर्व एव हि ॥","ayaneṣu ca sarveṣu yathābhāgamavasthitāḥ
bhīṣmamevābhirakṣantu bhavantaḥ sarva eva hi","while this army of theirs which is protected by Bhīma is very limited. And therefore do ye all, occupying respectively the positions assigned to you, protect Bhīṣma only.'","machine-aligned; two human reviews pending","30ce300c473d3f45a5566994bd3108d70dc569c3b8471eee7d4f456b919134cd"
"gita.1.12","1","12","Sanjaya","तस्य सञ्जनयन्हर्षं कुरुवृद्धः पितामहः।
सिंहनादं विनद्योच्चैः शङ्खं दध्मौ प्रतापवान् ॥","tasya sañjanayanharṣaṃ kuruvṛddhaḥ pitāmahaḥ
siṃhanādaṃ vinadyoccaiḥ śaṅkhaṃ dadhmau pratāpavān","Then his powerful grandsire Bhīṣma the oldest of the Kauravas roaring aloud like a lion blew his conch, (thereby) affording delight to Duryodhana. And then all at once","machine-aligned; two human reviews pending","fc6c08b3da959b531879fb06647fee3b32f6b2ec9c6ecb43dd63a86a39090104"
"gita.1.13","1","13","Sanjaya","ततः शङ्खाश्च भेर्यश्च पणवानकगोमुखाः।
सहसैवाभ्यहन्यन्त स शब्दस्तुमुलोऽभवत् ॥","tataḥ śaṅkhāśca bheryaśca paṇavānakagomukhāḥ
sahasaivābhyahanyanta sa śabdastumulo.abhavat","conchs and kettledrums and tabors","machine-aligned; two human reviews pending","32b59761501db37920e7556214a947b962456b56298111cb54085dd2791aecce"
"gita.1.14","1","14","Sanjaya","ततः श्वेतैर्हयैर्युक्ते महति स्यन्दने स्थितौ।
माधवः पाण्डवश्चैव दिव्यौ शङ्खौ प्रदध्मतुः ॥","tataḥ śvetairhayairyukte mahati syandane sthitau
mādhavaḥ pāṇḍavaścaiva divyau śaṅkhau pradadhmatuḥ","and trumpets were played upon and there was a tumultuous din. Then, too, Mādhava and the son of Pāṇḍu (Arjuna), seated in a grand chariot to which white steeds were yoked, blew their heavenly conchs.","machine-aligned; two human reviews pending","77f747d60af1a4354f8eaf86db77fe8256faa0d5808deeb8aff89fdd28dabd6b"
"gita.1.15","1","15","Sanjaya","पाञ्चजन्यं हृषीकेशो देवदत्तं धनञ्जयः।
पौण्ड्रं दध्मौ महाशङ्खं भीमकर्मा वृकोदरः ॥","pāñcajanyaṃ hṛṣīkeśo devadattaṃ dhanañjayaḥ
pauṇḍraṃ dadhmau mahāśaṅkhaṃ bhīmakarmā vṛkodaraḥ","Hṛṣīkeśa blew the Pāñcajanya, and Dhanañjaya the Devadatta, and Bhīma, (the doer) of fearful deeds, blew the great conch Pauṇḍra . King Yudhiṣṭhira","machine-aligned; two human reviews pending","d4117ba187b38e9378c0976912590198d680f2af05039fb0c6219be15a9e4792"
"gita.1.16","1","16","Sanjaya","अनन्तविजयं राजा कुन्तीपुत्रो युधिष्ठिरः।
नकुलः सहदेवश्च सुघोषमणिपुष्पकौ ॥","anantavijayaṃ rājā kuntīputro yudhiṣṭhiraḥ
nakulaḥ sahadevaśca sughoṣamaṇipuṣpakau","the son of Kuntī blew the Anantavijaya and Nakula and Sahadeva (respectively) the Sughoṣa and Maṇipuṣpaka. And the king of Kāśī too who has an excellent bow and Sikhaṇḍin the master of a great car and Dhṛṣṭadyumna","machine-aligned; two human reviews pending","131f7589dbceb3a0dd25657fe5fffff9c7ef7b256885078723d10431254c9044"
"gita.1.17","1","17","Sanjaya","काश्यश्च परमेष्वासः शिखण्डी च महारथः।
धृष्टद्युम्नो विराटश्च सात्यकिश्चापराजितः ॥","kāśyaśca parameṣvāsaḥ śikhaṇḍī ca mahārathaḥ
dhṛṣṭadyumno virāṭaśca sātyakiścāparājitaḥ","Virāṭa","machine-aligned; two human reviews pending","65145db80e9a32ab70c41fe2a8c52886d9eb49caf3b299d76658ba7155bd2827"
"gita.1.18","1","18","Sanjaya","द्रुपदो द्रौपदेयाश्च सर्वशः पृथिवीपते।
सौभद्रश्च महाबाहुः शङ्खान्दध्मुः पृथक्पृथक् ॥","drupado draupadeyāśca sarvaśaḥ pṛthivīpate
saubhadraśca mahābāhuḥ śaṅkhāndadhmuḥ pṛthakpṛthak","and the unconquered Sātyaki and Drupada and the sons of Draupadī and the son of Subhadrā of mighty arms blew conchs severally from all sides","machine-aligned; two human reviews pending","3f8ccebdde35c81d0286a674fc7a83b7afdf56224d9ad00c4088e6a1014b0150"
"gita.1.19","1","19","Sanjaya","स घोषो धार्तराष्ट्राणां हृदयानि व्यदारयत्।
नभश्च पृथिवीं चैव तुमुलोऽभ्यनुनादयन् (or लोव्यनु) ॥","sa ghoṣo dhārtarāṣṭrāṇāṃ hṛdayāni vyadārayat
nabhaśca pṛthivīṃ caiva tumulo.abhyanunādayan (lo vyanu)","O king of the earth! That tumultuous din rent the hearts of all (the people) of Dhṛtarāṣṭra's (party)","machine-aligned; two human reviews pending","f46b58ef0ea055e06826639c5c6d47202af95b4b7aa49f22d6afb4a2042224d8"
"gita.1.20","1","20","Sanjaya","अथ व्यवस्थितान्दृष्ट्वा धार्तराष्ट्रान् कपिध्वजः।
प्रवृत्ते शस्त्रसम्पाते धनुरुद्यम्य पाण्डवः।
हृषीकेशं तदा वाक्यमिदमाह महीपते ॥","atha vyavasthitāndṛṣṭvā dhārtarāṣṭrān kapidhvajaḥ
pravṛtte śastrasampāte dhanurudyamya pāṇḍavaḥ","causing reverberations throughout heaven and earth. Then seeing (the people of ) Dhṛtarāṣṭra's party regularly marshalled the son of Pāṇḍu whose standard is the ape raised his bow after the discharge of missiles had commenced","machine-aligned; two human reviews pending","c6bf6bb25c6c65b924ca3f741b36e0d51fd12b151fa26615f65f7b9b77b85759"
"gita.1.21","1","21","Arjuna","अर्जुन उवाच।
सेनयोरुभयोर्मध्ये रथं स्थापय मेऽच्युत ॥","hṛṣīkeśaṃ tadā vākyamidamāha mahīpate
arjuna uvāca
senayorubhayormadhye rathaṃ sthāpaya me.acyuta","and O king of the earth! spake these words to Hṛṣīkeśa: 'O undegraded one! station my chariot between the two armies while I observe those who stand here desirous to engage in battle and with whom in the labours of this struggle I must do battle. I will observe those who are assembled here and who are about to engage in battle, wishing to do service in battle to the evil-minded son of Dhṛtarāṣṭra.' Thus addressed by Guḍākeśa, O descendant of Bharata!","machine-aligned; two human reviews pending","1c275c55df7e9fc13937167acae4c9cb2047163252f800c4a4b007547aa159e8"
"gita.1.22","1","22","Arjuna","यावदेतान्निरीक्षेऽहं योद्धुकामानवस्थितान्।
कैर्मया सह योद्धव्यमस्मिन् रणसमुद्यमे ॥","yāvadetānnirikṣe.ahaṃ yoddhukāmānavasthitān
kairmayā saha yoddhavyamasmin raṇasamudyame","Hṛṣīkeśa stationed that excellent chariot between the two armies in front of Bhīṣma and Droṇa and of all the kings of the earth","machine-aligned; two human reviews pending","3a5b8b66a6abed3ce7fd207aa5be451a84aa7b4f412eb9c415cd6d37d2748e03"
"gita.1.23","1","23","Arjuna","योत्स्यमानानवेक्षेऽहं य एतेऽत्र समागताः।
धार्तराष्ट्रस्य दुर्बुद्धेर्युद्धे प्रियचिकीर्षवः ॥","yotsyamānānavekṣe.ahaṃ ya ete.atra samāgatāḥ
dhārtarāṣṭrasya durbuddheryuddhe priyacikīrṣavaḥ","and said O son of Pṛthā! look at these assembled Kauravas.'","machine-aligned; two human reviews pending","3bbd19286213f7afac007a85dec4750b868feec8f9b7a6be59d270298f744fb7"
"gita.1.24","1","24","Sanjaya","सञ्जय उवाच।
एवमुक्तो हृषीकेशो गुडाकेशेन भारत।
सेनयोरुभयोर्मध्ये स्थापयित्वा रथोत्तमम् ॥","sañjaya uvāca
evamukto hṛṣīkeśo guḍākeśena bhārata
senayorubhayormadhye sthāpayitvā rathottamam","There the son of Pṛthā saw in both armies fathers and grandfathers preceptors maternal uncles brothers","machine-aligned; two human reviews pending","7d52e0054f19b198dd4e4015541831a19b9b4ec37568a3307ed74e16a6a4adbe"
"gita.1.25","1","25","Sanjaya","भीष्मद्रोणप्रमुखतः सर्वेषां च महीक्षिताम्।
उवाच पार्थ पश्यैतान्समवेतान्कुरूनिति ॥","bhīṣmadroṇapramukhataḥ sarveṣāṃ ca mahīkṣitām
uvāca pārtha paśyaitānsamavetānkurūniti","sons","machine-aligned; two human reviews pending","aa2a754a620b52b6630101f07817bc06ca59a35c429ce9f2a9ad745df7f68757"
"gita.1.26","1","26","Sanjaya","तत्रापश्यत्स्थितान्पार्थः पितॄनथ पितामहान्।
आचार्यान्मातुलान्भ्रातॄन्पुत्रान्पौत्रान्सखींस्तथा ॥","tatrāpaśyatsthitānpārthaḥ pitṝnatha pitāmahān
ācāryānmātulānbhrātṛnputrānpautrānsakhīṃstathā","grandsons","machine-aligned; two human reviews pending","00cff8ebe13f179bd533c5f12459c59a5fba6b2a11367537ece10f30215532c0"
"gita.1.27","1","27","Sanjaya","श्वशुरान्सुहृदश्चैव सेनयोरुभयोरपि।
तान्समीक्ष्य स कौन्तेयः सर्वान्बन्धूनवस्थितान् ॥","śvaśurānsuhṛdaścaiva senayorubhayorapi
tānsamīkṣya sa kaunteyaḥ sarvānbandhūnavasthitān","companions fathers-in-law as well as friends. And seeing all those kinsmen standing (there) the son of Kuntī was overcome by excessive pity","machine-aligned; two human reviews pending","43c5b1859dba2e143e7403206980d774e9325ed20439a4825e75e90ebdc3cfe2"
"gita.1.28","1","28","Arjuna","कृपया परयाविष्टो विषीदन्निदमब्रवीत्।
अर्जुन उवाच।
दृष्ट्वेमं स्वजनं कृष्ण युयुत्सुं समुपस्थितम् ॥","kṛpayā parayāviṣṭo viṣīdannidamabravīt
arjuna uvāca
dṛṣṭvemaṃ svajanaṃ kṛṣṇa yuyutsuṃ samupasthitam","and spake thus despondingly. Seeing these kinsmen, O Kṛṣṇa ! standing (here) desirous to engage in battle, my limbs droop down my mouth is quite dried up a tremor comes on my body","machine-aligned; two human reviews pending","631e9cd06fe0afbd10cc7d2684ed98b855c382922c4a03bf9868365d5329acca"
"gita.1.29","1","29","Arjuna","सीदन्ति मम गात्राणि मुखं च परिशुष्यति।
वेपथुश्च शरीरे मे रोमहर्षश्च जायते ॥","sīdanti mama gātrāṇi mukhaṃ ca pariśuṣyati
vepathuśca śarīre me romaharṣaśca jāyate","and my hairs stand on end","machine-aligned; two human reviews pending","168c8ed1e1f915e2f28d1620cf3ce806678826667161bb63f05fb91e352f9716"
"gita.1.30","1","30","Arjuna","गाण्डीवं स्रंसते हस्तात्त्वक्चैव परिदह्यते।
न च शक्नोम्यवस्थातुं भ्रमतीव च मे मनः ॥","gāṇḍīvaṃ sraṃsate hastāttvakcaiva paridahyate
na ca śaknomyavasthātuṃ bhramatīva ca me manaḥ","the Gāṇḍīva (bow) slips from my hand my skin burns intensely. I am unable, too, to stand up my mind whirls round, as it were","machine-aligned; two human reviews pending","1f86927e460f46936ba4b220384b809bf192c6d369617bd29bd23d341cc6e1cc"
"gita.1.31","1","31","Arjuna","निमित्तानि च पश्यामि विपरीतानि केशव।
न च श्रेयोऽनुपश्यामि हत्वा स्वजनमाहवे ॥","nimittāni ca paśyāmi viparītāni keśava
na ca śreyo.anupaśyāmi hatvā svajanamāhave","O Keśava! I see adverse omens and I do not perceive any good (to accrue) after killing (my) kinsmen in the battle.","machine-aligned; two human reviews pending","104ede7b814ebd2f28622fbd3ad43c2a78d4a981693a20f9045fd0d41e8158d7"
"gita.1.32","1","32","Arjuna","न काङ्क्षे विजयं कृष्ण न च राज्यं सुखानि च।
किं नो राज्येन गोविन्द किं भोगैर्जीवितेन वा ॥","na kāṅkṣe vijayaṃ kṛṣṇa na ca rājyaṃ sukhāni ca
kiṃ no rājyena govinda kiṃ bhogairjīvitena vā","I do not wish for victory, O Kṛṣṇa! nor sovereignty, nor pleasures: what is sovereignty to us, O Govinda ! what enjoyments, and even life? Even those","machine-aligned; two human reviews pending","963d7d9b9a929022832b57f943891ccc8b8c3059840457ba372c82d904884c74"
"gita.1.33","1","33","Arjuna","येषामर्थे काङ्क्षितं नो राज्यं भोगाः सुखानि च।
त इमेऽवस्थिता युद्धे प्राणांस्त्यक्त्वा धनानि च ॥","yeṣāmarthe kāṅkṣitaṃ no rājyaṃ bhogāḥ sukhāni ca
ta ime.avasthitā yuddhe prāṇāṃstyaktvā dhanāni ca","for whose sake we desire sovereignty enjoyments and pleasures are standing here for battle abandoning life and wealth-preceptors fathers","machine-aligned; two human reviews pending","d1f1759b6036d69e5c4495f6718ce86d9eec31bda97fca9baa06f32ced8cf26f"
"gita.1.34","1","34","Arjuna","आचार्याः पितरः पुत्रास्तथैव च पितामहाः।
मातुलाः श्वशुराः पौत्राः श्यालाः सम्बन्धिनस्तथा ॥","ācāryāḥ pitaraḥ putrāstathaiva ca pitāmahāḥ
mātulāḥ śvaśurāḥ pautrāḥ śyālāḥ sambandhinastathā","sons as well as grandfathers maternal uncles fathers-in-law grandsons brothers-in-law as also (other) relatives.","machine-aligned; two human reviews pending","ca3651111a153b7e632aefb63fe32513a59693981663924bf2eb1be16b492435"
"gita.1.35","1","35","Arjuna","एतान्न हन्तुमिच्छामि घ्नतोऽपि मधुसूदन।
अपि त्रैलोक्यराज्यस्य हेतोः किं नु महीकृते ॥","etānna hantumicchāmi ghnato.api madhusūdana
api trailokyarājyasya hetoḥ kiṃ nu mahīkṛte","These I do not wish to kill though they kill (me) O destroyer of Madhu! even for the sake of sovereignty over the three worlds how much less then for this earth (alone)?","machine-aligned; two human reviews pending","03a75729b1869176dc106d33a2acb82f4393c9cf333062dc6fbb43904c58a2f8"
"gita.1.36","1","36","Arjuna","निहत्य धार्तराष्ट्रान्नः का प्रीतिः स्याज्जनार्दन।
पापमेवाश्रयेदस्मान्हत्वैतानाततायिनः ॥","nihatya dhārtarāṣṭrānnaḥ kā prītiḥ syājjanārdana
pāpamevāśrayedasmānhatvaitānātatāyinaḥ","What joy shall be ours, O Janārdana ! after killing Dhṛtarāṣṭra's sons? Killing these felons we shall only incur sin.","machine-aligned; two human reviews pending","16b0afe20a039ca0b95c181c3a16f07391b52f5ed8ddd258ff888eddd321bee6"
"gita.1.37","1","37","Arjuna","तस्मान्नार्हा वयं हन्तुं धार्तराष्ट्रान्स्वबान्धवान्।
स्वजनं हि कथं हत्वा सुखिनः स्याम माधव ॥","tasmānnārhā vayaṃ hantuṃ dhārtarāṣṭrānsvabāndhavān
svajanaṃ hi kathaṃ hatvā sukhinaḥ syāma mādhava","Therefore it is not proper for us to kill our own kinsmen the sons of Dhṛtarāṣṭra. For how O Mādhava! shall we be happy after killing our own relatives?","machine-aligned; two human reviews pending","8970fc531ca2dcf4cc08b08f8f4b64f018b9b81047cd66e96bbf71ec1229eedc"
"gita.1.38","1","38","Arjuna","यद्यप्येते न पश्यन्ति लोभोपहतचेतसः।
कुलक्षयकृतं दोषं मित्रद्रोहे च पातकम् ॥","yadyapyete na paśyanti lobhopahatacetasaḥ
kulakṣayakṛtaṃ doṣaṃ mitradrohe ca pātakam","Although having their consciences corrupted by avarice they do not see the evils flowing from the extinction of a family and the sin in treachery to friends still","machine-aligned; two human reviews pending","097efc683c1e8feb733f06f3477d782fafc3e9cf4786d0618f29d84111418a1d"
"gita.1.39","1","39","Arjuna","कथं न ज्ञेयमस्माभिः पापादस्मान्निवर्तितुम्।
कुलक्षयकृतं दोषं प्रपश्यद्भिर्जनार्दन ॥","kathaṃ na jñeyamasmābhiḥ pāpādasmānnivartitum
kulakṣayakṛtaṃ doṣaṃ prapaśyadbhirjanārdana","O Ganārdana! should not we","machine-aligned; two human reviews pending","14298a6ae6e49ed7a3e0b1738eee86711ccd0105802fa3151b920a3d0f642032"
"gita.1.40","1","40","Arjuna","कुलक्षये प्रणश्यन्ति कुलधर्माः सनातनाः।
धर्मे नष्टे कुलं कृत्स्नमधर्मोऽभिभवत्युत ॥","kulakṣaye praṇaśyanti kuladharmāḥ sanātanāḥ
dharme naṣṭe kulaṃ kṛtsnamadharmo.abhibhavatyuta","who do see the evils flowing from the extinction of a family learn to refrain from that sin? On the extinction of a family","machine-aligned; two human reviews pending","e3b8c7531a69ba905a918b3690bc172353f9bd0db35aabb4bf69685b97efcf00"
"gita.1.41","1","41","Arjuna","अधर्माभिभवात्कृष्ण प्रदुष्यन्ति कुलस्त्रियः।
स्त्रीषु दुष्टासु वार्ष्णेय जायते वर्णसङ्करः ॥","adharmābhibhavātkṛṣṇa praduṣyanti kulastriyaḥ
strīṣu duṣṭāsu vārṣṇeya jāyate varṇasaṅkaraḥ","the eternal rites of families are destroyed. Those rites being destroyed, impiety predominates over the whole family. In consequence of the predominance of impiety, O Kṛṣṇa! the women of the family become corrupt and the women becoming corrupt, O descendant of Vṛṣṇi! intermingling of castes results","machine-aligned; two human reviews pending","09487c4900e732b508665f935c37604b5be6978bf6971de69d5a1fa12271b711"
"gita.1.42","1","42","Arjuna","सङ्करो नरकायैव कुलघ्नानां कुलस्य च।
पतन्ति पितरो ह्येषां लुप्तपिण्डोदकक्रियाः ॥","saṅkaro narakāyaiva kulaghnānāṃ kulasya ca
patanti pitaro hyeṣāṃ luptapiṇḍodakakriyāḥ","that intermingling necessarily leads the family and the destroyers of the family to hell for when the ceremonies of (offering) the balls of food and water (to them) fail, their ancestors fall down (to hell). By these transgressions of the destroyers of families which occasion interminglings of castes","machine-aligned; two human reviews pending","09a669263e0b114b27dc6c7fc4391586aff04dcdeb3319cd9a4a4ce4d41df2c8"
"gita.1.43","1","43","Arjuna","दोषैरेतैः कुलघ्नानां वर्णसङ्करकारकैः।
उत्साद्यन्ते जातिधर्माः कुलधर्माश्च शाश्वताः ॥","doṣairetaiḥ kulaghnānāṃ varṇasaṅkarakārakaiḥ
utsādyante jātidharmāḥ kuladharmāśca śāśvatāḥ","the eternal rites of castes and rites","machine-aligned; two human reviews pending","87c48aedc72f048ed7e823d35c89836c58c0ebdf2910d791176adba0bd7d5244"
"gita.1.44","1","44","Arjuna","उत्सन्नकुलधर्माणां मनुष्याणां जनार्दन।
नरके नियतं वासो भवतीत्यनुशुश्रुम (or नरकेऽनियतं) ॥","utsannakuladharmāṇāṃ manuṣyāṇāṃ janārdana
narake niyataṃ vāso bhavatītyanuśuśruma","of families are subverted. And O Janārdana! we have heard that men whose family-rites are subverted","machine-aligned; two human reviews pending","5943fd214c694285822cbb5ab6e27f7d88fabe53098712c6658ab17df3cb236b"
"gita.1.45","1","45","Arjuna","अहो बत महत्पापं कर्तुं व्यवसिता वयम्।
यद्राज्यसुखलोभेन हन्तुं स्वजनमुद्यताः ॥","aho bata mahatpāpaṃ kartuṃ vyavasitā vayam
yadrājyasukhalobhena hantuṃ svajanamudyatāḥ","must necessarily live in hell. Alas! we are engaged in committing a heinous sin, seeing that we are making efforts for killing our own kinsmen out of greed of the pleasures of sovereignty.","machine-aligned; two human reviews pending","f301d7168e5157efaf1fffe7eb269d973ca13ad328edf8de36361edd67382ee1"
"gita.1.46","1","46","Arjuna","यदि मामप्रतीकारमशस्त्रं शस्त्रपाणयः।
धार्तराष्ट्रा रणे हन्युस्तन्मे क्षेमतरं भवेत् ॥","yadi māmapratīkāramaśastraṃ śastrapāṇayaḥ
dhārtarāṣṭrā raṇe hanyustanme kṣemataraṃ bhavet","If the sons of Dhṛtarāṣṭra, weapon in hand, should kill me in battle, me weaponless and not defending (myself), that would be better for me.","machine-aligned; two human reviews pending","e5b186a3cf91283969da69593e6695a852a9ff133775487d26c2cc3b7eb3b22c"
"gita.1.47","1","47","Sanjaya","सञ्जय उवाच।
एवमुक्त्वार्जुनः सङ्ख्ये रथोपस्थ उपाविशत्।
विसृज्य सशरं चापं शोकसंविग्नमानसः ॥","sañjaya uvāca
evamuktvārjunaḥ saṅkhye rathopastha upāviśat
visṛjya saśaraṃ cāpaṃ śokasaṃvignamānasaḥ","Having spoken thus, Arjuna cast aside his bow together with the arrows, on the battle-field, and sat down in (his) chariot, with a mind agitated by grief.","machine-aligned; two human reviews pending","ccec99b95cf2c03575db436cb346b1cdafd28a6ce7921090214dc41faf0f5993"
"gita.2.1","2","1","Sanjaya","सञ्जय उवाच।
तं तथा कृपयाविष्टमश्रुपूर्णाकुलेक्षणम्।
विषीदन्तमिदं वाक्यमुवाच मधुसूदनः ॥","sañjaya uvāca
taṃ tathā kṛpayāviṣṭamaśrupūrṇākulekṣaṇam
viṣīdantamidaṃ vākyamuvāca madhusūdanaḥ","To him, who was thus overcome with pity, and dejected, and whose eyes were full of tears and turbid, the destroyer of Madhu spoke these words. How (comes it that) this delusion O Arjuna ! which is discarded by the good","machine-aligned; two human reviews pending","740c1b88b92982b1a2545d8d5501366e06a0b988a9ee3eac0400427e9bc3c119"
"gita.2.2","2","2","Krishna","श्रीभगवानुवाच।
कुतस्त्वा कश्मलमिदं विषमे समुपस्थितम्।
अनार्यजुष्टमस्वर्ग्यमकीर्तिकरमर्जुन ॥","śrībhagavānuvāca
kutastvā kaśmalamidaṃ viṣame samupasthitam
anāryajuṣṭamasvargyamakīrtikaramarjuna","which excludes from heaven","machine-aligned; two human reviews pending","29fe7b3fae6f6a2a1e5994ff5095c0a375312a18e45c8983200a02ea1d73dca5"
"gita.2.3","2","3","Krishna","क्लैब्यं मा स्म गमः पार्थ नैतत्त्वय्युपपद्यते।
क्षुद्रं हृदयदौर्बल्यं त्यक्त्वोत्तिष्ठ परन्तप ॥","klaibyaṃ mā sma gamaḥ pārtha naitattvayyupapadyate
kṣudraṃ hṛdayadaurbalyaṃ tyaktvottiṣṭha parantapa","and occasions infamy has overtaken you in this (place of) peril? Be not effeminate, O son of Pṛthā! it is not worthy of you. Cast off this base weakness of heart, and arise, O terror of (your) foes!","machine-aligned; two human reviews pending","88e2bb3e78b342044347ee29f2cd535ce79c1c1ebc95eb17c0215585494d9b53"
"gita.2.4","2","4","Arjuna","अर्जुन उवाच।
कथं भीष्ममहं सङ्ख्ये द्रोणं च मधुसूदन।
इषुभिः प्रतियोत्स्यामि पूजार्हावरिसूदन ॥","arjuna uvāca
kathaṃ bhīṣmamahaṃ saṅkhye droṇaṃ ca madhusūdana
iṣubhiḥ pratiyotsyāmi pūjārhāvarisūdana","How, O destroyer of Madhu! shall I encounter with arrows in the battle Bhīṣma and Droṇa —both, O destroyer of enemies! entitled to reverence?","machine-aligned; two human reviews pending","859307bb699afafa1a68a8444f74b7d8491141c908bea164959d9c5d508c807f"
"gita.2.5","2","5","Arjuna","गुरूनहत्वा हि महानुभावान्
श्रेयो भोक्तुं भैक्ष्यमपीह लोके।
हत्वार्थकामांस्तु गुरूनिहैव
भुञ्जीय भोगान् रुधिरप्रदिग्धान् ॥","gurūnahatvā hi mahānubhāvān śreyo bhoktuṃ bhaikṣyamapīha loke
hatvārthakāmāṃstu gurūnihaiva bhuñjīya bhogān rudhirapradigdhān","Not killing (my) preceptors—(men) of great glory—it is better to live even on alms in this world. But killing them though they are avaricious of worldly goods I should only enjoy blood-tainted enjoyments. Nor do we know which of the two is better for us-whether that we should vanquish them","machine-aligned; two human reviews pending","493aaa13f37901cd3538b78b8903a7bfca562ca152f717b4eb4f78faaba37d26"
"gita.2.6","2","6","Arjuna","न चैतद्विद्मः कतरन्नो गरीयो
यद्वा जयेम यदि वा नो जयेयुः।
यानेव हत्वा न जिजीविषामस्-
तेऽवस्थिताः प्रमुखे धार्तराष्ट्राः ॥","na caitadvidmaḥ kataranno garīyo yadvā jayema yadi vā no jayeyuḥ
yāneva hatvā na jijīviṣāmaḥ te.avasthitāḥ pramukhe dhārtarāṣṭrāḥ","or that they should vanquish us. Even those","machine-aligned; two human reviews pending","4ccac89bdd046b2805f42e071743ff009e8e3db6f07d1bc36ba46ca80f7d7e80"
"gita.2.7","2","7","Arjuna","कार्पण्यदोषोपहतस्वभावः
पृच्छामि त्वां धर्मसम्मूढचेताः।
यच्छ्रेयः स्यान्निश्चितं ब्रूहि तन्मे
शिष्यस्तेऽहं शाधि मां त्वां प्रपन्नम् ॥","kārpaṇyadoṣopahatasvabhāvaḥ pṛcchāmi tvāṃ dharmasammūḍhacetāḥ
yacchreyaḥ syānniścitaṃ brūhi tanme śiṣyaste.ahaṃ śādhi māṃ tvāṃ prapannam","whom having killed we do not wish to live—even those sons of Dhṛtarāṣṭra stand (arrayed) against us. With a heart contaminated by the taint of helplessness with a mind confounded about my duty I ask you. Tell me what is assuredly good for me. I am your disciple instruct me","machine-aligned; two human reviews pending","610c909d8cbab0f0744774c5317a33cd94ca881d45f57d1bec5f189b2c7799b2"
"gita.2.8","2","8","Arjuna","न हि प्रपश्यामि ममापनुद्याद्
यच्छोकमुच्छोषणमिन्द्रियाणाम्।
अवाप्य भूमावसपत्नमृद्धं
राज्यं सुराणामपि चाधिपत्यम् ॥","na hi prapaśyāmi mamāpanudyād yacchokamucchoṣaṇamindriyāṇām
avāpya bhūmāvasapatnamṛddhaṃ rājyaṃ surāṇāmapi cādhipatyam","who have thrown myself on your (indulgence). For I do not perceive what is to dispel that grief which will dry up my organs after I shall have obtained a prosperous kingdom on earth without a foe or even the sovereignty of the gods.","machine-aligned; two human reviews pending","7413aed29590f00edc137f40ac84731ca425a76ea24211181a0d987be2a26f07"
"gita.2.9","2","9","Sanjaya","सञ्जय उवाच।
एवमुक्त्वा हृषीकेशं गुडाकेशः परन्तप।
न योत्स्य इति गोविन्दमुक्त्वा तूष्णीं बभूव ह ॥","sañjaya uvāca
evamuktvā hṛṣīkeśaṃ guḍākeśaḥ parantapaḥ
na yotsya iti govindamuktvā tūṣṇīṃ babhūva ha","Having spoken thus to Hriṣīkesa, O terror of (your) foes! Guḍākeśa said to Govinda , 'I shall not engage in battle;' and verily remained silent. To him thus desponding between the two armies, O descendant of Bharata!","machine-aligned; two human reviews pending","ffb4f3f0cee0e8ee47552acecdbf2246901fc46c0814f17a6f3305251277205c"
"gita.2.10","2","10","Sanjaya","तमुवाच हृषीकेशः प्रहसन्निव भारत।
सेनयोरुभयोर्मध्ये विषीदन्तमिदं वचः ॥","tamuvāca hṛṣīkeśaḥ prahasanniva bhārata
senayorubhayormadhye viṣīdantamidaṃ vacaḥ","Hṛṣīkesa spoke these words with a slight smile.","machine-aligned; two human reviews pending","1cfbf7353b19273666bf47f8dee9fae53cdf63c7225942fb2bed17a0dbb06281"
"gita.2.11","2","11","Krishna","श्रीभगवानुवाच।
अशोच्यानन्वशोचस्त्वं प्रज्ञावादांश्च भाषसे।
गतासूनगतासूंश्च नानुशोचन्ति पण्डिताः ॥","śrībhagavānuvāca
aśocyānanvaśocastvaṃ prajñāvādāṃśca bhāṣase
gatāsūnagatāsūṃśca nānuśocanti paṇḍitāḥ","You have grieved for those who deserve no grief, and you talk words of wisdom. Learned men grieve not for the living nor the dead. Never did I not exist, nor you, nor these rulers of men","machine-aligned; two human reviews pending","d35b8dfbfdacd61861ac31c37f97c79a9d4b014909d6cc56984d3d69cd0ba611"
"gita.2.12","2","12","Krishna","न त्वेवाहं जातु नासं न त्वं नेमे जनाधिपाः।
न चैव न भविष्यामः सर्वे वयमतः परम् ॥","na tvevāhaṃ jātu nāsaṃ na tvaṃ neme janādhipāḥ
na caiva na bhaviṣyāmaḥ sarve vayamataḥ param","nor will any one of us ever hereafter cease to be. As","machine-aligned; two human reviews pending","963ecfb13fcd8c761848d748622784601855f5140aa730482397ba63f12b332a"
"gita.2.13","2","13","Krishna","देहिनोऽस्मिन्यथा देहे कौमारं यौवनं जरा।
तथा देहान्तरप्राप्तिर्धीरस्तत्र न मुह्यति ॥","dehino.asminyathā dehe kaumāraṃ yauvanaṃ jarā
tathā dehāntaraprāptirdhīrastatra na muhyati","in this body infancy and youth and old age (come) to the embodied (self) so does the acquisition of another body a sensible man is not deceived about that The contacts of the senses","machine-aligned; two human reviews pending","d4708113f21afb6d1927b4b1fb64de4969cc0baa3d7331a152524ae2b6cc1d1d"
"gita.2.14","2","14","Krishna","मात्रास्पर्शास्तु कौन्तेय शीतोष्णसुखदुःखदाः।
आगमापायिनोऽनित्यास्तांस्तितिक्षस्व भारत ॥","mātrāsparśāstu kaunteya śītoṣṇasukhaduḥkhadāḥ
āgamāpāyino.anityāstāṃstitikṣasva bhārata","O son of Kuntī ! which produce cold and heat pleasure and pain are not permanent they are ever coming and going.","machine-aligned; two human reviews pending","873c726ac9a9b044a991552334109776e581006e13628b2e5bd2afc0977d6c5a"
"gita.2.15","2","15","Krishna","यं हि न व्यथयन्त्येते पुरुषं पुरुषर्षभ।
समदुःखसुखं धीरं सोऽमृतत्वाय कल्पते ॥","yaṃ hi na vyathayantyete puruṣaṃ puruṣarṣabha
samaduḥkhasukhaṃ dhīraṃ so.amṛtatvāya kalpate","Bear them, O descendant of Bharata! For, O chief of men! that sensible man whom they (pain and pleasure being alike to him) afflict not, he merits immortality.","machine-aligned; two human reviews pending","00a04533d1eacd9291bf18bd7a19c16ed18ca4d8457ba47651b20fc69ce7c48d"
"gita.2.16","2","16","Krishna","नासतो विद्यते भावो नाभावो विद्यते सतः।
उभयोरपि दृष्टोऽन्तस्त्वनयोस्तत्त्वदर्शिभिः ॥","nāsato vidyate bhāvo nābhāvo vidyate sataḥ
ubhayorapi dṛṣṭo.antastvanayostattvadarśibhiḥ","There is no existence for that which is unreal there is no non-existence for that which is real. And the (correct) conclusion about both is perceived by those who perceive the truth.","machine-aligned; two human reviews pending","a7cfad986553a4dbfbebf41f4a9371df929944f85d584827605c4d80696fe76d"
"gita.2.17","2","17","Krishna","अविनाशि तु तद्विद्धि येन सर्वमिदं ततम्।
विनाशमव्ययस्यास्य न कश्चित्कर्तुमर्हति ॥","avināśi tu tadviddhi yena sarvamidaṃ tatam
vināśamavyayasyāsya na kaścitkartumarhati","Know that to be indestructible which pervades all this the destruction of that inexhaustible (principle) none can bring about.","machine-aligned; two human reviews pending","1f32254b82daa5e5bf26c78c1991cf7ce860f7e179135733d213b779e44e6ee3"
"gita.2.18","2","18","Krishna","अन्तवन्त इमे देहा नित्यस्योक्ताः शरीरिणः।
अनाशिनोऽप्रमेयस्य तस्माद्युध्यस्व भारत ॥","antavanta ime dehā nityasyoktāḥ śarīriṇaḥ
anāśino.aprameyasya tasmādyudhyasva bhārata","These bodies appertaining to the embodied (self) which is eternal, indestructible, and indefinable, are said to be perishable therefore do engage in battle, O descendant of Bharata!","machine-aligned; two human reviews pending","5cdcbfe2b5e874880ff34599bb7e5404742cef78e7c69672aef24aaffe717fa8"
"gita.2.19","2","19","Krishna","य एनं वेत्ति हन्तारं यश्चैनं मन्यते हतम्।
उभौ तौ न विजानीतो नायं हन्ति न हन्यते ॥","ya enaṃ vetti hantāraṃ yaścainaṃ manyate hatam ubhau tau na vijānīto nāyaṃ hanti na hanyate","He who thinks it to be the killer and he who thinks it to be killed, both know nothing. It kills not, is not killed.","machine-aligned; two human reviews pending","e2ecb040951957cb3fb14ca4b327e085e2e084e3a4f2e94465c3b772d5e689ca"
"gita.2.20","2","20","Krishna","न जायते म्रियते वा कदाचिन्
नायं भूत्वा भविता वा न भूयः।
अजो नित्यः शाश्वतोऽयं पुराणो
न हन्यते हन्यमाने शरीरे ॥","na jāyate mriyate vā kadācin nāyaṃ bhūtvā bhavitā vā na bhūyaḥ
ajo nityaḥ śāśvato.ayaṃ purāṇo na hanyate hanyamāne śarīre","It is not born, nor does it ever die, nor, having existed, does it exist no more. Unborn, everlasting, unchangeable, and primeval, it is not killed when the body is killed. O son of Pṛthā! how can that man who knows it thus to be indestructible everlasting unborn","machine-aligned; two human reviews pending","dd4f537a8f07e098b83616f6b399efe9910c22e5f741631d82451bad7475b643"
"gita.2.21","2","21","Krishna","वेदाविनाशिनं नित्यं य एनमजमव्ययम्।
कथं स पुरुषः पार्थ कं घातयति हन्ति कम् ॥","vedāvināśinaṃ nityaṃ ya enamajamavyayam
kathaṃ sa puruṣaḥ pārtha kaṃ ghātayati hanti kam","and inexhaustible how and whom can he kill whom can he cause to be killed? As a man","machine-aligned; two human reviews pending","447e01aa0417d2385035eb1b3b9ba4bb6b38007153a39edef1b4345bc8224cf1"
"gita.2.22","2","22","Krishna","वासांसि जीर्णानि यथा विहाय
नवानि गृह्णाति नरोऽपराणि।
तथा शरीराणि विहाय जीर्णा-
न्यन्यानि संयाति नवानि देही ॥","vāsāṃsi jīrṇāni yathā vihāya navāni gṛhṇāti naro.aparāṇi
tathā śarīrāṇi vihāya jīrṇāni anyāni saṃyāti navāni dehī","casting off old clothes puts on others and new ones so the embodied (self) casting off old bodies goes to others and new ones.","machine-aligned; two human reviews pending","179160977a8cb9c592c04b71e10f66e526a2bf3e37e770622d13cbb9ff781881"
"gita.2.23","2","23","Krishna","नैनं छिन्दन्ति शस्त्राणि नैनं दहति पावकः।
न चैनं क्लेदयन्त्यापो न शोषयति मारुतः ॥","nainaṃ chindanti śastrāṇi nainaṃ dahati pāvakaḥ
na cainaṃ kledayantyāpo na śoṣayati mārutaḥ","Weapons do not divide it (into pieces) fire does not burn it, waters do not moisten it the wind does not dry it up. It is not divisible it is not combustible it is not to be moistened","machine-aligned; two human reviews pending","74c7ebb41f25c30e8dc2dcef9c5c8d19317fce5b1db446912cf2c7f094d586bb"
"gita.2.24","2","24","Krishna","अच्छेद्योऽयमदाह्योऽयमक्लेद्योऽशोष्य एव च।
नित्यः सर्वगतः स्थाणुरचलोऽयं सनातनः ॥","acchedyo.ayamadāhyo.ayamakledyo.aśoṣya eva ca
nityaḥ sarvagataḥ sthāṇuracalo.ayaṃ sanātanaḥ","it is not to be dried up. It is everlasting, all-pervading, stable, firm, and eternal.","machine-aligned; two human reviews pending","1ee6b5f707604cc33705f39534586dd865b281f3a2249c9934b2a884721990da"
"gita.2.25","2","25","Krishna","अव्यक्तोऽयमचिन्त्योऽयमविकार्योऽयमुच्यते।
तस्मादेवं विदित्वैनं नानुशोचितुमर्हसि ॥","avyakto.ayamacintyo.ayamavikāryo.ayamucyate
tasmādevaṃ viditvainaṃ nānuśocitumarhasi","It is said to be unperceived, to be unthinkable, to be unchangeable. Therefore knowing it to be such","machine-aligned; two human reviews pending","ea74ea0b907cdfaaf7c6fe7270fe3fad4b77335de893e250b5939fdcd506068d"
"gita.2.26","2","26","Krishna","अथ चैनं नित्यजातं नित्यं वा मन्यसे मृतम्।
तथापि त्वं महाबाहो नैवं शोचितुमर्हसि ॥","atha cainaṃ nityajātaṃ nityaṃ vā manyase mṛtam
tathāpi tvaṃ mahābāho naivaṃ śocitumarhasi","you ought not to grieve But even if you think that it is constantly born and constantly dies still O you of mighty arms! you ought not to grieve thus. For to one that is born","machine-aligned; two human reviews pending","76a81c338cc1df224bb00804ca286718baebd46f0abd5affa30b109f434d5e52"
"gita.2.27","2","27","Krishna","जातस्य हि ध्रुवो मृत्युर्ध्रुवं जन्म मृतस्य च।
तस्मादपरिहार्येऽर्थे न त्वं शोचितुमर्हसि ॥","jātasya hi dhruvo mṛtyurdhruvaṃ janma mṛtasya ca
tasmādaparihārye.arthe na tvaṃ śocitumarhasi","death is certain and to one that dies, birth is certain. Therefore about (this) unavoidable thing, you ought not to grieve. The source of things, O descendant of Bharata! is unperceived","machine-aligned; two human reviews pending","41d9741ac5053197bada45d57880323995d71be1c8c4ba6872f5de0bfd717e23"
"gita.2.28","2","28","Krishna","अव्यक्तादीनि भूतानि व्यक्तमध्यानि भारत।
अव्यक्तनिधनान्येव तत्र का परिदेवना ॥","avyaktādīni bhūtāni vyaktamadhyāni bhārata
avyaktanidhanānyeva tatra kā paridevanā","their middle state is perceived and their end again is unperceived. What (occasion is there for any) lamentation regarding them?","machine-aligned; two human reviews pending","63dbed3ad1e19e6f93ba50e9d0b6b4e58e2a7a31df71aa68b19ce9bcbd0901b2"
"gita.2.29","2","29","Krishna","आश्चर्यवत्पश्यति कश्चिदेन-
माश्चर्यवद्वदति तथैव चान्यः।
आश्चर्यवच्चैनमन्यः शृणोति
श्रुत्वाप्येनं वेद न चैव कश्चित् ॥","āścaryavatpaśyati kaścidenam āścaryavadvadati tathaiva cānyaḥ
āścaryavaccainamanyaḥ śṛṇoti śrutvāpyenaṃ veda na caiva kaścit","One looks upon it as a wonder another similarly speaks of it as a wonder another too hears of it as a wonder and even after having heard of it, no one does really know it.","machine-aligned; two human reviews pending","eb60fa5570c53a202f616a31657dc2a6735df9fe8b52614e1d5ffbeb7e3227c7"
"gita.2.30","2","30","Krishna","देही नित्यमवध्योऽयं देहे सर्वस्य भारत।
तस्मात्सर्वाणि भूतानि न त्वं शोचितुमर्हसि ॥","dehī nityamavadhyo.ayaṃ dehe sarvasya bhārata
tasmātsarvāṇi bhūtāni na tvaṃ śocitumarhasi","This embodied (self), O descendant of Bharata! within every one's body is ever indestructible. Therefore you ought not to grieve for any being.","machine-aligned; two human reviews pending","14c975d5eab672b5d7678e931e655cd881bd6379bb0d1ecf6eebcf45aed5a93b"
"gita.2.31","2","31","Krishna","स्वधर्ममपि चावेक्ष्य न विकम्पितुमर्हसि।
धर्म्याद्धि युद्धाच्छ्रेयोऽन्यत्क्षत्रियस्य न विद्यते ॥","svadharmamapi cāvekṣya na vikampitumarhasi
dharmyāddhi yuddhācchreyo.anyatkṣatriyasya na vidyate","Having regard to your own duty also, you ought not to falter, for there is nothing better for a Kṣatriya than a righteous battle.","machine-aligned; two human reviews pending","2a40a785bd9895e41b20f74ef0d45396a4030e3b84ba1ae41c6680e1788779fb"
"gita.2.32","2","32","Krishna","यदृच्छया चोपपन्नं स्वर्गद्वारमपावृतम्।
सुखिनः क्षत्रियाः पार्थ लभन्ते युद्धमीदृशम् ॥","yadṛcchayā copapannaṃ svargadvāramapāvṛtam
sukhinaḥ kṣatriyāḥ pārtha labhante yuddhamīdṛśam","Happy those Kṣatriyas O son of Pṛthā! who can find such a battle (to fight)—come of itself—an open door to heaven! But if you will not fight this righteous battle","machine-aligned; two human reviews pending","44ff4d3f72b07d5475f08360bf2bb3f41090222f4d036afe6171cafd737f5623"
"gita.2.33","2","33","Krishna","अथ चेत्त्वमिमं धर्म्यं संग्रामं न करिष्यसि।
ततः स्वधर्मं कीर्तिं च हित्वा पापमवाप्स्यसि ॥","atha cettvamimaṃ dharmyaṃ saṃgrāmaṃ na kariṣyasi
tataḥ svadharmaṃ kīrtiṃ ca hitvā pāpamavāpsyasi","then you will have abandoned your own duty and your fame and you will incur sin.","machine-aligned; two human reviews pending","db40c62c6babb3dbdc7688eeb47a04cae2cd1f7637717894dd802adb6aaf1dea"
"gita.2.34","2","34","Krishna","अकीर्तिं चापि भूतानि कथयिष्यन्ति तेऽव्ययाम्।
सम्भावितस्य चाकीर्तिर्मरणादतिरिच्यते ॥","akīrtiṃ cāpi bhūtāni kathayiṣyanti te.avyayām
sambhāvitasya cākīrtirmaraṇādatiricyate","All beings, too, will tell of your everlasting infamy and to one who has been honoured, infamy is (a) greater (evil) than death.","machine-aligned; two human reviews pending","f14830929eb6d00569b59c2cb1d98c5889d28fb96c2ed035515f0881607076fe"
"gita.2.35","2","35","Krishna","भयाद्रणादुपरतं मंस्यन्ते त्वां महारथाः।
येषां च त्वं बहुमतो भूत्वा यास्यसि लाघवम् ॥","bhayādraṇāduparataṃ maṃsyante tvāṃ mahārathāḥ
yeṣāṃ ca tvaṃ bahumato bhūtvā yāsyasi lāghavam","(Warriors who are) masters of great cars will think that you abstained from the battle through fear and having been highly thought of by them","machine-aligned; two human reviews pending","15babbad0407617c60e9bb6aeb8ec868b25e6560c3d8e2c4db802458acb248c7"
"gita.2.36","2","36","Krishna","अवाच्यवादांश्च बहून्वदिष्यन्ति तवाहिताः।
निन्दन्तस्तव सामर्थ्यं ततो दुःखतरं नु किम् ॥","avācyavādāṃśca bahūnvadiṣyanti tavāhitāḥ
nindantastava sāmarthyaṃ tato duḥkhataraṃ nu kim","you will fall down to littleness. Your enemies, too, decrying your power, will speak much about you that should not be spoken. And what, indeed, more lamentable than that?","machine-aligned; two human reviews pending","05d5d57f0be7b359b97b07ae8b5b3137cca28373ec78401df6ac6df9099d850c"
"gita.2.37","2","37","Krishna","हतो वा प्राप्स्यसि स्वर्गं जित्वा वा भोक्ष्यसे महीम्।
तस्मादुत्तिष्ठ कौन्तेय युद्धाय कृतनिश्चयः ॥","hato vā prāpsyasi svargaṃ jitvā vā bhokṣyase mahīm
tasmāduttiṣṭha kaunteya yuddhāya kṛtaniścayaḥ","Killed, you will obtain heaven victorious, you will enjoy the earth. Therefore arise, O son of Kuntī! resolved to (engage in) battle.","machine-aligned; two human reviews pending","d7e93516c24f80843035d6ad21e4866916f62ddd7b96cb5e284d37d4b8782098"
"gita.2.38","2","38","Krishna","सुखदुःखे समे कृत्वा लाभालाभौ जयाजयौ।
ततो युद्धाय युज्यस्व नैवं पापमवाप्स्यसि ॥","sukhaduḥkhe same kṛtvā lābhālābhau jayājayau
tato yuddhāya yujyasva naivaṃ pāpamavāpsyasi","Looking alike on pleasure and pain, on gain and loss, on victory and defeat, then prepare for battle, and thus you will not incur sin.","machine-aligned; two human reviews pending","94b93df3f1cfefcb02783c559b375d9f42c07928b1b5988a773edd7ddc74bf6f"
"gita.2.39","2","39","Krishna","एषा तेऽभिहिता साङ्ख्ये बुद्धिर्योगे त्विमां शृणु।
बुद्ध्या युक्तो यया पार्थ कर्मबन्धं प्रहास्यसि ॥","eṣā te.abhihitā sāṅkhye buddhiryoge tvimāṃ śṛṇu
buddhyā yukto yayā pārtha karmabandhaṃ prahāsyasi","The knowledge here declared to you is that relating to the Sāṅkhya,. Now hear that relating to the Yoga . Possessed of this knowledge, O son of Pṛthā! you will cast off the bonds of action. In this (path to final emancipation) nothing that is commenced becomes abortive","machine-aligned; two human reviews pending","2e78882ba21f93dcec11aae3b92153ac83c466e8303c7277d2af4900c7aad41c"
"gita.2.40","2","40","Krishna","नेहाभिक्रमनाशोऽस्ति प्रत्यवायो न विद्यते।
स्वल्पमप्यस्य धर्मस्य त्रायते महतो भयात् ॥","nehābhikramanāśo.asti pratyavāyo na vidyate
svalpamapyasya dharmasya trāyate mahato bhayāt","no obstacles exist and even a little of this (form of ) piety protects one from great danger.","machine-aligned; two human reviews pending","ddbec8037778b8cedcb4367ddf260e81ad9266744db99a49a6003fac76a283f5"
"gita.2.41","2","41","Krishna","व्यवसायात्मिका बुद्धिरेकेह कुरुनन्दन।
बहुशाखा ह्यनन्ताश्च बुद्धयोऽव्यवसायिनाम् ॥","vyavasāyātmikā buddhirekeha kurunandana
bahuśākhā hyanantāśca buddhayo.avyavasāyinām","There is here O descendant of Kuru ! but one state of mind consisting in firm understanding. But the states of mind of those who have no firm understanding are many-branched and endless. The state of mind consisting in firm understanding regarding steady contemplation does not belong to those O son of Pṛthā! who are strongly attached to (worldly) pleasures and power and whose minds are drawn away by that flowery talk which is full of (ordinances of) specific acts for the attainment of (those) pleasures and (that) power and which promises birth as the fruit of acts—(that flowery talk) which those unwise ones utter who are enamoured of Vedic words","machine-aligned; two human reviews pending","6c02ebc982e23d220044a24ed9d5e720019a9c429c8c542fd18866e67055e720"
"gita.2.42","2","42","Krishna","यामिमां पुष्पितां वाचं प्रवदन्त्यविपश्चितः।
वेदवादरताः पार्थ नान्यदस्तीति वादिनः ॥","yāmimāṃ puṣpitāṃ vācaṃ pravadantyavipaścitaḥ
vedavādaratāḥ pārtha nānyadastīti vādinaḥ","who say there is nothing else","machine-aligned; two human reviews pending","12bcacc5d7e0401841228981f944ed3afb8ed69d47b407b9e7d9b78110892096"
"gita.2.43","2","43","Krishna","कामात्मानः स्वर्गपरा जन्मकर्मफलप्रदाम्।
क्रियाविशेषबहुलां भोगैश्वर्यगतिं प्रति ॥","kāmātmānaḥ svargaparā janmakarmaphalapradām
kriyāviśeṣabahulāṃ bhogaiśvaryagatiṃ prati","who are full of desires and whose goal is heaven.","machine-aligned; two human reviews pending","e1780155e58676d363a8e6100abe3d5af6dd749ff6c347ff3ba9343974743bca"
"gita.2.44","2","44","Krishna","भोगैश्वर्यप्रसक्तानां तयापहृतचेतसाम्।
व्यवसायात्मिका बुद्धिः समाधौ न विधीयते ॥","bhogaiśvaryaprasaktānāṃ tayāpahṛtacetasām
vyavasāyātmikā buddhiḥ samādhau na vidhīyate","The Vedas (merely) relate to the effects of the three qualities","machine-aligned; two human reviews pending","ea7904b7fef2f9233f9402d62861ccab092ab6729469ad232695fc64fb3f8a41"
"gita.2.45","2","45","Krishna","त्रैगुण्यविषया वेदा निस्त्रैगुण्यो भवार्जुन।
निर्द्वन्द्वो नित्यसत्त्वस्थो निर्योगक्षेम आत्मवान् ॥","traiguṇyaviṣayā vedā nistraiguṇyo bhavārjuna
nirdvandvo nityasattvastho niryogakṣema ātmavān","do you O Arjuna! rise above those effects of the three qualities and be free from the pairs of opposites always preserve courage be free from anxiety for new acquisitions or protection of old acquisitions","machine-aligned; two human reviews pending","526c2bfa1cafacf9ddcd7359325c9cda5bfe181dae4aee7cadd95431d6ea7145"
"gita.2.46","2","46","Krishna","यावानर्थ उदपाने सर्वतः सम्प्लुतोदके।
तावान्सर्वेषु वेदेषु ब्राह्मणस्य विजानतः ॥","yāvānartha udapāne sarvataḥ samplutodake
tāvānsarveṣu vedeṣu brāhmaṇasya vijānataḥ","and be self-controlled. To the instructed Brāhmaṇa there is in all the Vedas as much utility as in a reservoir of water into which waters flow from all sides.","machine-aligned; two human reviews pending","616f81e908e83c86a055a1f8fa0a1b3bab7e469f15948f4573951c8753796e19"
"gita.2.47","2","47","Krishna","कर्मण्येवाधिकारस्ते मा फलेषु कदाचन।
मा कर्मफलहेतुर्भूर्मा ते सङ्गोऽस्त्वकर्मणि ॥","karmaṇyevādhikāraste mā phaleṣu kadācana
mā karmaphalaheturbhūrmā te saṅgo.astvakarmaṇi","Your business is with action alone not by any means with fruit. Let not the fruit of action be your motive (to action). Let not your attachment be (fixed) on inaction.","machine-aligned; two human reviews pending","532a9a9398f860961c45f3a7585e458f098ddc681c7954d10675184a5f554302"
"gita.2.48","2","48","Krishna","योगस्थः कुरु कर्माणि सङ्गं त्यक्त्वा धनञ्जय।
सिद्ध्यसिद्ध्योः समो भूत्वा समत्वं योग उच्यते ॥","yogasthaḥ kuru karmāṇi saṅgaṃ tyaktvā dhanañjaya
siddhyasiddhyoḥ samo bhūtvā samatvaṃ yoga ucyate","Having recourse to devotion, O Dhanañjaya ! perform actions, casting off (all) attachment, and being equable in success or ill-success (such) equability is called devotion.","machine-aligned; two human reviews pending","c27d61e6400be9c71425cc6b75def7ce762e16f2c2edc46302c1b5068839add3"
"gita.2.49","2","49","Krishna","दूरेण ह्यवरं कर्म बुद्धियोगाद्धनञ्जय।
बुद्धौ शरणमन्विच्छ कृपणाः फलहेतवः ॥","dūreṇa hyavaraṃ karma buddhiyogāddhanañjaya
buddhau śaraṇamanviccha kṛpaṇāḥ phalahetavaḥ","Action, O Dhanañjaya! is far inferior to the devotion of the mind. In that devotion seek shelter. Wretched are those whose motive (to action) is the fruit (of action).","machine-aligned; two human reviews pending","7d0edbf3a3bcb606e504b9b8b9996853455c122e32ee693142733067e3604124"
"gita.2.50","2","50","Krishna","बुद्धियुक्तो जहातीह उभे सुकृतदुष्कृते।
तस्माद्योगाय युज्यस्व योगः कर्मसु कौशलम् ॥","buddhiyukto jahātīha ubhe sukṛtaduṣkṛte
tasmādyogāya yujyasva yogaḥ karmasu kauśalam","He who has obtained devotion in this world casts off both merit and sin. Therefore apply yourself to devotion devotion in (all) actions is wisdom.","machine-aligned; two human reviews pending","9b8573314b8183428980160e753784ef087aa37f3ead8d2fb8d55d6dd1d82d8e"
"gita.2.51","2","51","Krishna","कर्मजं बुद्धियुक्ता हि फलं त्यक्त्वा मनीषिणः।
जन्मबन्धविनिर्मुक्ताः पदं गच्छन्त्यनामयम् ॥","karmajaṃ buddhiyuktā hi phalaṃ tyaktvā manīṣiṇaḥ
janmabandhavinirmuktāḥ padaṃ gacchantyanāmayam","The wise who have obtained devotion cast off the fruit of action and released from the shackles of (repeated)births repair to that seat where there is no unhappiness. When your mind shall have crossed beyond the taint of delusion then will you become indifferent to all that you have heard or will heard. When your mind","machine-aligned; two human reviews pending","d31ec534515a0add9a1a8e64b61f692cef7ecc26a3bb2defbe8336f4b7c57fe3"
"gita.2.52","2","52","Krishna","यदा ते मोहकलिलं बुद्धिर्व्यतितरिष्यति।
तदा गन्तासि निर्वेदं श्रोतव्यस्य श्रुतस्य च ॥","yadā te mohakalilaṃ buddhirvyatitariṣyati
tadā gantāsi nirvedaṃ śrotavyasya śrutasya ca","confounded by what you have heard","machine-aligned; two human reviews pending","98755e48c1ab7b0f87fd79e2b054fb16dfa4b1b8254ea788f3cfaded81b115c6"
"gita.2.53","2","53","Krishna","श्रुतिविप्रतिपन्ना ते यदा स्थास्यति निश्चला।
समाधावचला बुद्धिस्तदा योगमवाप्स्यसि ॥","śrutivipratipannā te yadā sthāsyati niścalā
samādhāvacalā buddhistadā yogamavāpsyasi","will stand firm and steady in contemplation","machine-aligned; two human reviews pending","dc7bd7599020f700d0db6df802ba90799ff7a714a849ec3c7ad08d6b78f285bb"
"gita.2.54","2","54","Arjuna","अर्जुन उवाच।
स्थितप्रज्ञस्य का भाषा समाधिस्थस्य केशव।
स्थितधीः किं प्रभाषेत किमासीत व्रजेत किम् ॥","arjuna uvāca
sthitaprajñasya kā bhāṣā samādhisthasya keśava
sthitadhīḥ kiṃ prabhāṣeta kimāsīta vrajeta kim","then will you acquire devotion. What are the characteristics, O Kesava! of one whose mind is steady, and who is intent on contemplation? How should one of steady mind speak, how sit, how move?","machine-aligned; two human reviews pending","e191cf558f5c80bd0492a0bd4b44cc9c63c1f4e46a51b507236984a4f78b5082"
"gita.2.55","2","55","Krishna","श्रीभगवानुवाच।
प्रजहाति यदा कामान्सर्वान्पार्थ मनोगतान्।
आत्मन्येवात्मना तुष्टः स्थितप्रज्ञस्तदोच्यते ॥","śrībhagavānuvāca
prajahāti yadā kāmānsarvānpārtha manogatān
ātmanyevātmanā tuṣṭaḥ sthitaprajñastadocyate","When a man O son of Pṛthā! abandons all the desires of his heart and is pleased in his self only and by his self he is then called one of steady mind.","machine-aligned; two human reviews pending","6d25629034608dbff714ab5974b837647f81aea24132433b189254aeaef4535d"
"gita.2.56","2","56","Krishna","दुःखेष्वनुद्विग्नमनाः सुखेषु विगतस्पृहः।
वीतरागभयक्रोधः स्थितधीर्मुनिरुच्यते ॥","duḥkheṣvanudvignamanāḥ sukheṣu vigataspṛhaḥ
vītarāgabhayakrodhaḥ sthitadhīrmunirucyate","He whose heart is not agitated in the midst of calamities who has no longing for pleasures and from whom (the feelings of) affection fear and wrath have departed is called a sage of steady mind.","machine-aligned; two human reviews pending","11dd2f1551e135e38fc7aaa655d15fa518f5b99d10a85a6b71ca528ccf4fd041"
"gita.2.57","2","57","Krishna","यः सर्वत्रानभिस्नेहस्तत्तत्प्राप्य शुभाशुभम्।
नाभिनन्दति न द्वेष्टि तस्य प्रज्ञा प्रतिष्ठिता ॥","yaḥ sarvatrānabhisnehastattatprāpya śubhāśubham
nābhinandati na dveṣṭi tasya prajñā pratiṣṭhitā","His mind is steady, who, being without attachments anywhere, feels no exultation and no aversion on encountering the various agreeable and disagreeable (things of this world).","machine-aligned; two human reviews pending","4a05b8a1a810fe110af6a2a5073f070760937b0d5c2becc85870767de2d496d2"
"gita.2.58","2","58","Krishna","यदा संहरते चायं कूर्मोऽङ्गानीव सर्वशः।
इन्द्रियाणीन्द्रियार्थेभ्यस्तस्य प्रज्ञा प्रतिष्ठिता ॥","yadā saṃharate cāyaṃ kūrmo.aṅgānīva sarvaśaḥ
indriyāṇīndriyārthebhyastasya prajñā pratiṣṭhitā","A man's mind is steady, when he withdraws his senses from (all) objects of sense, as the tortoise (withdraws) its limbs from all sides.","machine-aligned; two human reviews pending","34c397d4351dee96f5b8bcee48967dec1513b91597e36442a63f332103a9f5cc"
"gita.2.59","2","59","Krishna","विषया विनिवर्तन्ते निराहारस्य देहिनः।
रसवर्जं रसोऽप्यस्य परं दृष्ट्वा निवर्तते ॥","viṣayā vinivartante nirāhārasya dehinaḥ
rasavarjaṃ raso.apyasya paraṃ dṛṣṭvā nivartate","Objects of sense draw back from a person who is abstinent not so the taste (for those objects). But even the taste departs from him, when he has seen the Supreme.","machine-aligned; two human reviews pending","1a17e2887eeca134fabf5a2704ef277cb86276b94665fb2a7627981afe618377"
"gita.2.60","2","60","Krishna","यततो ह्यपि कौन्तेय पुरुषस्य विपश्चितः।
इन्द्रियाणि प्रमाथीनि हरन्ति प्रसभं मनः ॥","yatato hyapi kaunteya puruṣasya vipaścitaḥ
indriyāṇi pramāthīni haranti prasabhaṃ manaḥ","The boisterous senses, O son of Kuntī! carry away by force the mind even of a wise man, who exerts himself (for final emancipation).","machine-aligned; two human reviews pending","5ef5b55ee91c887440f8ffe63995fd38859df9f4ff6efd6fe180f270ffb277a1"
"gita.2.61","2","61","Krishna","तानि सर्वाणि संयम्य युक्त आसीत मत्परः।
वशे हि यस्येन्द्रियाणि तस्य प्रज्ञा प्रतिष्ठिता ॥","tāni sarvāṇi saṃyamya yukta āsīta matparaḥ
vaśe hi yasyendriyāṇi tasya prajñā pratiṣṭhitā","Restraining them all, a man should remain engaged in devotion, making me his only resort. For his mind is steady whose senses are under his control.","machine-aligned; two human reviews pending","83629a5143c63980ebd96e7d7bcbf76e6f5d768da7a94fe3daeec098f799e7c2"
"gita.2.62","2","62","Krishna","ध्यायतो विषयान्पुंसः सङ्गस्तेषूपजायते।
सङ्गात्सञ्जायते कामः कामात्क्रोधोऽभिजायते ॥","dhyāyato viṣayānpuṃsaḥ saṅgasteṣūpajāyate
saṅgātsañjāyate kāmaḥ kāmātkrodho.abhijāyate","The man who ponders over objects of sense forms an attachment to them from (that) attachment is produced desire and from desire anger is produced","machine-aligned; two human reviews pending","c424e91ead208bd5be32dcef312f5a6752025cabf5946b2c5a6ca423c1fb88fc"
"gita.2.63","2","63","Krishna","क्रोधाद्भवति सम्मोहः सम्मोहात्स्मृतिविभ्रमः।
स्मृतिभ्रंशाद् बुद्धिनाशो बुद्धिनाशात्प्रणश्यति ॥","krodhādbhavati sammohaḥ sammohātsmṛtivibhramaḥ
smṛtibhraṃśād buddhināśo buddhināśātpraṇaśyati","from anger results want of discrimination from want of discrimination, confusion of the memory from confusion of the memory, loss of reason","machine-aligned; two human reviews pending","a2ae01b83af079e5db64b4b2f9a6cd447f7715781ad63ea592cbeb9c64a4b473"
"gita.2.64","2","64","Krishna","रागद्वेषविमुक्तैस्तु विषयानिन्द्रियैश्चरन् | (or वियुक्तैस्तु)
आत्मवश्यैर्विधेयात्मा प्रसादमधिगच्छति ॥","rāgadveṣavimuktaistu viṣayānindriyaiścaran
orviyuktaistu ātmavaśyairvidheyātmā prasādamadhigacchati","and in consequence of loss of reason. he is utterly ruined. But the self-restrained man who moves among objects with senses under the control of his own self and free from affection and aversion obtains tranquillity. When there is tranquillity","machine-aligned; two human reviews pending","27e93eda2b1808d251ef0864cc1e8bf9b66abd271e248a0ed185f6d3e9c5f42e"
"gita.2.65","2","65","Krishna","प्रसादे सर्वदुःखानां हानिरस्योपजायते।
प्रसन्नचेतसो ह्याशु बुद्धिः पर्यवतिष्ठते ॥","prasāde sarvaduḥkhānāṃ hānirasyopajāyate
prasannacetaso hyāśu buddhiḥ paryavatiṣṭhate","all his miseries are destroyed for the mind of him whose heart is tranquil soon becomes steady.","machine-aligned; two human reviews pending","1021d89b587d155d41e835288830e0e24db6e8b096bff482aa0682a76df1fb41"
"gita.2.66","2","66","Krishna","नास्ति बुद्धिरयुक्तस्य न चायुक्तस्य भावना।
न चाभावयतः शान्तिरशान्तस्य कुतः सुखम् ॥","nāsti buddhirayuktasya na cāyuktasya bhāvanā
na cābhāvayataḥ śāntiraśāntasya kutaḥ sukham","He who is not self-restrained has no steadiness of mind nor has he who is not self-restrained perseverance in the pursuit of self-knowledge there is no tranquillity for him who does not persevere in the pursuit of self-knowledge and whence can there be happiness for one who is not tranquil? For the heart which follows the rambling senses leads away his judgment","machine-aligned; two human reviews pending","68b4069d9aa96b6e78f14370fd8658314ed0051a36a42c319f85a0ca304e046d"
"gita.2.67","2","67","Krishna","इन्द्रियाणां हि चरतां यन्मनोऽनुविधीयते।
तदस्य हरति प्रज्ञां वायुर्नावमिवाम्भसि ॥","indriyāṇāṃ hi caratāṃ yanmano.anuvidhīyate
tadasya harati prajñāṃ vāyurnāvamivāmbhasi","as the wind leads a boat astray upon the waters.","machine-aligned; two human reviews pending","ef3f82271bb37754910091e08aa5d9a1e6f5b32c3c982ceae6b42ecd22686c78"
"gita.2.68","2","68","Krishna","तस्माद्यस्य महाबाहो निगृहीतानि सर्वशः।
इन्द्रियाणीन्द्रियार्थेभ्यस्तस्य प्रज्ञा प्रतिष्ठिता ॥","tasmādyasya mahābāho nigṛhītāni sarvaśaḥ
indriyāṇīndriyārthebhyastasya prajñā pratiṣṭhitā","Therefore, O you of mighty arms! his mind is steady whose senses are restrained on all sides from objects of sense.","machine-aligned; two human reviews pending","5c5f9125e9e543c65e2ae84c7ea245cda4bfe5f37675c031576d57dc2d26d454"
"gita.2.69","2","69","Krishna","या निशा सर्वभूतानां तस्यां जागर्ति संयमी।
यस्यां जाग्रति भूतानि सा निशा पश्यतो मुनेः ॥","yā niśā sarvabhūtānāṃ tasyāṃ jāgarti saṃyamī
yasyāṃ jāgrati bhūtāni sā niśā paśyato muneḥ","The self-restrained man is awake, when it is night for all beings and when all beings are awake, that is the night of the right-seeing sage.","machine-aligned; two human reviews pending","8e2ada54f68e4431e951dce0c46dc9dd5c3e78ac53d39373492f6c5ddaf17f5b"
"gita.2.70","2","70","Krishna","आपूर्यमाणमचलप्रतिष्ठं
समुद्रमापः प्रविशन्ति यद्वत्।
तद्वत्कामा यं प्रविशन्ति सर्वे
स शान्तिमाप्नोति न कामकामी ॥","āpūryamāṇamacalapratiṣṭhaṃ samudramāpaḥ praviśanti yadvat
tadvatkāmā yaṃ praviśanti sarve sa śāntimāpnoti na kāmakāmī","He into whom all objects of desire enter, as waters enter the ocean, which, (though) replenished, (still) keeps its position unmoved,-he only obtains tranquillity not he who desires (those) objects of desire.","machine-aligned; two human reviews pending","99bfa2a31022aae39e35d04169c1b49a429bbe1824ac85a6b16640867f62c4cd"
"gita.2.71","2","71","Krishna","विहाय कामान्यः सर्वान्पुमांश्चरति निःस्पृहः।
निर्ममो निरहङ्कारः स शान्तिमधिगच्छति ॥","vihāya kāmānyaḥ sarvānpumāṃścarati niḥspṛhaḥ
nirmamo nirahaṅkāraḥ sa śāntimadhigacchati","The man who, casting off all desires, lives free from attachments, who is free from egoism, and from (the feeling that this or that is) mine, obtains tranquillity.","machine-aligned; two human reviews pending","33ada40caefd2c2735cbee7c3ecf7e65c95d022a60cd6182fe458751b95f4c15"
"gita.2.72","2","72","Krishna","एषा ब्राह्मी स्थितिः पार्थ नैनां प्राप्य विमुह्यति।
स्थित्वास्यामन्तकालेऽपि ब्रह्मनिर्वाणमृच्छति ॥","eṣā brāhmī sthitiḥ pārtha naināṃ prāpya vimuhyati
sthitvāsyāmantakāle.api brahmanirvāṇamṛcchati","This, O son of Pṛthā! is the Brahmic state attaining to this, one is never deluded and remaining in it in (one's) last moments, one attains ( brahma - nirvāṇa ) the Brahmic bliss.","machine-aligned; two human reviews pending","bcd99ab07e71987dd60eb04d02547a130e40110de899bbaed53d5417e8c46854"
"gita.3.1","3","1","Arjuna","अर्जुन उवाच।
ज्यायसी चेत्कर्मणस्ते मता बुद्धिर्जनार्दन।
तत्किं कर्मणि घोरे मां नियोजयसि केशव ॥","arjuna uvāca
jyāyasī cetkarmaṇaste matā buddhirjanārdana
tatkiṃ karmaṇi ghore māṃ niyojayasi keśava","If, O Ganārdana! devotion is deemed by you to be superior to action, then why, O Kesava! do you prompt me to (this) fearful action?","machine-aligned; two human reviews pending","a75f49404a47eb756945032a7635b65f6894947c8f9db1bd46f5663331a0dfb2"
"gita.3.2","3","2","Arjuna","व्यामिश्रेणेव वाक्येन बुद्धिं मोहयसीव मे।
तदेकं वद निश्चित्य येन श्रेयोऽहमाप्नुयाम् ॥","vyāmiśreṇeva vākyena buddhiṃ mohayasīva me
tadekaṃ vada niścitya yena śreyo.ahamāpnuyām","You seem, indeed, to confuse my mind by equivocal words. Therefore, declare one thing determinately, by which I may attain the highest good.","machine-aligned; two human reviews pending","4597097c54f91a26eb1e3a818de92b8adcee3949ceb86bef813c2e424aecc5f7"
"gita.3.3","3","3","Krishna","श्रीभगवानुवाच।
लोकेऽस्मिन् द्विविधा निष्ठा पुरा प्रोक्ता मयानघ।
ज्ञानयोगेन साङ्ख्यानां कर्मयोगेन योगिनाम् ॥","śrībhagavānuvāca
loke.asmina dvividhā niṣṭhā purā proktā mayānagha
jñānayogena sāṅkhyānāṃ karmayogena yoginām","O sinless one! I have already declared, that in this world there is a twofold path—that of the Sāṅkhyas by devotion in the shape of (true) knowledge and that of the Yogins by devotion in the shape of action.","machine-aligned; two human reviews pending","186ce5784b5531be1c8fc49b52ed37ef4eb6870b18d92a6eaa35985f9144614c"
"gita.3.4","3","4","Krishna","न कर्मणामनारम्भान्नैष्कर्म्यं पुरुषोऽश्नुते।
न च संन्यसनादेव सिद्धिं समधिगच्छति ॥","na karmaṇāmanārambhānnaiṣkarmyaṃ puruṣo.aśnute
na ca saṃnyasanādeva siddhiṃ samadhigacchati","A man does not attain freedom from action merely by not engaging in action nor does he attain perfection by mere renunciation. For nobody ever remains even for an instant without performing some action","machine-aligned; two human reviews pending","995adff4b1fd72de7c2a4844cb5082055e5fec90697d6e3e0fe9c38e79e664fb"
"gita.3.5","3","5","Krishna","न हि कश्चित्क्षणमपि जातु तिष्ठत्यकर्मकृत्।
कार्यते ह्यवशः कर्म सर्वः प्रकृतिजैर्गुणैः ॥","na hi kaścitkṣaṇamapi jātu tiṣṭhatyakarmakṛt
kāryate hyavaśaḥ karma sarvaḥ prakṛtijairguṇaiḥ","since the qualities of nature constrain everybody, not having free-will (in the matter), to some action. The deluded man who","machine-aligned; two human reviews pending","9805f36ea5413fc8ba1ace228041d0aeb7947dae282bd383b6d9d7a018d162fa"
"gita.3.6","3","6","Krishna","कर्मेन्द्रियाणि संयम्य य आस्ते मनसा स्मरन्।
इन्द्रियार्थान्विमूढात्मा मिथ्याचारः स उच्यते ॥","karmendriyāṇi saṃyamya ya āste manasā smaran
indriyārthānvimūḍhātmā mithyācāraḥ sa ucyate","restraining the organs of action continues to think in his mind about objects of sense is called a hypocrite. But he","machine-aligned; two human reviews pending","46de2a73558fbba2eb4311c0c6a35b413199e9b23ca235b139157bdacd6a6a8c"
"gita.3.7","3","7","Krishna","यस्त्विन्द्रियाणि मनसा नियम्यारभतेऽर्जुन।
कर्मेन्द्रियैः कर्मयोगमसक्तः स विशिष्यते ॥","yastvindriyāṇi manasā niyamyārabhate.arjuna
karmendriyaiḥ karmayogamasaktaḥ sa viśiṣyate","O Arjuna ! who restraining his senses by his mind. and being free from attachments engages in devotion (in the shape) of action with the organs of action","machine-aligned; two human reviews pending","f1428005325f28c0f3e4d0ffcb31ceefe08ddb469ca37caec9aa50db52791cd8"
"gita.3.8","3","8","Krishna","नियतं कुरु कर्म त्वं कर्म ज्यायो ह्यकर्मणः।
शरीरयात्रापि च ते न प्रसिद्ध्येदकर्मणः ॥","niyataṃ kuru karma tvaṃ karma jyāyo hyakarmaṇaḥ
śarīrayātrāpi ca te na prasiddhyedakarmaṇaḥ","is far superior. Do you perform prescribed action, for action is better than inaction, and the support of your body, too, cannot be accomplished with inaction.","machine-aligned; two human reviews pending","c7d564912170e14571695c9a22d4d860e80238cd79740aa62b5c649da6e4a43a"
"gita.3.9","3","9","Krishna","यज्ञार्थात्कर्मणोऽन्यत्र लोकोऽयं कर्मबन्धनः।
तदर्थं कर्म कौन्तेय मुक्तसङ्गः समाचर ॥","yajñārthātkarmaṇo.anyatra loko.ayaṃ karmabandhanaḥ
tadarthaṃ karma kaunteya muktasaṅgaḥ samācara","This world is fettered by all action other than action for the purpose of the sacrifice. Therefore, O son of Kuntī ! do you, casting off attachment, perform action for that purpose.","machine-aligned; two human reviews pending","3938f1986a7511b17ed54a0f6fd64689e87fa6fb01b63c370b56decec0de473b"
"gita.3.10","3","10","Krishna","सहयज्ञाः प्रजाः सृष्ट्वा पुरोवाच प्रजापतिः।
अनेन प्रसविष्यध्वमेष वोऽस्त्विष्टकामधुक् ॥","sahayajñāḥ prajāḥ sṛṣṭvā purovāca prajāpatiḥ
anena prasaviṣyadhvameṣa vo.astviṣṭakāmadhuk","The Creator, having in olden times created men together with the sacrifice, said: 'Propagate with this. May it be the giver to you of the things you desire.","machine-aligned; two human reviews pending","90bd50da52e1d45cc30b1ef4c760fb0c4372d4bba748e68812b207bffabbb84f"
"gita.3.11","3","11","Krishna","देवान्भावयतानेन ते देवा भावयन्तु वः।
परस्परं भावयन्तः श्रेयः परमवाप्स्यथ ॥","devānbhāvayatānena te devā bhāvayantu vaḥ
parasparaṃ bhāvayantaḥ śreyaḥ paramavāpsyatha","Please the gods with this, and may those gods please you. Pleasing each other you will attain the highest good. For pleased with the sacrifices","machine-aligned; two human reviews pending","6f881c5df784342d3367b2bcf7da59b030d6240845a3eaad8fa5cb26557daca7"
"gita.3.12","3","12","Krishna","इष्टान्भोगान्हि वो देवा दास्यन्ते यज्ञभाविताः।
तैर्दत्तानप्रदायैभ्यो यो भुङ्क्ते स्तेन एव सः ॥","iṣṭānbhogānhi vo devā dāsyante yajñabhāvitāḥ
tairdattānapradāyaibhyo yo bhuṅkte stena eva saḥ","the gods will give you the enjoyments you desire. And he who enjoys himself without giving them what they have given is indeed a thief.'","machine-aligned; two human reviews pending","1d8e97bfc51e18a992a0abafad3c4cb25bfd9053525d6d07d0f0d6b75895d262"
"gita.3.13","3","13","Krishna","यज्ञशिष्टाशिनः सन्तो मुच्यन्ते सर्वकिल्बिषैः।
भुञ्जते ते त्वघं पापा ये पचन्त्यात्मकारणात् ॥","yajñaśiṣṭāśinaḥ santo mucyante sarvakilbiṣaiḥ
bhuñjate te tvaghaṃ pāpā ye pacantyātmakāraṇāt","The good who eat the leavings of a sacrifice are released from all sins. But the unrighteous ones who prepare food for themselves only","machine-aligned; two human reviews pending","78fffc55da21000067e73a0f176b871ca98f2fe1fd63061fe527af4eec120d90"
"gita.3.14","3","14","Krishna","अन्नाद्भवन्ति भूतानि पर्जन्यादन्नसम्भवः।
यज्ञाद्भवति पर्जन्यो यज्ञः कर्मसमुद्भवः ॥","annādbhavanti bhūtāni parjanyādannasambhavaḥ
yajñādbhavati parjanyo yajñaḥ karmasamudbhavaḥ","incur sin. From food are born (all) creatures from rain is the production of food rain is produced by sacrifices sacrifices are the result of action","machine-aligned; two human reviews pending","480cd41890aef2615bd8292c13261067cfcbf3f97b45dc59bbed159a5d29b898"
"gita.3.15","3","15","Krishna","कर्म ब्रह्मोद्भवं विद्धि ब्रह्माक्षरसमुद्भवम्।
तस्मात्सर्वगतं ब्रह्म नित्यं यज्ञे प्रतिष्ठितम् ॥","karma brahmodbhavaṃ viddhi brahmākṣarasamudbhavam
tasmātsarvagataṃ brahma nityaṃ yajñe pratiṣṭhitam","know that action has its source in the Vedas the Vedas come from the Indestructible. Therefore the all-comprehending Vedas are always concerned with sacrifices.","machine-aligned; two human reviews pending","633af556e8eb3773f739659e9752eae15778d0f953ea24c32fd252fa08e1d254"
"gita.3.16","3","16","Krishna","एवं प्रवर्तितं चक्रं नानुवर्तयतीह यः।
अघायुरिन्द्रियारामो मोघं पार्थ स जीवति ॥","evaṃ pravartitaṃ cakraṃ nānuvartayatīha yaḥ
aghāyurindriyārāmo moghaṃ pārtha sa jīvati","He who in this world does not turn round the wheel revolving thus is of sinful life indulging his senses","machine-aligned; two human reviews pending","e6e70310fc9f74eb2a19ef698e9b7b0c795b915e70486393c0ee6cc862902049"
"gita.3.17","3","17","Krishna","यस्त्वात्मरतिरेव स्यादात्मतृप्तश्च मानवः।
आत्मन्येव च सन्तुष्टस्तस्य कार्यं न विद्यते ॥","yastvātmaratireva syādātmatṛptaśca mānavaḥ
ātmanyeva ca santuṣṭastasya kāryaṃ na vidyate","and O son of Pṛthā! he lives in vain. But the man who is attached to his self only who is contented in his self and is pleased with his self has nothing to do.","machine-aligned; two human reviews pending","127c53492056e882e94787fad56b1e32957ded5e3c8e53d5af1eb3e6b878d2ac"
"gita.3.18","3","18","Krishna","नैव तस्य कृतेनार्थो नाकृतेनेह कश्चन।
न चास्य सर्वभूतेषु कश्चिदर्थव्यपाश्रयः ॥","naiva tasya kṛtenārtho nākṛteneha kaścana
na cāsya sarvabhūteṣu kaścidarthavyapāśrayaḥ","He has no interest at all in what is done, and none whatever in what is not done, in this world nor is any interest of his dependent on any being.","machine-aligned; two human reviews pending","cdea188db967b260c460ef7d78d6a667a206867c60f033a98c990eee06dddaa4"
"gita.3.19","3","19","Krishna","तस्मादसक्तः सततं कार्यं कर्म समाचर।
असक्तो ह्याचरन्कर्म परमाप्नोति पूरुषः ॥","tasmādasaktaḥ satataṃ kāryaṃ karma samācara
asakto hyācarankarma paramāpnoti pūruṣaḥ","Therefore always perform action, which must be performed, without attachment. For a man, performing action without attachment, attains the Supreme.","machine-aligned; two human reviews pending","0e054afc370a4b10cadec3a4ac5a46690e684a49ec0e76280426f923badf69f4"
"gita.3.20","3","20","Krishna","कर्मणैव हि संसिद्धिमास्थिता जनकादयः।
लोकसंग्रहमेवापि सम्पश्यन्कर्तुमर्हसि ॥","karmaṇaiva hi saṃsiddhimāsthitā janakādayaḥ
lokasaṃgrahamevāpi sampaśyankartumarhasi","By action alone, did Janaka and the rest work for perfection. And having regard also to the keeping of people (to their duties) you should perform action.","machine-aligned; two human reviews pending","d8c35e66bd6ff4f62328495b6269f52094c123e7d5c68df28476ee085caad3fd"
"gita.3.21","3","21","Krishna","यद्यदाचरति श्रेष्ठस्तत्तदेवेतरो जनः।
स यत्प्रमाणं कुरुते लोकस्तदनुवर्तते ॥","yadyadācarati śreṣṭhastattadevetaro janaḥ
sa yatpramāṇaṃ kurute lokastadanuvartate","Whatever a great man does, that other men also do. And people follow whatever he receives as authority.","machine-aligned; two human reviews pending","81a74eac4e89a060dbe7d4f47cbd31176219727848cb915d04026c561795d1a0"
"gita.3.22","3","22","Krishna","न मे पार्थास्ति कर्तव्यं त्रिषु लोकेषु किञ्चन।
नानवाप्तमवाप्तव्यं वर्त एव च कर्मणि ॥","na me pārthāsti kartavyaṃ triṣu lokeṣu kiñcana
nānavāptamavāptavyaṃ varta eva ca karmaṇi","There is nothing, O son of Pṛthā! for me to do in (all) the three worlds, nothing to acquire which has not been acquired. Still I do engage in action. For should I at any time not engage without sloth in action","machine-aligned; two human reviews pending","ba8ca4c82018ece2de8810522b63aa00b21b4ac1c3e430f1a8ce2e2c8eee815a"
"gita.3.23","3","23","Krishna","यदि ह्यहं न वर्तेयं जातु कर्मण्यतन्द्रितः।
मम वर्त्मानुवर्तन्ते मनुष्याः पार्थ सर्वशः ॥","yadi hyahaṃ na varteyaṃ jātu karmaṇyatandritaḥ
mama vartmānuvartante manuṣyāḥ pārtha sarvaśaḥ","men would follow in my path from all sides","machine-aligned; two human reviews pending","6b338e1e88aeacafefd4e5747b65a248720b061d82629c34501428b8403e97d8"
"gita.3.24","3","24","Krishna","उत्सीदेयुरिमे लोका न कुर्यां कर्म चेदहम्।
सङ्करस्य च कर्ता स्यामुपहन्यामिमाः प्रजाः ॥","utsīdeyurime lokā na kuryāṃ karma cedaham
saṅkarasya ca kartā syāmupahanyāmimāḥ prajāḥ","O son of Pṛthā! If I did not perform actions, these worlds would be destroyed, I should be the cause of caste interminglings and I should be ruining these people. As the ignorant act","machine-aligned; two human reviews pending","315069397f510b6e35a154b60e5653793712868a11c88fe0709d6d2da7cc2386"
"gita.3.25","3","25","Krishna","सक्ताः कर्मण्यविद्वांसो यथा कुर्वन्ति भारत।
कुर्याद्विद्वांस्तथासक्तश्चिकीर्षुर्लोकसंग्रहम् ॥","saktāḥ karmaṇyavidvāṃso yathā kurvanti bhārata
kuryādvidvāṃstathāsaktaścikīrṣurlokasaṃgraham","O descendant of Bharata! with attachment to action so should a wise man act without attachment","machine-aligned; two human reviews pending","6d276b14f07848092e0515c4755cec0391948dba2e4b9189b92bbb9fb8ba145b"
"gita.3.26","3","26","Krishna","न बुद्धिभेदं जनयेदज्ञानां कर्मसङ्गिनाम्।
जोषयेत्सर्वकर्माणि विद्वान्युक्तः समाचरन् ॥","na buddhibhedaṃ janayedajñānāṃ karmasaṅginām
joṣayetsarvakarmāṇi vidvānyuktaḥ samācaran","wishing to keep the people (to their duties). A wise man should not shake the convictions of the ignorant who are attached to action but acting with devotion (himself ) should make them apply themselves to all action.","machine-aligned; two human reviews pending","f2f6e297b1c9e9a21794be42815207fff540cff101b490a26716c958518f64ae"
"gita.3.27","3","27","Krishna","प्रकृतेः क्रियमाणानि गुणैः कर्माणि सर्वशः।
अहङ्कारविमूढात्मा कर्ताहमिति मन्यते ॥","prakṛteḥ kriyamāṇāni guṇaiḥ karmāṇi sarvaśaḥ
ahaṅkāravimūḍhātmā kartāhamiti manyate","He whose mind is deluded by egoism thinks himself the doer of the actions which","machine-aligned; two human reviews pending","acc3e4fd39e9bdf9a6ee9ea48dde1939e65cf737f8022da8956be113f7ec9aef"
"gita.3.28","3","28","Krishna","तत्त्ववित्तु महाबाहो गुणकर्मविभागयोः।
गुणा गुणेषु वर्तन्त इति मत्वा न सज्जते ॥","tattvavittu mahābāho guṇakarmavibhāgayoḥ
guṇā guṇeṣu vartanta iti matvā na sajjate","in every way are done by the qualities of nature. But he O you of mighty arms! who knows the truth about the difference from qualities and the difference from actions forms no attachments","machine-aligned; two human reviews pending","e393c113fbb0de00216ac37734bdd4c8e6e0d3e717cf73330cb2aa3a014d21a7"
"gita.3.29","3","29","Krishna","प्रकृतेर्गुणसम्मूढाः सज्जन्ते गुणकर्मसु।
तानकृत्स्नविदो मन्दान्कृत्स्नविन्न विचालयेत् ॥","prakṛterguṇasammūḍhāḥ sajjante guṇakarmasu
tānakṛtsnavido mandānkṛtsnavinna vicālayet","believing that qualities deal with qualities. But those who are deluded by the qualities of nature form attachments to the actions of the qualities. A man of perfect knowledge should not shake these men of imperfect knowledge (in their convictions).","machine-aligned; two human reviews pending","f65149239d5af4eae7afeb9532eebec519c0810b20ce2ccb5f1b0884d6117105"
"gita.3.30","3","30","Krishna","मयि सर्वाणि कर्माणि संन्यस्याध्यात्मचेतसा।
निराशीर्निर्ममो भूत्वा युध्यस्व विगतज्वरः ॥","mayi sarvāṇi karmāṇi saṃnyasyādhyātmacetasā
nirāśīrnirmamo bhūtvā yudhyasva vigatajvaraḥ","Dedicating all actions to me with a mind knowing the relation of the supreme and individual self engage in battle without desire without (any feeling that this or that is) mine and without any mental trouble.","machine-aligned; two human reviews pending","1ff7db483842345d1ebd31d3eca5f35898ae98f2bacc49b629da211a9dfeb7a3"
"gita.3.31","3","31","Krishna","ये मे मतमिदं नित्यमनुतिष्ठन्ति मानवाः।
श्रद्धावन्तोऽनसूयन्तो मुच्यन्ते तेऽपि कर्मभिः ॥","ye me matamidaṃ nityamanutiṣṭhanti mānavāḥ
śraddhāvanto.anasūyanto mucyante te.api karmabhiḥ","Even those men who always act on this opinion of mine full of faith and without carping are released from all actions. But those who carp at my opinion and do not act upon it","machine-aligned; two human reviews pending","93b4922f379bc917a92e2de1b555e7534f385cbd8919be0fdd4be7bd3eca0038"
"gita.3.32","3","32","Krishna","ये त्वेतदभ्यसूयन्तो नानुतिष्ठन्ति मे मतम्।
सर्वज्ञानविमूढांस्तान्विद्धि नष्टानचेतसः ॥","ye tvetadabhyasūyanto nānutiṣṭhanti me matam
sarvajñānavimūḍhāṃstānviddhi naṣṭānacetasaḥ","know them to be devoid of discrimination deluded as regards all knowledge","machine-aligned; two human reviews pending","0d8c951a5fbf7c1c7620cc8eed8b19338392f184e45cceaa163f3b4db09beef9"
"gita.3.33","3","33","Krishna","सदृशं चेष्टते स्वस्याः प्रकृतेर्ज्ञानवानपि।
प्रकृतिं यान्ति भूतानि निग्रहः किं करिष्यति ॥","sadṛśaṃ ceṣṭate svasyāḥ prakṛterjñānavānapi
prakṛtiṃ yānti bhūtāni nigrahaḥ kiṃ kariṣyati","and ruined. Even a man of knowledge acts consonantly to his own nature. All beings follow nature. What will restraint effect?","machine-aligned; two human reviews pending","25f269a1952a33c08e12e9ae5fb4a26959bdeab28c2fec5310e57302762c3677"
"gita.3.34","3","34","Krishna","इन्द्रियस्येन्द्रियस्यार्थे रागद्वेषौ व्यवस्थितौ।
तयोर्न वशमागच्छेत्तौ ह्यस्य परिपन्थिनौ ॥","indriyasyendriyasyārthe rāgadveṣau vyavasthitau
tayorna vaśamāgacchettau hyasya paripanthinau","Every sense has its affections and aversions towards its objects fixed. One should not become subject to them, for they are one's opponents.","machine-aligned; two human reviews pending","6a3a1eeb0c1311d048dc7fa53627b89169a8ed5134c66aae473924be2160acb9"
"gita.3.35","3","35","Krishna","श्रेयान्स्वधर्मो विगुणः परधर्मात्स्वनुष्ठितात्।
स्वधर्मे निधनं श्रेयः परधर्मो भयावहः ॥","śreyānsvadharmo viguṇaḥ paradharmātsvanuṣṭhitāt
svadharme nidhanaṃ śreyaḥ paradharmo bhayāvahaḥ","One's own duty, though defective, is better than another's duty well performed. Death in (performing) one's own duty is preferable the (performance of the) duty of others is dangerous.","machine-aligned; two human reviews pending","82ee58e47168b7d0b468459b756253a598817c76c1f0b5528dfa6591c7b441f6"
"gita.3.36","3","36","Arjuna","अर्जुन उवाच।
अथ केन प्रयुक्तोऽयं पापं चरति पूरुषः।
अनिच्छन्नपि वार्ष्णेय बलादिव नियोजितः ॥","arjuna uvāca
atha kena prayukto.ayaṃ pāpaṃ carati pūruṣaḥ
anicchannapi vārṣṇeya balādiva niyojitaḥ","But by whom, O descendant of Vṛṣṇi! is man impelled, even though unwilling, and, as it were, constrained by force, to commit sin? The Deity said:","machine-aligned; two human reviews pending","07414f2c377b28780a7ee1744a2b9ee90d4a5fb905ad2d522456e3ab563cb802"
"gita.3.37","3","37","Krishna","श्रीभगवानुवाच।
काम एष क्रोध एष रजोगुणसमुद्भवः।
महाशनो महापाप्मा विद्ध्येनमिह वैरिणम् ॥","śrībhagavānuvāca
kāma eṣa krodha eṣa rajoguṇasamudbhavaḥ
mahāśano mahāpāpmā viddhyenamiha vairiṇam","It is desire, it is wrath, born from the quality of passion it is very ravenous, very sinful. Know that that is the foe in this world. As fire is enveloped by smoke","machine-aligned; two human reviews pending","cc2b04c87362e9d0dbb322d61f0a4c4345eb06179203a433792c191221da28bc"
"gita.3.38","3","38","Krishna","धूमेनाव्रियते वह्निर्यथादर्शो मलेन च।
यथोल्बेनावृतो गर्भस्तथा तेनेदमावृतम् ॥","dhūmenāvriyate vahniryathādarśo malena ca
yatholbenāvṛto garbhastathā tenedamāvṛtam","a mirror by dust","machine-aligned; two human reviews pending","5240f9e40c8ab4f2ddb2729474fb15a5b2dcafd40151a9c2c0af11321939abc9"
"gita.3.39","3","39","Krishna","आवृतं ज्ञानमेतेन ज्ञानिनो नित्यवैरिणा।
कामरूपेण कौन्तेय दुष्पूरेणानलेन च ॥","āvṛtaṃ jñānametena jñānino nityavairiṇā
kāmarūpeṇa kaunteya duṣpūreṇānalena ca","the fœtus by the womb so is this enveloped by desire. Knowledge, O son of Kuntī! is enveloped by this constant foe of the man of knowledge, in the shape of desire, which is like a fire and insatiable.","machine-aligned; two human reviews pending","a2eb8c833d42be1d4b89c8ce76c7eeeee522b1a6f2db28ffdf4c35a1cedfc835"
"gita.3.40","3","40","Krishna","इन्द्रियाणि मनो बुद्धिरस्याधिष्ठानमुच्यते।
एतैर्विमोहयत्येष ज्ञानमावृत्य देहिनम् ॥","indriyāṇi mano buddhirasyādhiṣṭhānamucyate
etairvimohayatyeṣa jñānamāvṛtya dehinam","The senses, the mind, and the understanding are said to be its seat with these it deludes the embodied (self) after enveloping knowledge.","machine-aligned; two human reviews pending","83942ebe50d4c445694ee1428cd7b24a80842558c4479f850c68149461789fb6"
"gita.3.41","3","41","Krishna","तस्मात्त्वमिन्द्रियाण्यादौ नियम्य भरतर्षभ।
पाप्मानं प्रजहि ह्येनं ज्ञानविज्ञाननाशनम् ॥","tasmāttvamindriyāṇyādau niyamya bharatarṣabha
pāpmānaṃ prajahi hyenaṃ jñānavijñānanāśanam","Therefore, O chief of the descendants of Bharata! first restrain your senses, then cast off this sinful thing which destroys knowledge and experience.","machine-aligned; two human reviews pending","ed89502058bf84f4a7647f0990745af251a2d07d23f0b63a844817aa2e0c906e"
"gita.3.42","3","42","Krishna","इन्द्रियाणि पराण्याहुरिन्द्रियेभ्यः परं मनः।
मनसस्तु परा बुद्धिर्यो बुद्धेः परतस्तु सः ॥","indriyāṇi parāṇyāhurindriyebhyaḥ paraṃ manaḥ
manasastu parā buddhiryo buddheḥ paratastu saḥ","It has been said, Great are the senses, greater than the senses is the mind, greater than the mind is the understanding. What is greater than the understanding is that.","machine-aligned; two human reviews pending","65644d2161ce6be34aeb0de3fd366cb95f3a01f7490ca1e6ac8de690efedf8f9"
"gita.3.43","3","43","Krishna","एवं बुद्धेः परं बुद्ध्वा संस्तभ्यात्मानमात्मना।
जहि शत्रुं महाबाहो कामरूपं दुरासदम् ॥","evaṃ buddheḥ paraṃ buddhvā saṃstabhyātmānamātmanā
jahi śatruṃ mahābāho kāmarūpaṃ durāsadam","Thus knowing that which is higher than the understanding, and restraining (your)self by (your)self, O you of mighty arms! destroy this unmanageable enemy in the shape of desire.","machine-aligned; two human reviews pending","95bca8f62653b298c5a65d742cfa10b0d86e94a4772a7fc2e920e419ed4b768b"
"gita.4.1","4","1","Krishna","श्रीभगवानुवाच।
इमं विवस्वते योगं प्रोक्तवानहमव्ययम्।
विवस्वान्मनवे प्राह मनुरिक्ष्वाकवेऽब्रवीत् ॥","śrībhagavānuvāca
imaṃ vivasvate yogaṃ proktavānahamavyayam
vivasvānmanave prāha manurikṣvākave.abravīt","This everlasting (system of) devotion I declared to the sun, the sun declared it to Manu , and Manu communicated it to Ikṣvāku. Coming thus by steps","machine-aligned; two human reviews pending","0398350c686307fe9b9b3249a0623ce9b072eb0e8814dd8b3a6a5513efb6c0c5"
"gita.4.2","4","2","Krishna","एवं परम्पराप्राप्तमिमं राजर्षयो विदुः।
स कालेनेह महता योगो नष्टः परन्तप ॥","evaṃ paramparāprāptamimaṃ rājarṣayo viduḥ
sa kāleneha mahatā yogo naṣṭaḥ parantapa","it became known to royal sages. But O terror of (your) foes! that devotion was lost to the world by long (lapse of) time. That same primeval devotion I have declared to you to-day","machine-aligned; two human reviews pending","35a104417b9deb7b5dfe59b9d9afc6afc96d9764ef643f374279e6db04024761"
"gita.4.3","4","3","Krishna","स एवायं मया तेऽद्य योगः प्रोक्तः पुरातनः।
भक्तोऽसि मे सखा चेति रहस्यं ह्येतदुत्तमम् ॥","sa evāyaṃ mayā te.adya yogaḥ proktaḥ purātanaḥ
bhakto.asi me sakhā ceti rahasyaṃ hyetaduttamam","seeing. that you are my devotee and friend for it is the highest mystery.","machine-aligned; two human reviews pending","baf705209f2efd869266628f900e9e42f2f4758922a34314e3a530fb6073483d"
"gita.4.4","4","4","Arjuna","अर्जुन उवाच।
अपरं भवतो जन्म परं जन्म विवस्वतः।
कथमेतद्विजानीयां त्वमादौ प्रोक्तवानिति ॥","arjuna uvāca
aparaṃ bhavato janma paraṃ janma vivasvataḥ
kathametadvijānīyāṃ tvamādau proktavāniti","Later is your birth the birth of the sun is prior. How then shall I understand that you declared (this) first?","machine-aligned; two human reviews pending","a7227ef07c2413a6c5fed9599f0da90486a083e632acc5f6993f8cd6dcf9c18a"
"gita.4.5","4","5","Krishna","श्रीभगवानुवाच।
बहूनि मे व्यतीतानि जन्मानि तव चार्जुन।
तान्यहं वेद सर्वाणि न त्वं वेत्थ परन्तप ॥","śrībhagavānuvāca
bahūni me vyatītāni janmāni tava cārjuna
tānyahaṃ veda sarvāṇi na tvaṃ vettha parantapa","I have passed through many births, O Arjuna I and you also. I know them all, but you, O terror of (your) foes! do not know them.","machine-aligned; two human reviews pending","e0c5d83cfc4e0dcd71d615adcb869e859d60a222edc5f4f3e31efbb0b56fbe51"
"gita.4.6","4","6","Krishna","अजोऽपि सन्नव्ययात्मा भूतानामीश्वरोऽपि सन्।
प्रकृतिं स्वामधिष्ठाय सम्भवाम्यात्ममायया ॥","ajo.api sannavyayātmā bhūtānāmīśvaro.api san
prakṛtiṃ svāmadhiṣṭhāya sambhavāmyātmamāyayā","Even though I am unborn and inexhaustible in (my) essence even though I am lord of all beings still I take up the control of my own nature and am born by means of my delusive power.","machine-aligned; two human reviews pending","98710aff0087073025e6238f56d25a842710937ee383421e322a2b8a9ae9dbb9"
"gita.4.7","4","7","Krishna","यदा यदा हि धर्मस्य ग्लानिर्भवति भारत।
अभ्युत्थानमधर्मस्य तदात्मानं सृजाम्यहम् ॥","yadā yadā hi dharmasya glānirbhavati bhārata
abhyutthānamadharmasya tadātmānaṃ sṛjāmyaham","Whensoever, O descendant of Bharata! piety languishes, and impiety is in the ascendant, I create myself.","machine-aligned; two human reviews pending","1645697ca611a6fb0e2107af26c41bd7b7087e3dea3aa0a49de0e60db893a979"
"gita.4.8","4","8","Krishna","परित्राणाय साधूनां विनाशाय च दुष्कृताम्।
धर्मसंस्थापनार्थाय सम्भवामि युगे युगे ॥","paritrāṇāya sādhūnāṃ vināśāya ca duṣkṛtām
dharmasaṃsthāpanārthāya sambhavāmi yuge yuge","I am born age after age, for the protection of the good, for the destruction of evil-doers, and the establishment of piety.","machine-aligned; two human reviews pending","08aed83f620e487b876ee2a8d7aed14c0873a2a3cd955e4daa7a4ed1b58b757d"
"gita.4.9","4","9","Krishna","जन्म कर्म च मे दिव्यमेवं यो वेत्ति तत्त्वतः।
त्यक्त्वा देहं पुनर्जन्म नैति मामेति सोऽर्जुन ॥","janma karma ca me divyamevaṃ yo vetti tattvataḥ
tyaktvā dehaṃ punarjanma naiti māmeti so.arjuna","Whoever truly knows thus my divine birth and work, casts off (this) body and is not born again. He comes to me O Arjuna! Many from whom affection","machine-aligned; two human reviews pending","bbe0cd8b6988298fc13413a83962669ba6e5f512f1d6ea5ea8ffe784ae7e6b37"
"gita.4.10","4","10","Krishna","वीतरागभयक्रोधा मन्मया मामुपाश्रिताः।
बहवो ज्ञानतपसा पूता मद्भावमागताः ॥","vītarāgabhayakrodhā manmayā māmupāśritāḥ
bahavo jñānatapasā pūtā madbhāvamāgatāḥ","fear","machine-aligned; two human reviews pending","14f252bf5f1d72537d3eed557f288f3573eecfe65480383f31850e90749c6722"
"gita.4.11","4","11","Krishna","ये यथा मां प्रपद्यन्ते तांस्तथैव भजाम्यहम्।
मम वर्त्मानुवर्तन्ते मनुष्याः पार्थ सर्वशः ॥","ye yathā māṃ prapadyante tāṃstathaiva bhajāmyaham
mama vartmānuvartante manuṣyāḥ pārtha sarvaśaḥ","and wrath have departed who are full of me who depend on me and who are purified by the penance of knowledge have come into my essence. I serve men in the way in which they approach me. In every way, O son of Pṛthā! men follow in my path.","machine-aligned; two human reviews pending","169ea94de197557e9bdcc0279a3397e5736d4c7881688aa0d645afd31dd5fe42"
"gita.4.12","4","12","Krishna","काङ्क्षन्तः कर्मणां सिद्धिं यजन्त इह देवताः।
क्षिप्रं हि मानुषे लोके सिद्धिर्भवति कर्मजा ॥","kāṅkṣantaḥ karmaṇāṃ siddhiṃ yajanta iha devatāḥ
kṣipraṃ hi mānuṣe loke siddhirbhavati karmajā","Desiring the success of actions, men in this world worship the divinities, for in this world of mortals, the success produced by action is soon obtained.","machine-aligned; two human reviews pending","067f36d2393d941b5ec27e3db291c4685d7a4a1b732efb7240432ed4af38c9bc"
"gita.4.13","4","13","Krishna","चातुर्वर्ण्यं मया सृष्टं गुणकर्मविभागशः।
तस्य कर्तारमपि मां विद्ध्यकर्तारमव्ययम् ॥","cāturvarṇyaṃ mayā sṛṣṭaṃ guṇakarmavibhāgaśaḥ
tasya kartāramapi māṃ viddhyakartāramavyayam","The fourfold division of castes was created by me according to the apportionment of qualities and duties. But though I am its author know me to be inexhaustible and not the author.","machine-aligned; two human reviews pending","e69748a9a0d0f54be817664fe0f22493ee3c1116e53d744dca1a6184ca4a9449"
"gita.4.14","4","14","Krishna","न मां कर्माणि लिम्पन्ति न मे कर्मफले स्पृहा।
इति मां योऽभिजानाति कर्मभिर्न स बध्यते ॥","na māṃ karmāṇi limpanti na me karmaphale spṛhā
iti māṃ yo.abhijānāti karmabhirna sa badhyate","Actions defile me not. I have no attachment to the fruit of actions. He who knows me thus is not tied down by actions.","machine-aligned; two human reviews pending","ae9394222332b097ef05dd82722475bfcf7877f04efa49d91b18ff8d54d91c40"
"gita.4.15","4","15","Krishna","एवं ज्ञात्वा कृतं कर्म पूर्वैरपि मुमुक्षुभिः।
कुरु कर्मैव तस्मात्त्वं पूर्वैः पूर्वतरं कृतम् ॥","evaṃ jñātvā kṛtaṃ karma pūrvairapi mumukṣubhiḥ
kuru karmaiva tasmāttvaṃ pūrvaiḥ pūrvataraṃ kṛtam","Knowing this, the men of old who wished for final emancipation, performed action.","machine-aligned; two human reviews pending","f77d6358c74086665a67a737ae9f5184d4062af651f1965e6588d74558df50cf"
"gita.4.16","4","16","Krishna","किं कर्म किमकर्मेति कवयोऽप्यत्र मोहिताः।
तत्ते कर्म प्रवक्ष्यामि यज्ज्ञात्वा मोक्ष्यसेऽशुभात् ॥","kiṃ karma kimakarmeti kavayo.apyatra mohitāḥ
tatte karma pravakṣyāmi yajjñātvā mokṣyase.aśubhāt","Therefore do you, too, perform action as was done by men of old in olden times. Even sages are confused as to what is action, what inaction. Therefore I will speak to you about action, and learning that, you will be freed from (this world of) evil. One must possess knowledge about action","machine-aligned; two human reviews pending","addf24d32e40971cee12ea2b4078aea4c7315e24ee417a36bed0dac6f79af2eb"
"gita.4.17","4","17","Krishna","कर्मणो ह्यपि बोद्धव्यं बोद्धव्यं च विकर्मणः।
अकर्मणश्च बोद्धव्यं गहना कर्मणो गतिः ॥","karmaṇo hyapi boddhavyaṃ boddhavyaṃ ca vikarmaṇaḥ
akarmaṇaśca boddhavyaṃ gahanā karmaṇo gatiḥ","one must also possess knowledge about prohibited action and again one must possess knowledge about inaction. The truth regarding action is abstruse.","machine-aligned; two human reviews pending","b977794f293eb1cfc19994c7cb5aa58d073d3d7dc9f6f633dcba6bc535d21d19"
"gita.4.18","4","18","Krishna","कर्मण्यकर्म यः पश्येदकर्मणि च कर्म यः।
स बुद्धिमान्मनुष्येषु स युक्तः कृत्स्नकर्मकृत् ॥","karmaṇyakarma yaḥ paśyedakarmaṇi ca karma yaḥ
sa buddhimānmanuṣyeṣu sa yuktaḥ kṛtsnakarmakṛt","He is wise among men, he is possessed of devotion, and performs all actions, who sees inaction in action, and action in inaction.","machine-aligned; two human reviews pending","c61bb10289a34ba473081a6442c8ddb7dc95aeb4f8cd61025fd29679bb60a831"
"gita.4.19","4","19","Krishna","यस्य सर्वे समारम्भाः कामसङ्कल्पवर्जिताः।
ज्ञानाग्निदग्धकर्माणं तमाहुः पण्डितं बुधाः ॥","yasya sarve samārambhāḥ kāmasaṅkalpavarjitāḥ
jñānāgnidagdhakarmāṇaṃ tamāhuḥ paṇḍitaṃ budhāḥ","The wise call him learned, whose acts are all free from desires and fancies, and whose actions are burnt down by the fire of knowledge.","machine-aligned; two human reviews pending","8caca08aad95a1926455a6845a54ad98fb11307681d39c1b25f10247e013989a"
"gita.4.20","4","20","Krishna","त्यक्त्वा कर्मफलासङ्गं नित्यतृप्तो निराश्रयः।
कर्मण्यभिप्रवृत्तोऽपि नैव किञ्चित्करोति सः ॥","tyaktvā karmaphalāsaṅgaṃ nityatṛpto nirāśrayaḥ
karmaṇyabhipravṛtto.api naiva kiñcitkaroti saḥ","Forsaking all attachment to the fruit of action, always contented, dependent on none, he does nothing at all, though he engages in action.","machine-aligned; two human reviews pending","33c9a7f1f24d14e404558c20c482f2c6ba06eb62d97491b6fc6960acef0ad467"
"gita.4.21","4","21","Krishna","निराशीर्यतचित्तात्मा त्यक्तसर्वपरिग्रहः।
शारीरं केवलं कर्म कुर्वन्नाप्नोति किल्बिषम् ॥","nirāśīryatacittātmā tyaktasarvaparigrahaḥ
śārīraṃ kevalaṃ karma kurvannāpnoti kilbiṣam","Devoid of expectations, restraining the mind and the self, and casting off all belongings, he incurs no sin, performing actions merely for the sake of the body.","machine-aligned; two human reviews pending","004bf819a840439dbd4c1befd910675ab52c412015ee5f3cb414785049b24a6f"
"gita.4.22","4","22","Krishna","यदृच्छालाभसन्तुष्टो द्वन्द्वातीतो विमत्सरः।
समः सिद्धावसिद्धौ च कृत्वापि न निबध्यते ॥","yadṛcchālābhasantuṣṭo dvandvātīto vimatsaraḥ
samaḥ siddhāvasiddhau ca kṛtvāpi na nibadhyate","Satisfied with earnings coming spontaneously rising above the pairs of opposites free from all animosity and equable on success or ill-success he is not fettered down even though he performs (actions).","machine-aligned; two human reviews pending","91571102462d2bf323ba82df6287d1c7b60da00d4c05e98626f37562700e284e"
"gita.4.23","4","23","Krishna","गतसङ्गस्य मुक्तस्य ज्ञानावस्थितचेतसः।
यज्ञायाचरतः कर्म समग्रं प्रविलीयते ॥","gatasaṅgasya muktasya jñānāvasthitacetasaḥ
yajñāyācarataḥ karma samagraṃ pravilīyate","The acts of one who is devoid of attachment who is free whose mind is fixed on knowledge and who performs action for (the purpose of) the sacrifice are all destroyed.","machine-aligned; two human reviews pending","aa4167f1ab4b69cfc42144872cfd3d017f872bf0b4af92b063100825fe3e4be2"
"gita.4.24","4","24","Krishna","ब्रह्मार्पणं ब्रह्म हविर्ब्रह्माग्नौ ब्रह्मणा हुतम्।
ब्रह्मैव तेन गन्तव्यं ब्रह्मकर्मसमाधिना ॥","brahmārpaṇaṃ brahma havirbrahmāgnau brahmaṇā hutam
brahmaiva tena gantavyaṃ brahmakarmasamādhinā","Brahman is the oblation with Brahman (as a sacrificial instrument) it is offered up Brahman is in the fire and by Brahman it is thrown","machine-aligned; two human reviews pending","60413b99ac2ca04d4d501590c0bece33a14490004d86c431445c820731c83230"
"gita.4.25","4","25","Krishna","दैवमेवापरे यज्ञं योगिनः पर्युपासते।
ब्रह्माग्नावपरे यज्ञं यज्ञेनैवोपजुह्वति ॥","daivamevāpare yajñaṃ yoginaḥ paryupāsate
brahmāgnāvapare yajñaṃ yajñenaivopajuhvati","and Brahman, too, is the goal to which he proceeds who meditates on Brahman in the action. Some devotees perform the sacrifice to the gods, some offer up the sacrifice by the sacrifice itself in the fire of Brahman.","machine-aligned; two human reviews pending","2601b76d844963cdb00c0dcf45eda2aebbebd09a0ee1dd24f6fe96903efa7cac"
"gita.4.26","4","26","Krishna","श्रोत्रादीनीन्द्रियाण्यन्ये संयमाग्निषु जुह्वति।
शब्दादीन्विषयानन्य इन्द्रियाग्निषु जुह्वति ॥","śrotrādīnīndriyāṇyanye saṃyamāgniṣu juhvati
śabdādīnviṣayānanya indriyāgniṣu juhvati","Others offer up the senses, such as the sense of hearing and others, in the fires of restraint others offer up the objects of sense, such as sound and so forth, into the fires of the senses.","machine-aligned; two human reviews pending","3b0149fe6fd22bd0ff7c2b1360d15568fd89483c94221d42bded301b03e1c065"
"gita.4.27","4","27","Krishna","सर्वाणीन्द्रियकर्माणि प्राणकर्माणि चापरे।
आत्मसंयमयोगाग्नौ जुह्वति ज्ञानदीपिते ॥","sarvāṇīndriyakarmāṇi prāṇakarmāṇi cāpare
ātmasaṃyamayogāgnau juhvati jñānadīpite","Some again offer up all the operations of the senses and the operations of the life-breaths into the fire of devotion by self-restraint, kindled by knowledge. Others perform the sacrifice of wealth the sacrifice of penance the sacrifice of concentration of mind","machine-aligned; two human reviews pending","1872efcca9a7729e0f704be4164832ac28903e693c073f1559ae4b12e0d30f55"
"gita.4.28","4","28","Krishna","द्रव्ययज्ञास्तपोयज्ञा योगयज्ञास्तथापरे।
स्वाध्यायज्ञानयज्ञाश्च यतयः संशितव्रताः ॥","dravyayajñāstapoyajñā yogayajñāstathāpare
svādhyāyajñānayajñāśca yatayaḥ saṃśitavratāḥ","the sacrifice of Vedic study and of knowledge and others are ascetics of rigid vows.","machine-aligned; two human reviews pending","9970d4955d93d912f62edc6caf8b355010377b2f37dd137c2056f526a3b1d1fc"
"gita.4.29","4","29","Krishna","अपाने जुह्वति प्राणं प्राणेऽपानं तथापरे।
प्राणापानगती रुद्ध्वा प्राणायामपरायणाः ॥","apāne juhvati prāṇaṃ prāṇe.apānaṃ tathāpare
prāṇāpānagatī ruddhvā prāṇāyāmaparāyaṇāḥ","Some offer up the upward life-breath into the downward life-breath and the downward life-breath into the upper life-breath and stopping up the motions of the upward and downward life-breaths devote themselves to the restraint of the life-breaths.","machine-aligned; two human reviews pending","bfbb02004a22f58d018a2e5d945e3d415c2fcc676b932d7dd156d5e475831019"
"gita.4.30","4","30","Krishna","अपरे नियताहाराः प्राणान्प्राणेषु जुह्वति।
सर्वेऽप्येते यज्ञविदो यज्ञक्षपितकल्मषाः ॥","apare niyatāhārāḥ prāṇānprāṇeṣu juhvati
sarve.apyete yajñavido yajñakṣapitakalmaṣāḥ","Others, who (take) limited food, offer up the life-breaths into the life-breaths. All of these, conversant with the sacrifice, have their sins destroyed by the sacrifice.","machine-aligned; two human reviews pending","ac90681fb12e8f936925f2781fad9b11555206fbcd539157b10c66bc6f80addb"
"gita.4.31","4","31","Krishna","यज्ञशिष्टामृतभुजो यान्ति ब्रह्म सनातनम्।
नायं लोकोऽस्त्ययज्ञस्य कुतोऽन्यः कुरुसत्तम ॥","yajñaśiṣṭāmṛtabhujo yānti brahma sanātanam
nāyaṃ loko.astyayajñasya kuto.anyaḥ kurusattama","Those who eat the nectar-like leavings of the sacrifice repair to the eternal Brahman. This world is not for those who perform no sacrifice, whence (then) the other, O best of the Kauravas!","machine-aligned; two human reviews pending","f0189c1291394f33529338a65771b7527c15d7c93c5b4f05080237b75709eb71"
"gita.4.32","4","32","Krishna","एवं बहुविधा यज्ञा वितता ब्रह्मणो मुखे।
कर्मजान्विद्धि तान्सर्वानेवं ज्ञात्वा विमोक्ष्यसे ॥","evaṃ bahuvidhā yajñā vitatā brahmaṇo mukhe
karmajānviddhi tānsarvānevaṃ jñātvā vimokṣyase","Thus sacrifices of various sorts are laid down in the Vedas . Know them all to be produced from action, and knowing this you will be released (from the fetters of this world). The sacrifice of knowledge O terror of (your) foes! is superior to the sacrifice of wealth for action","machine-aligned; two human reviews pending","5c38fcefee8b85014d5a4407e415cabdbfc3e69017d81669ef1d64b6e8e71254"
"gita.4.33","4","33","Krishna","श्रेयान्द्रव्यमयाद्यज्ञाज्ज्ञानयज्ञः परन्तप।
सर्वं कर्माखिलं पार्थ ज्ञाने परिसमाप्यते ॥","śreyāndravyamayādyajñājjñānayajñaḥ parantapa
sarvaṃ karmākhilaṃ pārtha jñāne parisamāpyate","O son of Pṛthā! is wholly and entirely comprehended in knowledge. That you should learn by salutation question","machine-aligned; two human reviews pending","ce367d0aee9eb5ca30464343a5b72b2055fcad27b7fc8e0b4892deb8810c51e0"
"gita.4.34","4","34","Krishna","तद्विद्धि प्रणिपातेन परिप्रश्नेन सेवया।
उपदेक्ष्यन्ति ते ज्ञानं ज्ञानिनस्तत्त्वदर्शिनः ॥","tadviddhi praṇipātena paripraśnena sevayā
upadekṣyanti te jñānaṃ jñāninastattvadarśinaḥ","and service. The men of knowledge who perceive the truth will teach knowledge to you.","machine-aligned; two human reviews pending","6a35edde0d9c76eb0e46525d16ece8c2de40ea7bcd7ff3626b6a7efc9cad3d79"
"gita.4.35","4","35","Krishna","यज्ज्ञात्वा न पुनर्मोहमेवं यास्यसि पाण्डव।
येन भूतान्यशेषेण द्रक्ष्यस्यात्मन्यथो मयि (var अशेषाणि) ॥","yajjñātvā na punarmohamevaṃ yāsyasi pāṇḍava
yena bhūtānyaśeṣāṇi drakṣyasyātmanyatho mayi","Having learnt that, O son of Pāṇḍu! you will not again fall thus into delusion and by means of it, you will see all beings, without exception, first in yourself, and then in me.","machine-aligned; two human reviews pending","f8c704dba82c81a943098082446a3c25eeb5adf99af40f411fef1a3680fde574"
"gita.4.36","4","36","Krishna","अपि चेदसि पापेभ्यः सर्वेभ्यः पापकृत्तमः।
सर्वं ज्ञानप्लवेनैव वृजिनं सन्तरिष्यसि ॥","api cedasi pāpebhyaḥ sarvebhyaḥ pāpakṛttamaḥ
sarvaṃ jñānaplavenaiva vṛjinaṃ santariṣyasi","Even if you are the most sinful of all sinful men","machine-aligned; two human reviews pending","29b7fa5b0f26d35d23fb9c6ad1c8889bed6ccb97b3e51b5e17e56e4be170e47d"
"gita.4.37","4","37","Krishna","यथैधांसि समिद्धोऽग्निर्भस्मसात्कुरुतेऽर्जुन।
ज्ञानाग्निः सर्वकर्माणि भस्मसात्कुरुते तथा ॥","yathaidhāṃsi samiddho.agnirbhasmasātkurute.arjuna
jñānāgniḥ sarvakarmāṇi bhasmasātkurute tathā","you will cross over all trespasses by means of the boat of knowledge alone. As a fire well kindled O Arjuna! reduces fuel to ashes","machine-aligned; two human reviews pending","deb8b34a14137691a8761b1770ad45f59a3e1c0b6982766233ca3acdec0b8919"
"gita.4.38","4","38","Krishna","न हि ज्ञानेन सदृशं पवित्रमिह विद्यते।
तत्स्वयं योगसंसिद्धः कालेनात्मनि विन्दति ॥","na hi jñānena sadṛśaṃ pavitramiha vidyate
tatsvayaṃ yogasaṃsiddhaḥ kālenātmani vindati","so the fire of knowledge reduces all actions to ashes. For there is in this world no means of sanctification like knowledge and that one perfected by devotion finds within one's self in time.","machine-aligned; two human reviews pending","66f69428e22676d3ec827e233159afc4a484a6e8c5bd8a0bb0fda72fb9b51627"
"gita.4.39","4","39","Krishna","श्रद्धावाँल्लभते ज्ञानं तत्परः संयतेन्द्रियः।
ज्ञानं लब्ध्वा परां शान्तिमचिरेणाधिगच्छति ॥","śraddhāvā.Nllabhate jñānaṃ tatparaḥ saṃyatendriyaḥ
jñānaṃ labdhvā parāṃ śāntimacireṇādhigacchati","He who has faith, whose senses are restrained, and who is assiduous, obtains knowledge. Obtaining knowledge, he acquires, without delay, the highest tranquillity.","machine-aligned; two human reviews pending","d114769301cd01f7646bdb67eb284203c3406120f79cd567b910b62a2e9c5887"
"gita.4.40","4","40","Krishna","अज्ञश्चाश्रद्दधानश्च संशयात्मा विनश्यति।
नायं लोकोऽस्ति न परो न सुखं संशयात्मनः ॥","ajñaścāśraddadhānaśca saṃśayātmā vinaśyati
nāyaṃ loko.asti na paro na sukhaṃ saṃśayātmanaḥ","He who is ignorant and devoid of faith, and whose self is full of misgivings, is ruined. Not this world, not the next, nor happiness, is for him whose self is full of misgivings.","machine-aligned; two human reviews pending","fa662d8e6917687094459dabd32a225c7e4bf5ab0504b9f7f5a1de730ac9a3d6"
"gita.4.41","4","41","Krishna","योगसंन्यस्तकर्माणं ज्ञानसञ्छिन्नसंशयम्।
आत्मवन्तं न कर्माणि निबध्नन्ति धनञ्जय ॥","yogasaṃnyastakarmāṇaṃ jñānasañchinnasaṃśayam
ātmavantaṃ na karmāṇi nibadhnanti dhanañjaya","Actions, O Dhanañjaya ! do not fetter one who is self-possessed, who has renounced action by devotion, and who has destroyed misgivings by knowledge.","machine-aligned; two human reviews pending","0dbd06eba26d4f62bcc536f3a2c58822a71d92432375551bd4aaa8ef50e94d98"
"gita.4.42","4","42","Krishna","तस्मादज्ञानसम्भूतं हृत्स्थं ज्ञानासिनात्मनः।
छित्त्वैनं संशयं योगमातिष्ठोत्तिष्ठ भारत ॥","tasmādajñānasambhūtaṃ hṛtsthaṃ jñānāsinātmanaḥ
chittvainaṃ saṃśayaṃ yogamātiṣṭhottiṣṭha bhārata","Therefore, O descendant of Bharata! destroy, with the sword of knowledge, these misgivings of yours which fill your mind, and which are produced from ignorance. Engage in devotion. Arise!","machine-aligned; two human reviews pending","35d00a7013a1c1518ec3a01c557e94f26c4cba1758a974990471c51126c2fe58"
"gita.5.1","5","1","Arjuna","अर्जुन उवाच।
संन्यासं कर्मणां कृष्ण पुनर्योगं च शंससि।
यच्छ्रेय एतयोरेकं तन्मे ब्रूहि सुनिश्चितम् ॥","arjuna uvāca
saṃnyāsaṃ karmaṇāṃ kṛṣṇa punaryogaṃ ca śaṃsasi
yacchreya etayorekaṃ tanme brūhi suniścitam","O Kṛṣṇa ! you praise renunciation of actions and also the pursuit (of them). Tell me determinately which one of these two is superior.","machine-aligned; two human reviews pending","157a4e179f16de139e5bcbeb3b45caa9f4486b8a48ae2eab0c591d4948ac0a0c"
"gita.5.2","5","2","Krishna","श्रीभगवानुवाच।
संन्यासः कर्मयोगश्च निःश्रेयसकरावुभौ।
तयोस्तु कर्मसंन्यासात्कर्मयोगो विशिष्यते ॥","śrībhagavānuvāca
saṃnyāsaḥ karmayogaśca niḥśreyasakarāvubhau
tayostu karmasaṃnyāsātkarmayogo viśiṣyate","Renunciation and pursuit of action are both instruments of happiness. But of the two, pursuit of action is superior to renunciation of action.","machine-aligned; two human reviews pending","72901c14d3ea6f8866aec40d97d4af28d73343114336e6bce264ad55ff4d16c3"
"gita.5.3","5","3","Krishna","ज्ञेयः स नित्यसंन्यासी यो न द्वेष्टि न काङ्क्षति।
निर्द्वन्द्वो हि महाबाहो सुखं बन्धात्प्रमुच्यते ॥","jñeyaḥ sa nityasaṃnyāsī yo na dveṣṭi na kāṅkṣati
nirdvandvo hi mahābāho sukhaṃ bandhātpramucyate","He should be understood to be always an ascetic who has no aversion and no desire. For O you of mighty arms! he who is free from the pairs of opposites is easily released from (all) bonds.","machine-aligned; two human reviews pending","efc8e536be207129fed5c6c08497312fefec82082b00b9b52cb78dca7eb65ae3"
"gita.5.4","5","4","Krishna","साङ्ख्ययोगौ पृथग्बालाः प्रवदन्ति न पण्डिताः।
एकमप्यास्थितः सम्यगुभयोर्विन्दते फलम् ॥","sāṅkhyayogau pṛthagbālāḥ pravadanti na paṇḍitāḥ
ekamapyāsthitaḥ samyagubhayorvindate phalam","Children—not wise men—talk of saṅkhya and yoga as distinct. One who pursues either well obtains the fruit of both.","machine-aligned; two human reviews pending","5669b0313deb5266dde074704d3d48a4a2b76b08861b9624c1e4aa8431f34596"
"gita.5.5","5","5","Krishna","यत्साङ्ख्यैः प्राप्यते स्थानं तद्योगैरपि गम्यते।
एकं साङ्ख्यं च योगं च यः पश्यति स पश्यति ॥","yatsāṅkhyaiḥ prāpyate sthānaṃ tadyogairapi gamyate
ekaṃ sāṅkhyaṃ ca yogaṃ ca yaḥ paśyati sa paśyati","The seat which the sāṅkhyas obtain is reached by the yogas also. He sees (truly), who sees the sāṅkhya and yoga as one.","machine-aligned; two human reviews pending","5ae399173e7e50a48f7ac1ef56ccb186e9712c70fede13e992f8753dfb91ab15"
"gita.5.6","5","6","Krishna","संन्यासस्तु महाबाहो दुःखमाप्तुमयोगतः।
योगयुक्तो मुनिर्ब्रह्म नचिरेणाधिगच्छति ॥","saṃnyāsastu mahābāho duḥkhamāptumayogataḥ
yogayukto munirbrahma nacireṇādhigacchati","Renunciation, O you of mighty arms! is difficult to reach without devotion the sage possessed of devotion attains Brahman without delay.","machine-aligned; two human reviews pending","c52b543733ad90cceb2e8b9a9aa040c2a44d0863c1c9bc13490e1de07010131f"
"gita.5.7","5","7","Krishna","योगयुक्तो विशुद्धात्मा विजितात्मा जितेन्द्रियः।
सर्वभूतात्मभूतात्मा कुर्वन्नपि न लिप्यते ॥","yogayukto viśuddhātmā vijitātmā jitendriyaḥ
sarvabhūtātmabhūtātmā kurvannapi na lipyate","He who is possessed of devotion whose self is pure who has restrained his self and who has controlled his senses and who identifies his self with every being is not tainted though he performs (actions). The man of devotion who knows the truth thinks he does nothing at all when he sees hears","machine-aligned; two human reviews pending","145ef577aa2149b10dcffe003a02d639fb8f4b5cce5b2b12c86f25d0fe79a0ab"
"gita.5.8","5","8","Krishna","नैव किञ्चित्करोमीति युक्तो मन्येत तत्त्ववित्।
पश्यञ्शृण्वन्स्पृशञ्जिघ्रन्नश्नन्गच्छन्स्वपञ्श्वसन् ॥","naiva kiñcitkaromīti yukto manyeta tattvavit
paśyañśruṇvanspṛśañjighrannaśnangacchansvapañśvasan","touches smells eats move-b sleeps breathes","machine-aligned; two human reviews pending","0cab56fba72a6f3e187ea4bf981094e921b305023d72b622cbadf5417746946a"
"gita.5.9","5","9","Krishna","प्रलपन्विसृजन्गृह्णन्नुन्मिषन्निमिषन्नपि।
इन्द्रियाणीन्द्रियार्थेषु वर्तन्त इति धारयन् ॥","pralapanvisṛjangṛhṇannunmiṣannimiṣannapi
indriyāṇīndriyārtheṣu vartanta iti dhārayan","talks throws out takes opens or closes the eyelids he holds that the senses deal with the objects of the senses.","machine-aligned; two human reviews pending","f60770fe3e47ca165e5260c6d5b01028d5f427cb64bf36ff752c80197843f165"
"gita.5.10","5","10","Krishna","ब्रह्मण्याधाय कर्माणि सङ्गं त्यक्त्वा करोति यः।
लिप्यते न स पापेन पद्मपत्रमिवाम्भसा ॥","brahmaṇyādhāya karmāṇi saṅgaṃ tyaktvā karoti yaḥ
lipyate na sa pāpena padmapatramivāmbhasā","He who, casting off (all) attachment, performs actions dedicating them to Brahman, is not tainted by sin, as the lotus-leaf (is not tainted) by water.","machine-aligned; two human reviews pending","57413d22b8ba3cb10a1b307f6ba6e388ceb4c8044e727a5126cbc2296db7827a"
"gita.5.11","5","11","Krishna","कायेन मनसा बुद्ध्या केवलैरिन्द्रियैरपि।
योगिनः कर्म कुर्वन्ति सङ्गं त्यक्त्वात्मशुद्धये ॥","kāyena manasā buddhyā kevalairindriyairapi
yoginaḥ karma kurvanti saṅgaṃ tyaktvātmaśuddhaye","Devotees, casting off attachment, perform actions for attaining purity of self, with the body, the mind, the understanding, or even the senses—(all) free (from egoistic notions).","machine-aligned; two human reviews pending","79e488d4b50d58deae40eed57afc1561ed32d3d93f9044ede306c228ea0e2a8b"
"gita.5.12","5","12","Krishna","युक्तः कर्मफलं त्यक्त्वा शान्तिमाप्नोति नैष्ठिकीम्।
अयुक्तः कामकारेण फले सक्तो निबध्यते ॥","yuktaḥ karmaphalaṃ tyaktvā śāntimāpnoti naiṣṭhikīm
ayuktaḥ kāmakāreṇa phale sakto nibadhyate","He who is possessed of devotion, abandoning the fruit of actions, attains the highest tranquillity. He who is without devotion, and attached to the fruit (of action), is tied down by (reason of his) acting in consequence of (some) desire.","machine-aligned; two human reviews pending","e0809a926fe7f9dc0f69f9d272efc69f6523d26c275be89cab2f4a5f2b040f9e"
"gita.5.13","5","13","Krishna","सर्वकर्माणि मनसा संन्यस्यास्ते सुखं वशी।
नवद्वारे पुरे देही नैव कुर्वन्न कारयन् ॥","sarvakarmāṇi manasā saṃnyasyāste sukhaṃ vaśī
navadvāre pure dehī naiva kurvanna kārayan","The self-restrained, embodied (self) lies at case within the city of nine portals, renouncing all actions by the mind, not doing nor causing (any thing) to be done.","machine-aligned; two human reviews pending","4edbb0009581db947ca4c6c78c943ac60042a5e2e262e4c2d3a2f9757f69d136"
"gita.5.14","5","14","Krishna","न कर्तृत्वं न कर्माणि लोकस्य सृजति प्रभुः।
न कर्मफलसंयोगं स्वभावस्तु प्रवर्तते ॥","na kartṛtvaṃ na karmāṇi lokasya sṛjati prabhuḥ
na karmaphalasaṃyogaṃ svabhāvastu pravartate","The Lord is not the cause of actions or of the capacity of performing actions amongst men or of the connexion of action and fruit. But nature only works.","machine-aligned; two human reviews pending","27f54df78e0501ecad652d55fe79b3481dd18751c182776cb5f4dba2559bc803"
"gita.5.15","5","15","Krishna","नादत्ते कस्यचित्पापं न चैव सुकृतं विभुः।
अज्ञानेनावृतं ज्ञानं तेन मुह्यन्ति जन्तवः ॥","nādatte kasyacitpāpaṃ na caiva sukṛtaṃ vibhuḥ
ajñānenāvṛtaṃ jñānaṃ tena muhyanti jantavaḥ","The Lord receives no one's sin, nor merit either. Knowledge is enveloped by ignorance","machine-aligned; two human reviews pending","453bd671f50c472e5627bb74a1544c6e7f02b10d4d6cc0d9c0b02e6af18d6ccc"
"gita.5.16","5","16","Krishna","ज्ञानेन तु तदज्ञानं येषां नाशितमात्मनः।
तेषामादित्यवज्ज्ञानं प्रकाशयति तत्परम् ॥","jñānena tu tadajñānaṃ yeṣāṃ nāśitamātmanaḥ
teṣāmādityavajjñānaṃ prakāśayati tatparam","hence all creatures are deluded. But to those who have destroyed that ignorance by knowledge of the self, (such) knowledge like the sun","machine-aligned; two human reviews pending","ff408087cf229585431d9bc0803077f3850cd753d2520a1b0b10e9cad7d18c5b"
"gita.5.17","5","17","Krishna","तद्बुद्धयस्तदात्मानस्तन्निष्ठास्तत्परायणाः।
गच्छन्त्यपुनरावृत्तिं ज्ञाननिर्धूतकल्मषाः ॥","tadbuddhayastadātmānastanniṣṭhāstatparāyaṇāḥ
gacchantyapunarāvṛttiṃ jñānanirdhūtakalmaṣāḥ","shows forth that supreme (principle). And those whose mind is (centred) on it whose (very) self it is who are thoroughly devoted to it and whose final goal it is go never to return having their sins destroyed by knowledge.","machine-aligned; two human reviews pending","30b0cff57eae2e19d40a57778c98d7215ccd2169ba244770ba37308699aae9db"
"gita.5.18","5","18","Krishna","विद्याविनयसम्पन्ने ब्राह्मणे गवि हस्तिनि।
शुनि चैव श्वपाके च पण्डिताः समदर्शिनः ॥","vidyāvinayasampanne brāhmaṇe gavi hastini
śuni caiva śvapāke ca paṇḍitāḥ samadarśinaḥ","The wise look upon a Brāhmaṇa possessed of learning and humility, on a cow, an elephant, a dog, and a Śvapāka, as alike.","machine-aligned; two human reviews pending","e71364663f9ad5c951e4dc53ac301fa3e75443dab81fb289c0e5a054f6f18e92"
"gita.5.19","5","19","Krishna","इहैव तैर्जितः सर्गो येषां साम्ये स्थितं मनः।
निर्दोषं हि समं ब्रह्म तस्माद् ब्रह्मणि ते स्थिताः ॥","ihaiva tairjitaḥ sargo yeṣāṃ sāmye sthitaṃ manaḥ
nirdoṣaṃ hi samaṃ brahma tasmād brahmaṇi te sthitāḥ","Even here, those have conquered the material world, whose mind rests in equability since Brahman is free from defects and equable, therefore they rest in Brahman. He who knows Brahman whose mind is steady who is not deluded","machine-aligned; two human reviews pending","55edb892655b32591b96da19e88251935b14545b4e32c76c3d3446b36df89d9d"
"gita.5.20","5","20","Krishna","न प्रहृष्येत्प्रियं प्राप्य नोद्विजेत्प्राप्य चाप्रियम्।
स्थिरबुद्धिरसम्मूढो ब्रह्मविद् ब्रह्मणि स्थितः ॥","na prahṛṣyetpriyaṃ prāpya nodvijetprāpya cāpriyam
sthirabuddhirasammūḍho brahmavid brahmaṇi sthitaḥ","and who rests in Brahman","machine-aligned; two human reviews pending","90af1d3f58431b25bed8067bd6d6ccf5fff5bf99dfc753d1f2033fa95dc60715"
"gita.5.21","5","21","Krishna","बाह्यस्पर्शेष्वसक्तात्मा विन्दत्यात्मनि यत्सुखम्।
स ब्रह्मयोगयुक्तात्मा सुखमक्षयमश्नुते ॥","bāhyasparśeṣvasaktātmā vindatyātmani yatsukham
sa brahmayogayuktātmā sukhamakṣayamaśnute","does not exult on finding anything agreeable nor does he grieve on finding anything disagreeable. One whose self is not attached to external objects, obtains the happiness that is in (one's) self and by means of concentration of mind joining one's self (with the Brahman)","machine-aligned; two human reviews pending","d427e6d708aba672df60f84519dba23049c9e539b392b4b9bc2cac5ca85bf0f8"
"gita.5.22","5","22","Krishna","ये हि संस्पर्शजा भोगा दुःखयोनय एव ते।
आद्यन्तवन्तः कौन्तेय न तेषु रमते बुधः ॥","ye hi saṃsparśajā bhogā duḥkhayonaya eva te
ādyantavantaḥ kaunteya na teṣu ramate budhaḥ","one obtains indestructible happiness. For the enjoyments born of contact (between senses and their objects) are indeed sources of misery they have a beginning as well as an end. O son of Kuntī ! a wise man feels no pleasure in them.","machine-aligned; two human reviews pending","14709e33ae4ecb2aae573376c77d896791e9ca1c861d85a495a3023943db1e68"
"gita.5.23","5","23","Krishna","शक्नोतीहैव यः सोढुं प्राक्शरीरविमोक्षणात्।
कामक्रोधोद्भवं वेगं स युक्तः स सुखी नरः ॥","śaknotīhaiva yaḥ soḍhuṃ prākśarīravimokṣaṇāt
kāmakrodhodbhavaṃ vegaṃ sa yuktaḥ sa sukhī naraḥ","He who even in this world before his release from the body is able to bear the agitations produced from desire and wrath is a devoted man he is a happy man.","machine-aligned; two human reviews pending","6afe3f5a586d0a9db237378fe28ae5538d43c542e9ac9b70bb7bcd62f41fa240"
"gita.5.24","5","24","Krishna","योऽन्तःसुखोऽन्तरारामस्तथान्तर्ज्योतिरेव यः।
स योगी ब्रह्मनिर्वाणं ब्रह्मभूतोऽधिगच्छति ॥","yo.antaḥsukho.antarārāmastathāntarjyotireva yaḥ
sa yogī brahmanirvāṇaṃ brahmabhūto.adhigacchati","The devotee whose happiness is within (himself) whose recreation is within (himself) and whose light (of knowledge) also is within (himself) becoming (one with) the Brahman","machine-aligned; two human reviews pending","8a82d1ea80e99a2207c5557ec98d06f3427edc8b70728e5287d6d2e143ef4111"
"gita.5.25","5","25","Krishna","लभन्ते ब्रह्मनिर्वाणमृषयः क्षीणकल्मषाः।
छिन्नद्वैधा यतात्मानः सर्वभूतहिते रताः ॥","labhante brahmanirvāṇamṛṣayaḥ kṣīṇakalmaṣāḥ
chinnadvaidhā yatātmānaḥ sarvabhūtahite ratāḥ","obtain the Brahmic bliss. The sages whose sins have perished whose misgivings are destroyed who are self-restrained and who are intent on the welfare of all beings","machine-aligned; two human reviews pending","c634503068d52384cad7f7e08e52e9a64757b3cd4416f7e503f7151ea7e69a1e"
"gita.5.26","5","26","Krishna","कामक्रोधवियुक्तानां यतीनां यतचेतसाम्।
अभितो ब्रह्मनिर्वाणं वर्तते विदितात्मनाम् ॥","kāmakrodhaviyuktānāṃ yatīnāṃ yatacetasām
abhito brahmanirvāṇaṃ vartate viditātmanām","obtain the Brahmic bliss. To the ascetics who are free from desire and wrath and whose minds are restrained and who have knowledge of the self","machine-aligned; two human reviews pending","ad7c62f900ab2b4ab1a0564314cd35e8be695301ad08aa414460f6fd2bf8fb7b"
"gita.5.27","5","27","Krishna","स्पर्शान्कृत्वा बहिर्बाह्यांश्चक्षुश्चैवान्तरे भ्रुवोः।
प्राणापानौ समौ कृत्वा नासाभ्यन्तरचारिणौ ॥","sparśānkṛtvā bahirbāhyāṃścakṣuścaivāntare bhruvoḥ
prāṇāpānau samau kṛtvā nāsābhyantaracāriṇau","the Brahmic bliss is on both sides (of death). The sage who excludes (from his mind) external objects, (concentrates) the visual power between the brows and making the upward and downward life-breaths even confines their movements within the nose","machine-aligned; two human reviews pending","16e8e8a896c3a32068864d0003fe38513853a910ddc25f726b108082f3c933ac"
"gita.5.28","5","28","Krishna","यतेन्द्रियमनोबुद्धिर्मुनिर्मोक्षपरायणः।
विगतेच्छाभयक्रोधो यः सदा मुक्त एव सः ॥","yatendriyamanobuddhirmunirmokṣaparāyaṇaḥ
vigatecchābhayakrodho yaḥ sadā mukta eva saḥ","who restrains senses mind and understanding whose highest goal is final emancipation from whom desire fear","machine-aligned; two human reviews pending","59b223fd5d9167f2107d65c62c2e2c4d5ae919aff72ee53f31eea9c6066c370e"
"gita.5.29","5","29","Krishna","भोक्तारं यज्ञतपसां सर्वलोकमहेश्वरम्।
सुहृदं सर्वभूतानां ज्ञात्वा मां शान्तिमृच्छति ॥","bhoktāraṃ yajñatapasāṃ sarvalokamaheśvaram
suhṛdaṃ sarvabhūtānāṃ jñātvā māṃ śāntimṛcchati","and wrath have departed is indeed for ever released (from birth and death). He knowing me to be the enjoyer of all sacrifices and penances, the great Lord of all worlds, and the friend of all beings, attains tranquillity.","machine-aligned; two human reviews pending","1306d6aac24f1522567e2fb72940ae1e99c5c8bc7d002f1b76c414360a369b03"
"gita.6.1","6","1","Krishna","श्रीभगवानुवाच।
अनाश्रितः कर्मफलं कार्यं कर्म करोति यः।
स संन्यासी च योगी च न निरग्निर्न चाक्रियः ॥","śrībhagavānuvāca
anāśritaḥ karmaphalaṃ kāryaṃ karma karoti yaḥ
sa saṃnyāsī ca yogī ca na niragnirna cākriyaḥ","He who, regardless of the fruit of actions, performs the actions which ought to be performed, is the devotee and renouncer not he who discards the (sacred) fires, nor he who performs no acts.","machine-aligned; two human reviews pending","b365fc26e1e7f1f4bc9094f1dec7ac45e9a54d29b88906de1cb022b65a8a8c9a"
"gita.6.2","6","2","Krishna","यं संन्यासमिति प्राहुर्योगं तं विद्धि पाण्डव।
न ह्यसंन्यस्तसङ्कल्पो योगी भवति कश्चन ॥","yaṃ saṃnyāsamiti prāhuryogaṃ taṃ viddhi pāṇḍava
na hyasaṃnyastasaṅkalpo yogī bhavati kaścana","Know, O son of Pāṇḍu! that what is called renunciation is devotion for nobody becomes a devotee who has not renounced (all) fancies. To the sage who wishes to rise to devotion","machine-aligned; two human reviews pending","80e59f4b88b5d4856faadf5fc2435be2da87bc21963385988eba5373d4a37c24"
"gita.6.3","6","3","Krishna","आरुरुक्षोर्मुनेर्योगं कर्म कारणमुच्यते।
योगारूढस्य तस्यैव शमः कारणमुच्यते ॥","ārurukṣormuneryogaṃ karma kāraṇamucyate
yogārūḍhasya tasyaiva śamaḥ kāraṇamucyate","action is said to be a means and to him when he has risen to devotion tranquillity is said to be a means. When one does not attach oneself to objects of sense","machine-aligned; two human reviews pending","5c161121467461c96ab47bb54639e43f548db783b8e2b629d4a455885b4ca203"
"gita.6.4","6","4","Krishna","यदा हि नेन्द्रियार्थेषु न कर्मस्वनुषज्जते।
सर्वसङ्कल्पसंन्यासी योगारूढस्तदोच्यते ॥","yadā hi nendriyārtheṣu na karmasvanuṣajjate
sarvasaṅkalpasaṃnyāsī yogārūḍhastadocyate","nor to action renouncing all fancies then is one said to have risen to devotion.","machine-aligned; two human reviews pending","0152ea1dad335521998f44166a961ad1ab392949475087f377eb9bcbe972266c"
"gita.6.5","6","5","Krishna","उद्धरेदात्मनात्मानं नात्मानमवसादयेत्।
आत्मैव ह्यात्मनो बन्धुरात्मैव रिपुरात्मनः ॥","uddharedātmanātmānaṃ nātmānamavasādayet
ātmaiva hyātmano bandhurātmaiva ripurātmanaḥ","(A man) should elevate his self by his self he should not debase his self for even (a man's) own self is his friend, (a man's) own self is also his enemy. To him who has subjugated his self by his self","machine-aligned; two human reviews pending","f6c1f85cbbedcd89f21d7ad7be0711de4560daa90f106266b94f0abb1e6aad38"
"gita.6.6","6","6","Krishna","बन्धुरात्मात्मनस्तस्य येनात्मैवात्मना जितः।
अनात्मनस्तु शत्रुत्वे वर्तेतात्मैव शत्रुवत् ॥","bandhurātmātmanastasya yenātmaivātmanā jitaḥ
anātmanastu śatrutve vartetātmaiva śatruvat","his self is a friend but to him who has not restrained his self, his own self behaves inimically, like an enemy. The self of one who has subjugated his self and is tranquil is absolutely concentrated (on itself)","machine-aligned; two human reviews pending","e65b155f406de2d4a0205bfc094ce8eb657c92e3a370b0985030f9c1e8e79d80"
"gita.6.7","6","7","Krishna","जितात्मनः प्रशान्तस्य परमात्मा समाहितः।
शीतोष्णसुखदुःखेषु तथा मानापमानयोः ॥","jitātmanaḥ praśāntasya paramātmā samāhitaḥ
śītoṣṇasukhaduḥkheṣu tathā mānāpamānayoḥ","in the midst of cold and heat pleasure and pain as well as honour and dishonour.","machine-aligned; two human reviews pending","1dcf4801acf3ab2cbd39bd68e0910bfc4d650794079ccdc2626d4e403df271e5"
"gita.6.8","6","8","Krishna","ज्ञानविज्ञानतृप्तात्मा कूटस्थो विजितेन्द्रियः।
युक्त इत्युच्यते योगी समलोष्टाश्मकाञ्चनः ॥","jñānavijñānatṛptātmā kūṭastho vijitendriyaḥ
yukta ityucyate yogī samaloṣṭāśmakāñcanaḥ","The devotee whose self is contented with knowledge and experience who is unmoved who has restrained his senses and to whom a sod a stone and gold are alike is said to be devoted. And he is esteemed highest who thinks alike about well-wishers","machine-aligned; two human reviews pending","8ccf4c63b0b73c0e66e5284565c7dce91f283264c61464a1d071a4aac64b462a"
"gita.6.9","6","9","Krishna","सुहृन्मित्रार्युदासीनमध्यस्थद्वेष्यबन्धुषु।
साधुष्वपि च पापेषु समबुद्धिर्विशिष्यते ॥","suhṛnmitrāryudāsīnamadhyasthadveṣyabandhuṣu
sādhuṣvapi ca pāpeṣu samabuddhirviśiṣyate","friends and enemies and those who are indifferent","machine-aligned; two human reviews pending","d708390b30955973178d1cacc58baea914e976dea6a95690c555fd30a17bd694"
"gita.6.10","6","10","Krishna","योगी युञ्जीत सततमात्मानं रहसि स्थितः।
एकाकी यतचित्तात्मा निराशीरपरिग्रहः ॥","yogī yuñjīta satatamātmānaṃ rahasi sthitaḥ
ekākī yatacittātmā nirāśīraparigrahaḥ","and those who take part with both sides and those who are objects of hatred and relatives as well as about the good and the sinful. A devotee should constantly devote his self to abstraction, remaining in a secret place, alone, with his mind and self restrained, without expectations, and without belongings.","machine-aligned; two human reviews pending","69dfbdb57b979753a1dc29193ad8ed009a1652abdde17c1aa7e96041c6d14054"
"gita.6.11","6","11","Krishna","शुचौ देशे प्रतिष्ठाप्य स्थिरमासनमात्मनः।
नात्युच्छ्रितं नातिनीचं चैलाजिनकुशोत्तरम् ॥","śucau deśe pratiṣṭhāpya sthiramāsanamātmanaḥ
nātyucchritaṃ nātinīcaṃ cailājinakuśottaram","Fixing his seat firmly in a clean place not too high nor too low and covered over with a sheet of cloth a deerskin and (blades of) Kuśa (grass),—and there seated on (that) seat","machine-aligned; two human reviews pending","f2c34807c687405dc78db07e6fb60358f0f5ef9bda10f3e856f23a679a6dda2b"
"gita.6.12","6","12","Krishna","तत्रैकाग्रं मनः कृत्वा यतचित्तेन्द्रियक्रियः।
उपविश्यासने युञ्ज्याद्योगमात्मविशुद्धये ॥","tatraikāgraṃ manaḥ kṛtvā yatacittendriyakriyaḥ
upaviśyāsane yuñjyādyogamātmaviśuddhaye","fixing his mind exclusively on one point with the workings of the mind and senses restrained he should practice devotion for purity of self.","machine-aligned; two human reviews pending","22ee31e4abf9f7c4596cdb5039bc7e15f06d1b58d9ee9850ddab5b6092202429"
"gita.6.13","6","13","Krishna","समं कायशिरोग्रीवं धारयन्नचलं स्थिरः।
सम्प्रेक्ष्य नासिकाग्रं स्वं दिशश्चानवलोकयन् ॥","samaṃ kāyaśirogrīvaṃ dhārayannacalaṃ sthiraḥ
samprekṣya nāsikāgraṃ svaṃ diśaścānavalokayan","Holding his body head","machine-aligned; two human reviews pending","8fd8dc3692ec28339c041f249e9f3155efff301f6d26607ea48e6a4a3cf84af6"
"gita.6.14","6","14","Krishna","प्रशान्तात्मा विगतभीर्ब्रह्मचारिव्रते स्थितः।
मनः संयम्य मच्चित्तो युक्त आसीत मत्परः ॥","praśāntātmā vigatabhīrbrahmacārivrate sthitaḥ
manaḥ saṃyamya maccitto yukta āsīta matparaḥ","and neck even and unmoved, (remaining) steady looking at the tip of his own nose and not looking about in (all) directions with a tranquil self devoid of fear and adhering to the rules of Brahmacārins he should restrain his mind and (concentrate it) on me and sit down engaged in devotion regarding me as his final goal.","machine-aligned; two human reviews pending","1b9832177b4ef138234a6a98280d9e492eaf22af854dc1c2285decbc98f98a28"
"gita.6.15","6","15","Krishna","युञ्जन्नेवं सदात्मानं योगी नियतमानसः।
शान्तिं निर्वाणपरमां मत्संस्थामधिगच्छति ॥","yuñjannevaṃ sadātmānaṃ yogī niyatamānasaḥ
śāntiṃ nirvāṇaparamāṃ matsaṃsthāmadhigacchati","Thus constantly devoting his self to abstraction, a devotee whose mind is restrained, attains that tranquillity which culminates in final emancipation, and assimilation with me.","machine-aligned; two human reviews pending","d7664b99a11a4bc92295bbe930923d27b5963bcb260398bcad71d61cc32579e7"
"gita.6.16","6","16","Krishna","नात्यश्नतस्तु योगोऽस्ति न चैकान्तमनश्नतः।
न चातिस्वप्नशीलस्य जाग्रतो नैव चार्जुन ॥","nātyaśnatastu yogo.asti na caikāntamanaśnataḥ
na cātisvapnaśīlasya jāgrato naiva cārjuna","Devotion is not his, O Arjuna ! who eats too much, nor his who cats not at all not his who is addicted to too much sleep nor his who is (ever) awake. That devotion which destroys (all) misery is his","machine-aligned; two human reviews pending","b1d0d2ff8e8e720e2bc146231f13ae52e5c99f8c1439bd3a4dc1fbb0fdc99149"
"gita.6.17","6","17","Krishna","युक्ताहारविहारस्य युक्तचेष्टस्य कर्मसु।
युक्तस्वप्नावबोधस्य योगो भवति दुःखहा ॥","yuktāhāravihārasya yuktaceṣṭasya karmasu
yuktasvapnāvabodhasya yogo bhavati duḥkhahā","who takes due food and exercise who toils duly in all works and who sleeps and awakes (in) due (time). When (a man's) mind well restrained becomes steady upon the self alone","machine-aligned; two human reviews pending","cd76c75f4c183303fab486edc4263151eb668aea2b9929e5ae17ba46e8d5c547"
"gita.6.18","6","18","Krishna","यदा विनियतं चित्तमात्मन्येवावतिष्ठते।
निःस्पृहः सर्वकामेभ्यो युक्त इत्युच्यते तदा ॥","yadā viniyataṃ cittamātmanyevāvatiṣṭhate
niḥspṛhaḥ sarvakāmebhyo yukta ityucyate tadā","then he being indifferent to all objects of desire","machine-aligned; two human reviews pending","41130b07f7b76baf5dcbc95fcc33d22c9893eeedd301c5516f9e5300ac58e9de"
"gita.6.19","6","19","Krishna","यथा दीपो निवातस्थो नेङ्गते सोपमा स्मृता।
योगिनो यतचित्तस्य युञ्जतो योगमात्मनः ॥","yathā dīpo nivātastho neṅgate sopamā smṛtā
yogino yatacittasya yuñjato yogamātmanaḥ","is said to be devoted. As a light standing in a windless (place) flickers not that is declared to be the parallel for a devotee whose mind is restrained and who devotes his self to abstraction. That (mental condition)","machine-aligned; two human reviews pending","f5aa4a79fe2cf90c87f1974fe8a4a0b002cff63d28192851664a6240beb1ef89"
"gita.6.20","6","20","Krishna","यत्रोपरमते चित्तं निरुद्धं योगसेवया।
यत्र चैवात्मनात्मानं पश्यन्नात्मनि तुष्यति ॥","yatroparamate cittaṃ niruddhaṃ yogasevayā
yatra caivātmanātmānaṃ paśyannātmani tuṣyati","in which the mind restrained by practice of abstraction ceases to work in which too, one seeing the self by the self, is pleased in the self","machine-aligned; two human reviews pending","a8fe9b42ada73c14aa01c25db1dfdb2819ec67516756b798071dfe218434d57a"
"gita.6.21","6","21","Krishna","सुखमात्यन्तिकं यत्तद् बुद्धिग्राह्यमतीन्द्रियम्।
वेत्ति यत्र न चैवायं स्थितश्चलति तत्त्वतः ॥","sukhamātyantikaṃ yattad buddhigrāhyamatīndriyam
vetti yatra na caivāyaṃ sthitaścalati tattvataḥ","in which one experiences that infinite happiness which transcends the senses, and which can be grasped by the understanding only and adhering to which, one never swerves from the truth","machine-aligned; two human reviews pending","61817eebaacb1ee7c6e5fe3d5e5f2a6146a6867fa6812f3b8d14066ed14d09e6"
"gita.6.22","6","22","Krishna","यं लब्ध्वा चापरं लाभं मन्यते नाधिकं ततः।
यस्मिन्स्थितो न दुःखेन गुरुणापि विचाल्यते ॥","yaṃ labdhvā cāparaṃ lābhaṃ manyate nādhikaṃ tataḥ
yasminsthito na duḥkhena guruṇāpi vicālyate","acquiring which, one thinks no other acquisition higher than it and adhering to which, one is not shaken off even by great misery","machine-aligned; two human reviews pending","cb99ef034dfb87c849710973646d02af0b0f7fac10451584b75225fed953c2ca"
"gita.6.23","6","23","Krishna","तं विद्याद् दुःखसंयोगवियोगं योगसंज्ञितम्।
स निश्चयेन योक्तव्यो योगोऽनिर्विण्णचेतसा ॥","taṃ vidyād duḥkhasaṃyogaviyogaṃ yogasaṃjñitam
sa niścayena yoktavyo yogo.anirviṇṇacetasā","that should be understood to be called devotion in which there is a severance of all connexion with pain. That devotion should be practised with steadiness and with an undesponding heart. Abandoning without exception all desires which are produced from fancies","machine-aligned; two human reviews pending","2aa2725526c6cc7162cc06097b7fa577ba2b1ab454aea74a90ceef4d0bf77496"
"gita.6.24","6","24","Krishna","सङ्कल्पप्रभवान्कामांस्त्यक्त्वा सर्वानशेषतः।
मनसैवेन्द्रियग्रामं विनियम्य समन्ततः ॥","saṅkalpaprabhavānkāmāṃstyaktvā sarvānaśeṣataḥ
manasaivendriyagrāmaṃ viniyamya samantataḥ","and restraining the whole group of the senses on all sides by the mind only","machine-aligned; two human reviews pending","1c649d10d15ac52ee0a5514e2b0f073fc91763c12cbe8d72835c31bb21c860cc"
"gita.6.25","6","25","Krishna","शनैः शनैरुपरमेद् बुद्ध्या धृतिगृहीतया।
आत्मसंस्थं मनः कृत्वा न किञ्चिदपि चिन्तयेत् ॥","śanaiḥ śanairuparamed buddhyā dhṛtigṛhītayā
ātmasaṃsthaṃ manaḥ kṛtvā na kiñcidapi cintayet","one should by slow steps become quiescent with a firm resolve coupled with courage and fixing his mind upon the self, should think of nothing.","machine-aligned; two human reviews pending","2a79b0ff08bb78b7d26df4963159eb61506e5a00be9e948d92bc320135d787cb"
"gita.6.26","6","26","Krishna","यतो यतो निश्चरति मनश्चञ्चलमस्थिरम्।
ततस्ततो नियम्यैतदात्मन्येव वशं नयेत् ॥","yato yato niścarati manaścañcalamasthiram
tatastato niyamyaitadātmanyeva vaśaṃ nayet","Wherever the active and unsteady mind breaks forth, there one should ever restrain it, and fix it steadily on the self alone. The highest happiness comes to such a devotee whose mind is fully tranquil in whom the quality of passion has been suppressed","machine-aligned; two human reviews pending","df479d78d513a75261eedf4be460b032d703bea3e9bb3055b2080706d84f81ca"
"gita.6.27","6","27","Krishna","प्रशान्तमनसं ह्येनं योगिनं सुखमुत्तमम्।
उपैति शान्तरजसं ब्रह्मभूतमकल्मषम् ॥","praśāntamanasaṃ hyenaṃ yoginaṃ sukhamuttamam
upaiti śāntarajasaṃ brahmabhūtamakalmaṣam","who is free from sin and who is become (one with) the Brahman .","machine-aligned; two human reviews pending","04f1c651ab9f944cc502d7adffcdedc8562ed6fdebb8a9775fa513ca22231b49"
"gita.6.28","6","28","Krishna","युञ्जन्नेवं सदात्मानं योगी विगतकल्मषः।
सुखेन ब्रह्मसंस्पर्शमत्यन्तं सुखमश्नुते ॥","yuñjannevaṃ sadātmānaṃ yogī vigatakalmaṣaḥ
sukhena brahmasaṃsparśamatyantaṃ sukhamaśnute","Thus constantly devoting his self to abstraction, a devotee, freed from sin, easily obtains that supreme happiness—contact with the Brahman. He who has devoted his self to abstraction by devotion looking alike on everything","machine-aligned; two human reviews pending","c70ee1408ae60ec5c8e5149bd1007b65f648eb3a8eb6aa4c7c6adac606b1e60e"
"gita.6.29","6","29","Krishna","सर्वभूतस्थमात्मानं सर्वभूतानि चात्मनि।
ईक्षते योगयुक्तात्मा सर्वत्र समदर्शनः ॥","sarvabhūtasthamātmānaṃ sarvabhūtāni cātmani
īkṣate yogayuktātmā sarvatra samadarśanaḥ","sees the self abiding in all beings and all beings in the self. To him who sees me in everything","machine-aligned; two human reviews pending","96c2eacba1555e5008b6384236700523007ecebdd0f567c26b1890554f458d6a"
"gita.6.30","6","30","Krishna","यो मां पश्यति सर्वत्र सर्वं च मयि पश्यति।
तस्याहं न प्रणश्यामि स च मे न प्रणश्यति ॥","yo māṃ paśyati sarvatra sarvaṃ ca mayi paśyati
tasyāhaṃ na praṇaśyāmi sa ca me na praṇaśyati","and everything in me I am never lost and he is not lost to me.","machine-aligned; two human reviews pending","954d164230ca294fcebb11febc68a8ab96b0d5d18360226b4f5d5195c8468b5e"
"gita.6.31","6","31","Krishna","सर्वभूतस्थितं यो मां भजत्येकत्वमास्थितः।
सर्वथा वर्तमानोऽपि स योगी मयि वर्तते ॥","sarvabhūtasthitaṃ yo māṃ bhajatyekatvamāsthitaḥ
sarvathā vartamāno.api sa yogī mayi vartate","The devotee who worships me abiding in all beings holding that all is one lives in me however he may be living. That devotee","machine-aligned; two human reviews pending","edf957f457cb1a22726936f4db90b753b198ffd7c1667a974dade9952c5b1ab6"
"gita.6.32","6","32","Krishna","आत्मौपम्येन सर्वत्र समं पश्यति योऽर्जुन।
सुखं वा यदि वा दुःखं स योगी परमो मतः ॥","ātmaupamyena sarvatra samaṃ paśyati yo.arjuna
sukhaṃ vā yadi vā duḥkhaṃ sa yogī paramo mataḥ","O Arjuna! is deemed to be the best who looks alike on pleasure or pain","machine-aligned; two human reviews pending","eefdd76c834ab4b20d49972bb75676274785e62020baba671d171b6d5b964283"
"gita.6.33","6","33","Arjuna","अर्जुन उवाच।
योऽयं योगस्त्वया प्रोक्तः साम्येन मधुसूदन।
एतस्याहं न पश्यामि चञ्चलत्वात्स्थितिं स्थिराम् ॥","arjuna uvāca
yo.ayaṃ yogastvayā proktaḥ sāmyena madhusūdana
etasyāhaṃ na paśyāmi cañcalatvātsthitiṃ sthirām","whatever it may be in all (creatures) comparing. all with his own (pleasure or pain). I cannot see, O destroyer of Madhu! (how) the sustained existence (is to be secured) of this devotion by means of equanimity which you have declared-in consequence of fickleness. For O Kṛṣṇa ! the mind is fickle","machine-aligned; two human reviews pending","f9fd856d46d49fa3750aa70dce11267874df48fc4a46d79c6203ee5bf581421f"
"gita.6.34","6","34","Arjuna","चञ्चलं हि मनः कृष्ण प्रमाथि बलवद् दृढम्।
तस्याहं निग्रहं मन्ये वायोरिव सुदुष्करम् ॥","cañcalaṃ hi manaḥ kṛṣṇa pramāthi balavad dṛḍham
tasyāhaṃ nigrahaṃ manye vāyoriva suduṣkaram","boisterous strong and obstinate and I think that to restrain it is as difficult as (to restrain) the wind.","machine-aligned; two human reviews pending","f53c288c5d81521c15131cfa87988dc872621c6b7aca383198ae55dfa0959ef5"
"gita.6.35","6","35","Krishna","श्रीभगवानुवाच।
असंशयं महाबाहो मनो दुर्निग्रहं चलम्।
अभ्यासेन तु कौन्तेय वैराग्येण च गृह्यते ॥","śrībhagavānuvāca
asaṃśayaṃ mahābāho mano durnigrahaṃ calam
abhyāsena tu kaunteya vairāgyeṇa ca gṛhyate","Doubtless, O you of mighty arms! the mind is difficult to restrain, and fickle. Still, O son of Kuntī ! it may be restrained by constant practice and by indifference (to worldly objects). It is my belief","machine-aligned; two human reviews pending","a1da72dc22d53d8993d6a311a91eb5316cf330b4bf84c46950a97ef9184c50fc"
"gita.6.36","6","36","Krishna","असंयतात्मना योगो दुष्प्राप इति मे मतिः।
वश्यात्मना तु यतता शक्योऽवाप्तुमुपायतः ॥","asaṃyatātmanā yogo duṣprāpa iti me matiḥ
vaśyātmanā tu yatatā śakyo.avāptumupāyataḥ","that devotion is hard to obtain for one who does not restrain his self. But by one who is self-restrained and assiduous it can be obtained through (proper) expedients.","machine-aligned; two human reviews pending","a2b3bf33c4cb25045e5e2b963a67f2368ce17e02c8a3a38a30293863c6628f05"
"gita.6.37","6","37","Arjuna","अर्जुन उवाच।
अयतिः श्रद्धयोपेतो योगाच्चलितमानसः।
अप्राप्य योगसंसिद्धिं कां गतिं कृष्ण गच्छति ॥","arjuna uvāca
ayatiḥ śraddhayopeto yogāccalitamānasaḥ
aprāpya yogasaṃsiddhiṃ kāṃ gatiṃ kṛṣṇa gacchati","What is the end of him O Kṛṣṇa! who does not attain the consummation of his devotion being not assiduous and having a mind shaken off from devotion, (though) full of faith? Does he fallen from both (paths)","machine-aligned; two human reviews pending","4c214d9a870c50333510f72e717e22a7aeae6ca987d599ecd212e0caf6602cee"
"gita.6.38","6","38","Arjuna","कच्चिन्नोभयविभ्रष्टश्छिन्नाभ्रमिव नश्यति।
अप्रतिष्ठो महाबाहो विमूढो ब्रह्मणः पथि ॥","kaccinnobhayavibhraṣṭaśchinnābhramiva naśyati
apratiṣṭho mahābāho vimūḍho brahmaṇaḥ pathi","go to ruin like a broken cloud being","machine-aligned; two human reviews pending","21a9fc5fd6c41b6fb71f5cd7557a30181770bae17f72ea3ce093cff0b27a47fe"
"gita.6.39","6","39","Arjuna","एतन्मे संशयं कृष्ण छेत्तुमर्हस्यशेषतः।
त्वदन्यः संशयस्यास्य छेत्ता न ह्युपपद्यते ॥","etanme saṃśayaṃ kṛṣṇa chettumarhasyaśeṣataḥ
tvadanyaḥ saṃśayasyāsya chettā na hyupapadyate","O you of mighty arms! without support and deluded on the path (leading) to the Brahman? Be pleased, O Kṛṣṇa! to entirely destroy this doubt of mine, for none else than you can destroy this doubt.","machine-aligned; two human reviews pending","0e1e1694b15786d112e451cafef1df8e2e52f3b83e3bcefbeb907850231f32eb"
"gita.6.40","6","40","Krishna","श्रीभगवानुवाच।
पार्थ नैवेह नामुत्र विनाशस्तस्य विद्यते।
न हि कल्याणकृत्कश्चिद् दुर्गतिं तात गच्छति ॥","śrībhagavānuvāca
pārtha naiveha nāmutra vināśastasya vidyate
na hi kalyāṇakṛtkaścid durgatiṃ tāta gacchati","O son of Pṛthā! neither in this world nor the next, is ruin for him for, O dear friend! none who performs good (deeds) comes to an evil end.","machine-aligned; two human reviews pending","eb54be4ca5d12f67e3f033f33fec9a7f766e74a40d51627b2b8698e563e2d427"
"gita.6.41","6","41","Krishna","प्राप्य पुण्यकृतां लोकानुषित्वा शाश्वतीः समाः।
शुचीनां श्रीमतां गेहे योगभ्रष्टोऽभिजायते ॥","prāpya puṇyakṛtāṃ lokānuṣitvā śāśvatīḥ samāḥ
śucīnāṃ śrīmatāṃ gehe yogabhraṣṭo.abhijāyate","He who is fallen from devotion attains the worlds of those who perform meritorious acts dwells (there) for many a year","machine-aligned; two human reviews pending","baa827fb23917fb657bd08597827fa20155416d5fce8d5b224df9ad5544b0d7a"
"gita.6.42","6","42","Krishna","अथवा योगिनामेव कुले भवति धीमताम्।
एतद्धि दुर्लभतरं लोके जन्म यदीदृशम् ॥","athavā yogināmeva kule bhavati dhīmatām
etaddhi durlabhataraṃ loke janma yadīdṛśam","and is afterwards born into a family of holy and illustrious men. Or he is even born into a family of talented devotees for such a birth as that in this world is more difficult to obtain.","machine-aligned; two human reviews pending","f185021367cbc6942b83ae84237a21c320da3b3c625101fd481228f832c2b4ae"
"gita.6.43","6","43","Krishna","तत्र तं बुद्धिसंयोगं लभते पौर्वदेहिकम्।
यतते च ततो भूयः संसिद्धौ कुरुनन्दन ॥","tatra taṃ buddhisaṃyogaṃ labhate paurvadehikam
yatate ca tato bhūyaḥ saṃsiddhau kurunandana","There he comes into contact with the knowledge which belonged to him in his former body","machine-aligned; two human reviews pending","93706c448364fffa5721bca679b1a6748739e3aef8bfb93a49f45b04b7c72c7b"
"gita.6.44","6","44","Krishna","पूर्वाभ्यासेन तेनैव ह्रियते ह्यवशोऽपि सः।
जिज्ञासुरपि योगस्य शब्दब्रह्मातिवर्तते ॥","pūrvābhyāsena tenaiva hriyate hyavaśo.api saḥ
jijñāsurapi yogasya śabdabrahmātivartate","and then again O descendant of Kuru ! he works for perfection. For even though reluctant he is led away by the self-same former practice and although he only wishes to learn devotion he rises above the (fruits of action laid down in the) divine word. But the devotee working with great efforts","machine-aligned; two human reviews pending","b35eab9e1e7cd2b3de7e684d56129163b89f86e58c9913c993f3607e0eb28c5c"
"gita.6.45","6","45","Krishna","प्रयत्नाद्यतमानस्तु योगी संशुद्धकिल्बिषः।
अनेकजन्मसंसिद्धस्ततो याति परां गतिम् ॥","prayatnādyatamānastu yogī saṃśuddhakilbiṣaḥ
anekajanmasaṃsiddhastato yāti parāṃ gatim","and cleared of his sins attains perfection after many births and then reaches the supreme goal.","machine-aligned; two human reviews pending","20c5b5d2d2bb1493c959f1bdc9c4b500c48bdaeedd4f072f309bc11c39824f83"
"gita.6.46","6","46","Krishna","तपस्विभ्योऽधिको योगी ज्ञानिभ्योऽपि मतोऽधिकः।
कर्मिभ्यश्चाधिको योगी तस्माद्योगी भवार्जुन ॥","tapasvibhyo.adhiko yogī jñānibhyo.api mato.adhikaḥ
karmibhyaścādhiko yogī tasmādyogī bhavārjuna","The devotee is esteemed higher than the performers of penances, higher even than the men of knowledge, and the devotee is higher than the men of action therefore","machine-aligned; two human reviews pending","280d8159ad4040d7957098e4314135151fa793079615121668b766efe4ecf1a6"
"gita.6.47","6","47","Krishna","योगिनामपि सर्वेषां मद्गतेनान्तरात्मना।
श्रद्धावान्भजते यो मां स मे युक्ततमो मतः ॥","yogināmapi sarveṣāṃ madgatenāntarātmanā
śraddhāvānbhajate yo māṃ sa me yuktatamo mataḥ","O Arjuna! become a devotee. And even among all devotees he who being full of faith worships me with his inmost self intent on me is esteemed by me to be the most devoted.","machine-aligned; two human reviews pending","1b6ec918eb16d384a3e592fc2dbe4828c73cab24441a632caa535c03f5afa2b6"
"gita.7.1","7","1","Krishna","श्रीभगवानुवाच।
मय्यासक्तमनाः पार्थ योगं युञ्जन्मदाश्रयः।
असंशयं समग्रं मां यथा ज्ञास्यसि तच्छृणु ॥","śrībhagavānuvāca
mayyāsaktamanāḥ pārtha yogaṃ yuñjanmadāśrayaḥ
asaṃśayaṃ samagraṃ māṃ yathā jñāsyasi tacchṛṇu","O son of Pṛthā! now hear how you can without doubt know me fully, fixing your mind on me, and resting in me, and practising devotion. I will now tell you exhaustively about knowledge together with experience","machine-aligned; two human reviews pending","2dae883f3c4f99beb4a7220fe2d3e6c120ba78e3661e4db3866a1fbeedd45bd6"
"gita.7.2","7","2","Krishna","ज्ञानं तेऽहं सविज्ञानमिदं वक्ष्याम्यशेषतः।
यज्ज्ञात्वा नेह भूयोऽन्यज्ज्ञातव्यमवशिष्यते ॥","jñānaṃ te.ahaṃ savijñānamidaṃ vakṣyāmyaśeṣataḥ
yajjñātvā neha bhūyo.anyajjñātavyamavaśiṣyate","that being known, there is nothing further left in this world to know.","machine-aligned; two human reviews pending","206ecc1805087bf116e3047859da199f2ed3e4b7a423a2e963598603b80463f9"
"gita.7.3","7","3","Krishna","मनुष्याणां सहस्रेषु कश्चिद्यतति सिद्धये।
यततामपि सिद्धानां कश्चिन्मां वेत्ति तत्त्वतः ॥","manuṣyāṇāṃ sahasreṣu kaścidyatati siddhaye
yatatāmapi siddhānāṃ kaścinmāṃ vetti tattvataḥ","Among thousands of men, only some work for perfection and even of those who have reached perfection, and who are assiduous, only some know me truly.","machine-aligned; two human reviews pending","104a7f2d4ce8f38ee068fa72e2bad679130a05c272b3fb2eb3b1b4bfe169d039"
"gita.7.4","7","4","Krishna","भूमिरापोऽनलो वायुः खं मनो बुद्धिरेव च।
अहंकार इतीयं मे भिन्ना प्रकृतिरष्टधा ॥","bhūmirāpo.analo vāyuḥ khaṃ mano buddhireva ca
ahaṃkāra itīyaṃ me bhinnā prakṛtiraṣṭadhā","Earth, water, fire, air, space, mind, understanding, and egoism, thus is my nature divided eightfold. But this is a lower (form of my) nature.","machine-aligned; two human reviews pending","3d2e8a40c470c40a386e636f0d07de2c8cceead1f71dc9afe532d52c32df2fde"
"gita.7.5","7","5","Krishna","अपरेयमितस्त्वन्यां प्रकृतिं विद्धि मे पराम्।
जीवभूतां महाबाहो ययेदं धार्यते जगत् ॥","apareyamitastvanyāṃ prakṛtiṃ viddhi me parām
jīvabhūtāṃ mahābāho yayedaṃ dhāryate jagat","Know (that there is) another (form of my) nature, and higher than this, which is animate, O you of mighty arms! and by which this universe is upheld.","machine-aligned; two human reviews pending","a8aa9b307f67f95475d8590ad0b377ed149879592066179a8878dc5e91d4af93"
"gita.7.6","7","6","Krishna","एतद्योनीनि भूतानि सर्वाणीत्युपधारय।
अहं कृत्स्नस्य जगतः प्रभवः प्रलयस्तथा ॥","etadyonīni bhūtāni sarvāṇītyupadhāraya
ahaṃ kṛtsnasya jagataḥ prabhavaḥ pralayastathā","Know that all things have these (for their) source. I am the producer and the destroyer of the whole universe.","machine-aligned; two human reviews pending","f8d2857ca173c42e482ec6db669862014a6034e956c7243c0c6f545d47da7bf7"
"gita.7.7","7","7","Krishna","मत्तः परतरं नान्यत्किञ्चिदस्ति धनञ्जय।
मयि सर्वमिदं प्रोतं सूत्रे मणिगणा इव ॥","mattaḥ parataraṃ nānyatkiñcidasti dhanañjaya
mayi sarvamidaṃ protaṃ sūtre maṇigaṇā iva","There is nothing else, O Dhanañjaya ! higher than myself all this is woven upon me, like numbers of pearls upon a thread.","machine-aligned; two human reviews pending","fda72cf5cad2298475762905f57ec9a61a7cea6a14f096d07adcf8360c295fcd"
"gita.7.8","7","8","Krishna","रसोऽहमप्सु कौन्तेय प्रभास्मि शशिसूर्ययोः।
प्रणवः सर्ववेदेषु शब्दः खे पौरुषं नृषु ॥","raso.ahamapsu kaunteya prabhāsmi śaśisūryayoḥ
praṇavaḥ sarvavedeṣu śabdaḥ khe pauruṣaṃ nṛṣu","I am the taste in water, O son of Kuntī ! I am the light of the sun and moon. I am 'Om' in all the Vedas , sound in space, and manliness in human beings","machine-aligned; two human reviews pending","4023c499f67f354bdb13e8eb4f5a236ca1f2108acd7a10eca95acbd1a67a7f17"
"gita.7.9","7","9","Krishna","पुण्यो गन्धः पृथिव्यां च तेजश्चास्मि विभावसौ।
जीवनं सर्वभूतेषु तपश्चास्मि तपस्विषु ॥","puṇyo gandhaḥ pṛthivyāṃ ca tejaścāsmi vibhāvasau
jīvanaṃ sarvabhūteṣu tapaścāsmi tapasviṣu","I am the fragrant smell in the earth, refulgence in the fire I am life in all beings, and penance in those who perform penance.","machine-aligned; two human reviews pending","7dd54bc7e9918d1fafbd1341e0b647ed183f2a058a3ba523fe880babba1d405c"
"gita.7.10","7","10","Krishna","बीजं मां सर्वभूतानां विद्धि पार्थ सनातनम्।
बुद्धिर्बुद्धिमतामस्मि तेजस्तेजस्विनामहम् ॥","bījaṃ māṃ sarvabhūtānāṃ viddhi pārtha sanātanam
buddhirbuddhimatāmasmi tejastejasvināmaham","Know me, O son of Pṛthā! to be the eternal seed of all beings I am the discernment of the discerning ones, and I the glory of the glorious.","machine-aligned; two human reviews pending","fe0b1dad844b6c2cbba9388c44a6b7315c1f47c088c51d673fcb07de888fab9c"
"gita.7.11","7","11","Krishna","बलं बलवतां चाहं कामरागविवर्जितम्।
धर्माविरुद्धो भूतेषु कामोऽस्मि भरतर्षभ ॥","balaṃ balavatāṃ cāhaṃ kāmarāgavivarjitam
dharmāviruddho bhūteṣu kāmo.asmi bharatarṣabha","I am also the strength, unaccompanied by fondness or desire, of the strong. And, O chief of the descendants of Bharata! I am love unopposed to piety among all beings. And all entities which are of the quality of goodness and those which are of the quality of passion and of darkness","machine-aligned; two human reviews pending","441e26fac2ddbff8b4573354fa251e573c824c89a95f463d4802e175d265c68d"
"gita.7.12","7","12","Krishna","ये चैव सात्त्विका भावा राजसास्तामसाश्च ये।
मत्त एवेति तान्विद्धि न त्वहं तेषु ते मयि ॥","ye caiva sāttvikā bhāvā rājasāstāmasāśca ye
matta eveti tānviddhi na tvahaṃ teṣu te mayi","know that they are indeed","machine-aligned; two human reviews pending","b0ded9be5a2b166882019087dcfe934510c071cb069495e0ff6643aaa08be787"
"gita.7.13","7","13","Krishna","त्रिभिर्गुणमयैर्भावैरेभिः सर्वमिदं जगत्।
मोहितं नाभिजानाति मामेभ्यः परमव्ययम् ॥","tribhirguṇamayairbhāvairebhiḥ sarvamidaṃ jagat
mohitaṃ nābhijānāti māmebhyaḥ paramavyayam","all from me I am not in them, but they are in me.","machine-aligned; two human reviews pending","5e1f2e3d6a49ae429cd2729e57e7b9cac093a58dc8536476cf6d8853d60c7949"
"gita.7.14","7","14","Krishna","दैवी ह्येषा गुणमयी मम माया दुरत्यया।
मामेव ये प्रपद्यन्ते मायामेतां तरन्ति ते ॥","daivī hyeṣā guṇamayī mama māyā duratyayā
māmeva ye prapadyante māyāmetāṃ taranti te","The whole universe deluded by these three states of mind, developed from the qualities, does not know me, who am beyond them and inexhaustible for this delusion of mine, developed from the qualities, is divine and difficult to transcend. Those cross beyond this delusion who resort to me alone.","machine-aligned; two human reviews pending","62b91b60c871f9f047337d2bf6b0fc430827e6b86f4aa910442b651ec530fc08"
"gita.7.15","7","15","Krishna","न मां दुष्कृतिनो मूढाः प्रपद्यन्ते नराधमाः।
माययापहृतज्ञाना आसुरं भावमाश्रिताः ॥","na māṃ duṣkṛtino mūḍhāḥ prapadyante narādhamāḥ
māyayāpahṛtajñānā āsuraṃ bhāvamāśritāḥ","Wicked men doers of evil (acts) who are deluded who are deprived of their knowledge by (this) delusion","machine-aligned; two human reviews pending","ca6712982f0ffffba253b0693c3a30906411efd674d6163374ba5a567f0645a9"
"gita.7.16","7","16","Krishna","चतुर्विधा भजन्ते मां जनाः सुकृतिनोऽर्जुन।
आर्तो जिज्ञासुरर्थार्थी ज्ञानी च भरतर्षभ ॥","caturvidhā bhajante māṃ janāḥ sukṛtino.arjuna
ārto jijñāsurarthārthī jñānī ca bharatarṣabha","and who incline to the demoniac state of mind do not resort to me. But O Arjuna ! doers of good (acts) of four classes worship me: one who is distressed one who is seeking after knowledge one who wants wealth and one O chief of the descendants of Bharata! who is possessed of knowledge. Of these he who is possessed of knowledge","machine-aligned; two human reviews pending","fffb4f4aad576d225dba662d05dbed3e2352eea399eda35789f23fa618591d2e"
"gita.7.17","7","17","Krishna","तेषां ज्ञानी नित्ययुक्त एकभक्तिर्विशिष्यते।
प्रियो हि ज्ञानिनोऽत्यर्थमहं स च मम प्रियः ॥","teṣāṃ jñānī nityayukta ekabhaktirviśiṣyate
priyo hi jñānino.atyarthamahaṃ sa ca mama priyaḥ","who is always devoted and whose worship is (addressed) to one (Being) only is esteemed highest. For to the man of knowledge I am dear above all things and he is dear to me.","machine-aligned; two human reviews pending","d8fec466ec7a80980e0e6b6eacc95c7744caf873d400bf81268ae43be7b06ba1"
"gita.7.18","7","18","Krishna","उदाराः सर्व एवैते ज्ञानी त्वात्मैव मे मतम्।
आस्थितः स हि युक्तात्मा मामेवानुत्तमां गतिम् ॥","udārāḥ sarva evaite jñānī tvātmaiva me matam
āsthitaḥ sa hi yuktātmā māmevānuttamāṃ gatim","All these are noble. But the man possessed of knowledge is deemed by me to be my own self. For he with (his) self devoted to abstraction has taken to me as the goal than which there is nothing higher.","machine-aligned; two human reviews pending","5657866d319c908faf0cfc65dd2509867dc5b903ccca17b6d4c94e86dcd5b99d"
"gita.7.19","7","19","Krishna","बहूनां जन्मनामन्ते ज्ञानवान्मां प्रपद्यते।
वासुदेवः सर्वमिति स महात्मा सुदुर्लभः ॥","bahūnāṃ janmanāmante jñānavānmāṃ prapadyate
vāsudevaḥ sarvamiti sa mahātmā sudurlabhaḥ","At the end of many lives, the man possessed of knowledge approaches me, (believing) that Vāsudeva is everything. Such a high-souled man is very hard to find.","machine-aligned; two human reviews pending","ce6fa4ea1a8a504303b1f79fab7338010911a2b3cd5584ba8184a8a8b1c1b548"
"gita.7.20","7","20","Krishna","कामैस्तैस्तैर्हृतज्ञानाः प्रपद्यन्तेऽन्यदेवताः।
तं तं नियममास्थाय प्रकृत्या नियताः स्वया ॥","kāmaistaistairhṛtajñānāḥ prapadyante.anyadevatāḥ
taṃ taṃ niyamamāsthāya prakṛtyā niyatāḥ svayā","Those who are deprived of knowledge by various desires approach other divinities, observing various regulations, and controlled by their own natures.","machine-aligned; two human reviews pending","b972e809b4eeeb39c0bdb225dff54ef08467c14af56c3b58339b8154633effb2"
"gita.7.21","7","21","Krishna","यो यो यां यां तनुं भक्तः श्रद्धयार्चितुमिच्छति।
तस्य तस्याचलां श्रद्धां तामेव विदधाम्यहम् ॥","yo yo yāṃ yāṃ tanuṃ bhaktaḥ śraddhayārcitumicchati
tasya tasyācalāṃ śraddhāṃ tāmeva vidadhāmyaham","Whichever form (of deity) any worshipper wishes to worship with faith, to that form I render his faith steady.","machine-aligned; two human reviews pending","438dc90d2d045c73378d33b40c973a9e6913a282d3569c47d60f7dde0a2859ae"
"gita.7.22","7","22","Krishna","स तया श्रद्धया युक्तस्तस्याराधनमीहते।
लभते च ततः कामान्मयैव विहितान्हि तान् ॥","sa tayā śraddhayā yuktastasyārādhanamīhate
labhate ca tataḥ kāmānmayaivavihitānhi tān","Possessed Of that faith he seeks to propitiate (the deity in) that (form)","machine-aligned; two human reviews pending","18d464585aa8e6b973d22d4f33405169b5d6b95b6420c3b7107021e4f5b66457"
"gita.7.23","7","23","Krishna","अन्तवत्तु फलं तेषां तद्भवत्यल्पमेधसाम्।
देवान्देवयजो यान्ति मद्भक्ता यान्ति मामपि ॥","antavattu phalaṃ teṣāṃ tadbhavatyalpamedhasām
devāndevayajo yānti madbhaktā yānti māmapi","and obtains from it those beneficial things which he desires, (though they are) really given by me. But the fruit thus (obtained) by them who have little judgment is perishable. Those who worship the divinities go to the divinities, and my worshippers, too, go to me.","machine-aligned; two human reviews pending","24eb7ddbe7dec298c9457187fe41a787923240caf66a863d68b77e72a4ed60ed"
"gita.7.24","7","24","Krishna","अव्यक्तं व्यक्तिमापन्नं मन्यन्ते मामबुद्धयः।
परं भावमजानन्तो ममाव्ययमनुत्तमम् ॥","avyaktaṃ vyaktimāpannaṃ manyante māmabuddhayaḥ
paraṃ bhāvamajānanto mamāvyayamanuttamam","The undiscerning ones, not knowing my transcendent and inexhaustible essence, than which there is nothing higher, think me, who am unperceived, to have become perceptible.","machine-aligned; two human reviews pending","e1ab9a69c74aa0ddbdcdac6adfb6a48080cfe6b0fb59963a003e632ecc3ead66"
"gita.7.25","7","25","Krishna","नाहं प्रकाशः सर्वस्य योगमायासमावृतः।
मूढोऽयं नाभिजानाति लोको मामजमव्ययम् ॥","nāhaṃ prakāśaḥ sarvasya yogamāyāsamāvṛtaḥ
mūḍho.ayaṃ nābhijānāti loko māmajamavyayam","Surrounded by the delusion of my mystic power, I am not manifest to all. This deluded world knows not me unborn and inexhaustible.","machine-aligned; two human reviews pending","7f8b7ae80bb6695fd50cc85751df0df25bf62661968eab9f58f72b371478335b"
"gita.7.26","7","26","Krishna","वेदाहं समतीतानि वर्तमानानि चार्जुन।
भविष्याणि च भूतानि मां तु वेद न कश्चन ॥","vedāhaṃ samatītāni vartamānāni cārjuna
bhaviṣyāṇi ca bhūtāni māṃ tu veda na kaścana","I know, O Arjuna! the things which have been, those which are, and those which are to be. But me nobody knows.","machine-aligned; two human reviews pending","802c422c4f84294ee90c2585f8170fd1f6faf7ded04c855f8492bf05dfeb3a2a"
"gita.7.27","7","27","Krishna","इच्छाद्वेषसमुत्थेन द्वन्द्वमोहेन भारत।
सर्वभूतानि सम्मोहं सर्गे यान्ति परन्तप ॥","icchādveṣasamutthena dvandvamohena bhārata
sarvabhūtāni sammohaṃ sarge yānti parantapa","All beings","machine-aligned; two human reviews pending","b11c965fd1188947d6bfb8fb6655a3b235f58600717efb49b89450361d40ea56"
"gita.7.28","7","28","Krishna","येषां त्वन्तगतं पापं जनानां पुण्यकर्मणाम्।
ते द्वन्द्वमोहनिर्मुक्ता भजन्ते मां दृढव्रताः ॥","yeṣāṃ tvantagataṃ pāpaṃ janānāṃ puṇyakarmaṇām
te dvandvamohanirmuktā bhajante māṃ dṛḍhavratāḥ","O terror of (your) foes! are deluded at the time of birth by the delusion O descendant of Bharata! caused by the pairs of opposites arising from desire and aversion. But the men of meritorious actions whose sins have terminated worship me being released from the delusion (caused) by the pairs of opposites and being firm in their beliefs. Those who resting on me","machine-aligned; two human reviews pending","b5324241c883e3fb2dde0851952270574555b784c2a68a941d34492d90f1e87a"
"gita.7.29","7","29","Krishna","जरामरणमोक्षाय मामाश्रित्य यतन्ति ये।
ते ब्रह्म तद्विदुः कृत्स्नमध्यात्मं कर्म चाखिलम् ॥","jarāmaraṇamokṣāya māmāśritya yatanti ye
te brahma tadviduḥ kṛtsnamadhyātmaṃ karma cākhilam","work for release from old age and death know the Brahman the whole Adhyātma","machine-aligned; two human reviews pending","7cf0ef6e754401fec7a82495b37a1923ad86b736f0b0c716204cde8e28ed7921"
"gita.7.30","7","30","Krishna","साधिभूताधिदैवं मां साधियज्ञं च ये विदुः।
प्रयाणकालेऽपि च मां ते विदुर्युक्तचेतसः ॥","sādhibhūtādhidaivaṃ māṃ sādhiyajñaṃ ca ye viduḥ
prayāṇakāle.api ca māṃ te viduryuktacetasaḥ","and all action. And those who know me with the Adhibhūta the Adhidaiva and the Adhiyajña having minds devoted to abstraction know me at the time of departure (from this world).","machine-aligned; two human reviews pending","2b0d93fb80c2246b1f88f30d79312b0d1d95a203454c679aea0c9e700ee3664a"
"gita.8.1","8","1","Arjuna","अर्जुन उवाच।
किं तद् ब्रह्म किमध्यात्मं किं कर्म पुरुषोत्तम।
अधिभूतं च किं प्रोक्तमधिदैवं किमुच्यते ॥","arjuna uvāca
kiṃ tad brahma kimadhyātmaṃ kiṃ karma puruṣottama
adhibhūtaṃ ca kiṃ proktamadhidaivaṃ kimucyate","What is that Brahman what the Adhyātma and what O best of beings! is action? And what is called the Adhibhūta? And who is the Adhiyajña","machine-aligned; two human reviews pending","26f0cb1a4bdcad97cd0a0cea5e1f7177316d738b3a8d01cae73573b24877594f"
"gita.8.2","8","2","Arjuna","अधियज्ञः कथं कोऽत्र देहेऽस्मिन्मधुसूदन।
प्रयाणकाले च कथं ज्ञेयोऽसि नियतात्मभिः ॥","adhiyajñaḥ kathaṃ ko.atra dehe.asminmadhusūdana
prayāṇakāle ca kathaṃ jñeyo.asi niyatātmabhiḥ","and how in this body O destroyer of Madhu? And how too are you to be known at the time of departure (from this world) by those who restrain their selfs?","machine-aligned; two human reviews pending","f23f533f9eebf949468c1e63b3503cf9ac206d6b1ae3f6580a70dfdded754851"
"gita.8.3","8","3","Krishna","श्रीभगवानुवाच।
अक्षरं ब्रह्म परमं स्वभावोऽध्यात्ममुच्यते।
भूतभावोद्भवकरो विसर्गः कर्मसंज्ञितः ॥","śrībhagavānuvāca
akṣaraṃ brahma paramaṃ svabhāvo.adhyātmamucyate
bhūtabhāvodbhavakaro visargaḥ karmasaṃjñitaḥ","The Brahman is the supreme, the indestructible. Its manifestation (as an individual self) is called the Adhyātma. The offering (of an oblation to any divinity), which is the cause of the production and development of all things, is named action.","machine-aligned; two human reviews pending","462a16c9d94b79d92b9c33a1454fc0f266aa0f2d23201e5f832171d55cf86ed1"
"gita.8.4","8","4","Krishna","अधिभूतं क्षरो भावः पुरुषश्चाधिदैवतम्।
अधियज्ञोऽहमेवात्र देहे देहभृतां वर ॥","adhibhūtaṃ kṣaro bhāvaḥ puruṣaścādhidaivatam
adhiyajño.ahamevātra dehe dehabhṛtāṃ vara","The Adhibhūta is all perishable things. The Adhidaivata is the (primal) being. And the Adhiyajña O best of embodied (beings)! is I myself in this body. And he who leaves this body and departs (from this world) remembering me in (his) last moments comes into my essence.","machine-aligned; two human reviews pending","f2911327e6e852de347eff924aba265095bc69d66fc468928b0c24434a47cd81"
"gita.8.5","8","5","Krishna","अन्तकाले च मामेव स्मरन्मुक्त्वा कलेवरम्।
यः प्रयाति स मद्भावं याति नास्त्यत्र संशयः ॥","antakāle ca māmeva smaranmuktvā kalevaram
yaḥ prayāti sa madbhāvaṃ yāti nāstyatra saṃśayaḥ","There is no doubt of that.","machine-aligned; two human reviews pending","b168996a084b2c9f345f84d0ee93818d85744d389b9c9eaf5c5f5f326ed68d4a"
"gita.8.6","8","6","Krishna","यं यं वापि स्मरन्भावं त्यजत्यन्ते कलेवरम्।
तं तमेवैति कौन्तेय सदा तद्भावभावितः ॥","yaṃ yaṃ vāpi smaranbhāvaṃ tyajatyante kalevaram
taṃ tamevaiti kaunteya sadā tadbhāvabhāvitaḥ","Also whichever form (of deity) he remembers when he finally leaves this body to that he goes O son of Kuntī ! having been used to ponder on it.","machine-aligned; two human reviews pending","9917a1c01aa465e5308ad4ab9c236beb80bc5d9bfbbff69586dcd399abce3303"
"gita.8.7","8","7","Krishna","तस्मात्सर्वेषु कालेषु मामनुस्मर युध्य च।
मय्यर्पितमनोबुद्धिर्मामेवैष्यस्यसंशयः (orसंशयम्) ॥","tasmātsarveṣu kāleṣu māmanusmara yudhya ca
mayyarpitamanobuddhirmāmevaiṣyasyasaṃśayaḥ","Therefore, at all times remember me, and engage in battle. Fixing your mind and understanding on me, you will come to me, there is no doubt.","machine-aligned; two human reviews pending","3954b68e64f8c6d9358a8f7c4bf480b877e472bc68d48bedee2d9f1b5ee0d185"
"gita.8.8","8","8","Krishna","अभ्यासयोगयुक्तेन चेतसा नान्यगामिना।
परमं पुरुषं दिव्यं याति पार्थानुचिन्तयन् ॥","orsaṃśayama abhyāsayogayuktena cetasā nānyagāminā
paramaṃ puruṣaṃ divyaṃ yāti pārthānucintayan","He who thinks of the supreme divine Being O son of Pṛthā! with a mind not (running) to other (objects) and possessed of abstraction in the shape of continuous meditation (about the supreme) goes to him. He who possessed of reverence (for the supreme Being) with a steady mind and with the power of devotion","machine-aligned; two human reviews pending","1f2383adf1bf7243aba19500e184f5cd1cbdac13495efb44ae16f19e01efb52a"
"gita.8.9","8","9","Krishna","कविं पुराणमनुशासितार-
मणोरणीयंसमनुस्मरेद्यः।
सर्वस्य धातारमचिन्त्यरूप-
मादित्यवर्णं तमसः परस्तात् ॥","kaviṃ purāṇamanuśāsitāraṃ aṇoraṇīyaṃsamanusmaredyaḥ
sarvasya dhātāramacintyarūpaṃ ādityavarṇaṃ tamasaḥ parastāt","properly concentrates the life-breath between the brows and meditates on the ancient Seer the ruler more minute than the minutest atom the supporter of all who is of an unthinkable form whose brilliance is like that of the sun and who is beyond all darkness","machine-aligned; two human reviews pending","3adc9b604b1931f2fbb7032e7127234d48aa2fe720f37792ef14af957766360d"
"gita.8.10","8","10","Krishna","प्रयाणकाले मनसाऽचलेन
भक्त्या युक्तो योगबलेन चैव।
भ्रुवोर्मध्ये प्राणमावेश्य सम्यक्
स तं परं पुरुषमुपैति दिव्यम् ॥","prayāṇakāle manasā.acalena bhaktyā yukto yogabalena caiva
bhruvormadhye prāṇamāveśya samyak sa taṃ paraṃ puruṣamupaiti divyam","he attains to that transcendent and divine Being.","machine-aligned; two human reviews pending","536e8d2925663d4893a48d2d50065948f4bada6423c96ec6def6c85eb54f3583"
"gita.8.11","8","11","Krishna","यदक्षरं वेदविदो वदन्ति
विशन्ति यद्यतयो वीतरागाः।
यदिच्छन्तो ब्रह्मचर्यं चरन्ति
तत्ते पदं संग्रहेण प्रवक्ष्ये ॥","yadakṣaraṃ vedavido vadanti viśanti yadyatayo vītarāgāḥ
yadicchanto brahmacaryaṃ caranti tatte padaṃ saṃgraheṇa pravakṣye","I will tell you briefly about the seat, which those who know the Vedas declare to be indestructible which entered by ascetics from whom all desires have departed and wishing for which, people pursue the mode of life of Brahmacārins . He who leaves the body and departs (from this world) stopping up all passages","machine-aligned; two human reviews pending","c210440a42dae35cbfb7b6ad6a2953437b56b8ec2ce84d9b5701132f3a823169"
"gita.8.12","8","12","Krishna","सर्वद्वाराणि संयम्य मनो हृदि निरुध्य च।
मूध्न्यार्धायात्मनः प्राणमास्थितो योगधारणाम् ॥","sarvadvārāṇi saṃyamya mano hṛdi nirudhya ca
mūdhnyā^^rdhāyātmanaḥ prāṇamāsthito yogadhāraṇām","and confining the mind within the heart placing the life-breath in the head","machine-aligned; two human reviews pending","3feef2d5d03fcac085e5f33cc0b1a579eb2231eff871680c122613192678a182"
"gita.8.13","8","13","Krishna","ओमित्येकाक्षरं ब्रह्म व्याहरन्मामनुस्मरन्।
यः प्रयाति त्यजन्देहं स याति परमां गतिम् ॥","omityekākṣaraṃ brahma vyāharanmāmanusmaran
yaḥ prayāti tyajandehaṃ sa yāti paramāṃ gatim","and adhering to uninterrupted meditation repeating the single syllable 'Om,' (signifying) the eternal Brahman","machine-aligned; two human reviews pending","99f91c9b2944e816d4d6eb31e70e2b3c87f9f8131519950d738a3e3f77ce7f44"
"gita.8.14","8","14","Krishna","अनन्यचेताः सततं यो मां स्मरति नित्यशः।
तस्याहं सुलभः पार्थ नित्ययुक्तस्य योगिनः ॥","ananyacetāḥ satataṃ yo māṃ smarati nityaśaḥ
tasyāhaṃ sulabhaḥ pārtha nityayuktasya yoginaḥ","and meditating on me he reaches the highest goal. To the devotee who constantly practises abstraction O son of Pṛthā! and who with a mind not (turned) to anything else is ever and constantly meditating on me I am easy of access.","machine-aligned; two human reviews pending","a1e73de3272d3fe540c93b79258083d812666cbb0a954bade7e831fdb4fb34ca"
"gita.8.15","8","15","Krishna","मामुपेत्य पुनर्जन्म दुःखालयमशाश्वतम्।
नाप्नुवन्ति महात्मानः संसिद्धिं परमां गताः ॥","māmupetya punarjanma duḥkhālayamaśāśvatam
nāpnuvanti mahātmānaḥ saṃsiddhiṃ paramāṃ gatāḥ","The high-souled ones, who achieve the highest perfection, attaining to me, do not again come to life, which is transient, a home of woes.","machine-aligned; two human reviews pending","37884411388b96dd377fcaa168c58819b3180d788ef8c33d97840610fe9d4a4e"
"gita.8.16","8","16","Krishna","आब्रह्मभुवनाल्लोकाः पुनरावर्तिनोऽर्जुन।
मामुपेत्य तु कौन्तेय पुनर्जन्म न विद्यते ॥","ābrahmabhuvanāllokāḥ punarāvartino.arjuna
māmupetya tu kaunteya punarjanma na vidyate","All worlds O Arjuna ! up to the world of Brahman are (destined) to return. But O son of Kuntī! after attaining to me there is no birth again.","machine-aligned; two human reviews pending","aceecdbaefa4b95878b813369c698f71e94b1608670866282f5ce31ae5c02009"
"gita.8.17","8","17","Krishna","सहस्रयुगपर्यन्तमहर्यद् ब्रह्मणो विदुः।
रात्रिं युगसहस्रान्तां तेऽहोरात्रविदो जनाः ॥","sahasrayugaparyantamaharyad brahmaṇo viduḥ
rātriṃ yugasahasrāntāṃ te.ahorātravido janāḥ","Those who know a day of Brahman to end after one thousand ages and the night to terminate after one thousand ages are the persons who know day and night. On the advent of day","machine-aligned; two human reviews pending","5bade903902594a7ec61f80a2c20d2827007e0161d5d8b76897515df79908414"
"gita.8.18","8","18","Krishna","अव्यक्ताद् व्यक्तयः सर्वाः प्रभवन्त्यहरागमे।
रात्र्यागमे प्रलीयन्ते तत्रैवाव्यक्तसंज्ञके ॥","avyaktād vyaktayaḥ sarvāḥ prabhavantyaharāgame
rātryāgame pralīyante tatraivāvyaktasaṃjñake","all perceptible things are produced from the unperceived and on the advent of night they dissolve in that same (principle) called the unperceived.","machine-aligned; two human reviews pending","cd46c676a1f8b40fd036f77ab271fc935e74c0b5a463a8e98c81cba622f5f858"
"gita.8.19","8","19","Krishna","भूतग्रामः स एवायं भूत्वा भूत्वा प्रलीयते।
रात्र्यागमेऽवशः पार्थ प्रभवत्यहरागमे ॥","bhūtagrāmaḥ sa evāyaṃ bhūtvā bhūtvā pralīyate
rātryāgame.avaśaḥ pārtha prabhavatyaharāgame","This same assemblage of entities being produced again and again dissolves on the advent of night and O son of Pṛthā! issues forth on the advent of day","machine-aligned; two human reviews pending","adaa5147b51b9c173a3062eb69a429a4a685d5b9580dd653822ae9387b4ab550"
"gita.8.20","8","20","Krishna","परस्तस्मात्तु भावोऽन्योऽव्यक्तोऽव्यक्तात्सनातनः।
यः स सर्वेषु भूतेषु नश्यत्सु न विनश्यति ॥","parastasmāttu bhāvo.anyo.avyakto.avyaktātsanātanaḥ
yaḥ sa sarveṣu bhūteṣu naśyatsu na vinaśyati","without a will of its own. But there is another entity unperceived and eternal and distinct from this unperceived (principle) which is not destroyed when all entities are destroyed. It is called the unperceived, the indestructible","machine-aligned; two human reviews pending","dc5bbb3b6602a68332cd393445f7abcfe08f8ab18138321f07148695b17bcf43"
"gita.8.21","8","21","Krishna","अव्यक्तोऽक्षर इत्युक्तस्तमाहुः परमां गतिम्।
यं प्राप्य न निवर्तन्ते तद्धाम परमं मम ॥","avyakto.akṣara ityuktastamāhuḥ paramāṃ gatim
yaṃ prāpya na nivartante taddhāma paramaṃ mama","they call it the highest goal. Attaining to it none returns. That is my supreme abode. That supreme Being","machine-aligned; two human reviews pending","4dbc2b54be2a5343ce3470da598969fc903c3fce5433478d79abee27f89059ef"
"gita.8.22","8","22","Krishna","पुरुषः स परः पार्थ भक्त्या लभ्यस्त्वनन्यया।
यस्यान्तःस्थानि भूतानि येन सर्वमिदं ततम् ॥","puruṣaḥ sa paraḥ pārtha bhaktyā labhyastvananyayā
yasyāntaḥsthāni bhūtāni yena sarvamidaṃ tatam","O son of Pṛthā! he in whom all these entities dwell and by whom all this is permeated","machine-aligned; two human reviews pending","38caa53e4608bb12a557123b2c03f378ada3b8129c57d792ba0df0ad11395bcb"
"gita.8.23","8","23","Krishna","यत्र काले त्वनावृत्तिमावृत्तिं चैव योगिनः।
प्रयाता यान्ति तं कालं वक्ष्यामि भरतर्षभ ॥","yatra kāle tvanāvṛttimāvṛttiṃ caiva yoginaḥ
prayātā yānti taṃ kālaṃ vakṣyāmi bharatarṣabha","is to be attained to by reverence not (directed) to another. I will state the times, O descendant of Bharata! at which devotees departing (from this world) go, never to return, or to return.","machine-aligned; two human reviews pending","b4a171a2e1dcdc4f67c580db0b4ff8228cb09ddeb228ada0adfb5f155295d487"
"gita.8.24","8","24","Krishna","अग्निर्जोतिरहः शुक्लः षण्मासा उत्तरायणम्।
तत्र प्रयाता गच्छन्ति ब्रह्म ब्रह्मविदो जनाः ॥","agnirjotirahaḥ śuklaḥ ṣaṇmāsā uttarāyaṇam
tatra prayātā gacchanti brahma brahmavido janāḥ","The fire the flame the day the bright fortnight the six months of the northern solstice","machine-aligned; two human reviews pending","1eb2a5845897811a820f4a251693bb42d508791fbfecf4e53a5ed11044d40acc"
"gita.8.25","8","25","Krishna","धूमो रात्रिस्तथा कृष्णः षण्मासा दक्षिणायनम्।
तत्र चान्द्रमसं ज्योतिर्योगी प्राप्य निवर्तते ॥","dhūmo rātristathā kṛṣṇaḥ ṣaṇmāsā dakṣiṇāyanam
tatra cāndramasaṃ jyotiryogī prāpya nivartate","departing (from the world) in these those who know the Brahman go to the Brahman. Smoke, night, the dark fortnight, the six months of the southern solstice, (dying) in these, the devotee goes to the lunar light and returns.","machine-aligned; two human reviews pending","7d17433a2fbae5fe74bd7e35c287111b746c5ab13bd36e924bdfe15c310f85b5"
"gita.8.26","8","26","Krishna","शुक्लकृष्णे गती ह्येते जगतः शाश्वते मते।
एकया यात्यनावृत्तिमन्ययावर्तते पुनः ॥","śuklakṛṣṇe gatī hyete jagataḥ śāśvate mate
ekayā yātyanāvṛttimanyayāvartate punaḥ","These two paths, bright and dark, are deemed to be eternal in this world. By the one, (a man) goes never to return, by the other he comes back.","machine-aligned; two human reviews pending","7b2110ec73fd897e0bfb08044036540b8c5eec5eebd88d93010fb4d4b31ef64e"
"gita.8.27","8","27","Krishna","नैते सृती पार्थ जानन्योगी मुह्यति कश्चन।
तस्मात्सर्वेषु कालेषु योगयुक्तो भवार्जुन ॥","naite sṛtī pārtha jānanyogī muhyati kaścana
tasmātsarveṣu kāleṣu yogayukto bhavārjuna","Knowing these two paths, O son of Pṛthā! no devotee is deluded. Therefore at all times be possessed of devotion O Arjuna! A devotee knowing all this obtains all the holy fruit which is prescribed for (study of) the Vedas","machine-aligned; two human reviews pending","7c26df37de1d6896031f2bb74b2896cf768f90fb9973d694d41d8b79a00967e5"
"gita.8.28","8","28","Krishna","वेदेषु यज्ञेषु तपःसु चैव
दानेषु यत्पुण्यफलं प्रदिष्टम्।
अत्येति तत्सर्वमिदं विदित्वा
योगी परं स्थानमुपैति चाद्यम् ॥","vedeṣu yajñeṣu tapaḥsu caiva dāneṣu yatpuṇyaphalaṃ pradiṣṭam
atyeti tatsarvamidaṃ viditvā yogī paraṃ sthānamupaiti cādyam","for sacrifices and also for penances and gifts and he attains to the highest and primeval seat.","machine-aligned; two human reviews pending","9f0ab5fbd5053275df918c6054dfa2e4df72d5599149886139e16dd3a98cbfc1"
"gita.9.1","9","1","Krishna","श्रीभगवानुवाच।
इदं तु ते गुह्यतमं प्रवक्ष्याम्यनसूयवे।
ज्ञानं विज्ञानसहितं यज्ज्ञात्वा मोक्ष्यसेऽशुभात् ॥","śrībhagavānuvāca
idaṃ tu te guhyatamaṃ pravakṣyāmyanasūyave
jñānaṃ vijñānasahitaṃ yajjñātvā mokṣyase.aśubhāt","Now I will speak to you who are not given to carping of that most mysterious knowledge accompanied by experience by knowing which you will be released from evil.","machine-aligned; two human reviews pending","180eac24e30be73c614bda4120fca6752876446f71def088ec7f317f9f538ed2"
"gita.9.2","9","2","Krishna","राजविद्या राजगुह्यं पवित्रमिदमुत्तमम्।
प्रत्यक्षावगमं धर्म्यं सुसुखं कर्तुमव्ययम् ॥","rājavidyā rājaguhyaṃ pavitramidamuttamam
pratyakṣāvagamaṃ dharmyaṃ susukhaṃ kartumavyayam","It is the chief among the sciences, the chief among the mysteries. It is the best means of sanctification. It is imperishable, not opposed to the sacred law. It is to be apprehended directly, and is easy to practise.","machine-aligned; two human reviews pending","04d6aa23efa9bf4c3dcfbf3c697d0ab65df0088f0d1d57d3fb20d2a5306595bd"
"gita.9.3","9","3","Krishna","अश्रद्दधानाः पुरुषा धर्मस्यास्य परन्तप।
अप्राप्य मां निवर्तन्ते मृत्युसंसारवर्त्मनि ॥","aśraddadhānāḥ puruṣā dharmasyāsya parantapa
aprāpya māṃ nivartante mṛtyusaṃsāravartmani","O terror of your foes! those men who have no faith in this holy doctrine, return to the path of this mortal world, without attaining to me.","machine-aligned; two human reviews pending","7f6c6aa7ab0f46091e8ba83370a97a84e406d1e706c43f4795fa4cb715719ab1"
"gita.9.4","9","4","Krishna","मया ततमिदं सर्वं जगदव्यक्तमूर्तिना।
मत्स्थानि सर्वभूतानि न चाहं तेष्ववस्थितः ॥","mayā tatamidaṃ sarvaṃ jagadavyaktamūrtinā
matsthāni sarvabhūtāni na cāhaṃ teṣvavasthitaḥ","This whole universe is pervaded by me in an unperceived form. All entities live in me, but I do not live in them. Nor yet do all entities live in me.","machine-aligned; two human reviews pending","4d96a9080062980f25b5a0cc654621eed52a2551025a35853d04688b56c3d70d"
"gita.9.5","9","5","Krishna","न च मत्स्थानि भूतानि पश्य मे योगमैश्वरम्।
भूतभृन्न च भूतस्थो ममात्मा भूतभावनः ॥","na ca matsthāni bhūtāni paśya me yogamaiśvaram
bhūtabhṛnna ca bhūtastho mamātmā bhūtabhāvanaḥ","See my divine power. Supporting all entities and producing all entities","machine-aligned; two human reviews pending","1b0f04ac0340ef14503f529e96b05ebed37cc2833339c74a469ffd227bb0f9f2"
"gita.9.6","9","6","Krishna","यथाकाशस्थितो नित्यं वायुः सर्वत्रगो महान्।
तथा सर्वाणि भूतानि मत्स्थानीत्युपधारय ॥","yathākāśasthito nityaṃ vāyuḥ sarvatrago mahān
tathā sarvāṇi bhūtāni matsthānītyupadhāraya","my self lives not in (those) entities. As the great and ubiquitous atmosphere always remains in space know that similarly all entities live in me.","machine-aligned; two human reviews pending","4ba43936487195e9fa5cc30b4a9dec988fc5d58d071ffdbe20e5c7775e7a4fa7"
"gita.9.7","9","7","Krishna","सर्वभूतानि कौन्तेय प्रकृतिं यान्ति मामिकाम्।
कल्पक्षये पुनस्तानि कल्पादौ विसृजाम्यहम् ॥","sarvabhūtāni kaunteya prakṛtiṃ yānti māmikām
kalpakṣaye punastāni kalpādau visṛjāmyaham","At the expiration of a Kalpa , O son of Kuntī ! all entities enter my nature and at the beginning of a Kalpa, I again bring them forth.","machine-aligned; two human reviews pending","17a6c39ea2c0fc95d65dbc8115b38947d20de17eeb968138023f6ba84b436d7c"
"gita.9.8","9","8","Krishna","प्रकृतिं स्वामवष्टभ्य विसृजामि पुनः पुनः।
भूतग्राममिमं कृत्स्नमवशं प्रकृतेर्वशात् ॥","prakṛtiṃ svāmavaṣṭabhya visṛjāmi punaḥ punaḥ
bhūtagrāmamimaṃ kṛtsnamavaśaṃ prakṛtervaśāt","Taking the control of my own nature I bring forth again and again this whole collection of entities without a will of its own by the power of nature. But","machine-aligned; two human reviews pending","b86448221ff29fca1f590bd5a63ba9d91415e3c1be14867e3d3927aefdd8383f"
"gita.9.9","9","9","Krishna","न च मां तानि कर्माणि निबध्नन्ति धनञ्जय।
उदासीनवदासीनमसक्तं तेषु कर्मसु ॥","na ca māṃ tāni karmāṇi nibadhnanti dhanañjaya
udāsīnavadāsīnamasaktaṃ teṣu karmasu","O Arjuna ! these actions do not fetter me who remain like one unconcerned and who am unattached to those actions.","machine-aligned; two human reviews pending","32dec1e0482f94ce552b45624952d5a96a8fedb9f944080af7d63cdd3fa87e69"
"gita.9.10","9","10","Krishna","मयाध्यक्षेण प्रकृतिः सूयते सचराचरम्।
हेतुनानेन कौन्तेय जगद्विपरिवर्तते ॥","mayādhyakṣeṇa prakṛtiḥ sūyate sacarācaram
hetunānena kaunteya jagadviparivartate","Nature gives birth to movables and immovables through me, the supervisor, and by reason of that, O son of Kuntī! the universe revolves. Deluded people of vain hopes","machine-aligned; two human reviews pending","9cd845dadf7c446b88a132251e260b5b73009b63f56d167ea538b221847c7994"
"gita.9.11","9","11","Krishna","अवजानन्ति मां मूढा मानुषीं तनुमाश्रितम्।
परं भावमजानन्तो मम भूतमहेश्वरम् ॥","avajānanti māṃ mūḍhā mānuṣīṃ tanumāśritam
paraṃ bhāvamajānanto mama bhūtamaheśvaram","vain acts","machine-aligned; two human reviews pending","7bf54701f088f61e4262b62a6aa8a40d23bd3f38802a94008f259a44f5892376"
"gita.9.12","9","12","Krishna","मोघाशा मोघकर्माणो मोघज्ञाना विचेतसः।
राक्षसीमासुरीं चैव प्रकृतिं मोहिनीं श्रिताः ॥","moghāśā moghakarmāṇo moghajñānā vicetasaḥ
rākṣasīmāsurīṃ caiva prakṛtiṃ mohinīṃ śritāḥ","vain knowledge","machine-aligned; two human reviews pending","f665f226b35ecc33e8d385d2a8adb43b1ebdb7822bd62659447424dacbf15e92"
"gita.9.13","9","13","Krishna","महात्मानस्तु मां पार्थ दैवीं प्रकृतिमाश्रिताः।
भजन्त्यनन्यमनसो ज्ञात्वा भूतादिमव्ययम् ॥","mahātmānastu māṃ pārtha daivīṃ prakṛtimāśritāḥ
bhajantyananyamanaso jñātvā bhūtādimavyayam","whose minds are disordered and who are inclined to the delusive nature of Asuras and Rākṣasas not knowing my highest nature as great lord of all entities disregard me as I have assumed a human body. But the high-souled ones O son of Pṛthā! who are inclined to the godlike nature knowing me as the inexhaustible source of (all) entities","machine-aligned; two human reviews pending","355729182a64b1867147c83d9c2f7a9e4da90610709667d3d449f1cd0ea54764"
"gita.9.14","9","14","Krishna","सततं कीर्तयन्तो मां यतन्तश्च दृढव्रताः।
नमस्यन्तश्च मां भक्त्या नित्ययुक्ता उपासते ॥","satataṃ kīrtayanto māṃ yatantaśca dṛḍhavratāḥ
namasyantaśca māṃ bhaktyā nityayuktā upāsate","worship me with minds not (turned) elsewhere. Constantly glorifying me, and exerting themselves, firm in their vows, and saluting me with reverence,","machine-aligned; two human reviews pending","18d1018003050fa0cbdafb1ce955c21577d9a1f342d3aeee129d49f15023cc01"
"gita.9.15","9","15","Krishna","ज्ञानयज्ञेन चाप्यन्ये यजन्तो मामुपासते।
एकत्वेन पृथक्त्वेन बहुधा विश्वतोमुखम् ॥","jñānayajñena cāpyanye yajanto māmupāsate
ekatvena pṛthaktvena bahudhā viśvatomukham","they worship me, being always devoted. And others again, offering up the sacrifice of knowledge, worship me as one, as distinct, and as all-pervading in numerous forms.","machine-aligned; two human reviews pending","6105e3eda5099aed653f6ee8b593e796e95f90fc8c3d237c1e65533ae1b0c294"
"gita.9.16","9","16","Krishna","अहं क्रतुरहं यज्ञः स्वधाहमहमौषधम्।
मन्त्रोऽहमहमेवाज्यमहमग्निरहं हुतम् ॥","ahaṃ kraturahaṃ yajñaḥ svadhāhamahamauṣadham
mantro.ahamahamevājyamahamagnirahaṃ hutam","I am the Kratu, I am the Yajña, I am the Svadhā, I the product of the herbs. I am the sacred verse. I too am the sacrificial butter, and I the fire, I the offering. I am the father of this universe","machine-aligned; two human reviews pending","42f7b717a271c733263026c1f8757637da6fcb1dbc4354bb4f7768a3b0606327"
"gita.9.17","9","17","Krishna","पिताहमस्य जगतो माता धाता पितामहः।
वेद्यं पवित्रमोंकार ऋक्साम यजुरेव च ॥","pitāhamasya jagato mātā dhātā pitāmahaḥ
vedyaṃ pavitramoṃkāra ṛksāma yajureva ca","the mother the creator the grandsire the thing to be known the means of sanctification the syllable Om the Ṛk Sāman and Yajus also","machine-aligned; two human reviews pending","32035c069041f5a82fc0886cad40b6e7905ee8421fc49db1dc4868aa30f4ebd6"
"gita.9.18","9","18","Krishna","गतिर्भर्ता प्रभुः साक्षी निवासः शरणं सुहृत्।
प्रभवः प्रलयः स्थानं निधानं बीजमव्ययम् ॥","gatirbhartā prabhuḥ sākṣī nivāsaḥ śaraṇaṃ suhṛt
prabhavaḥ pralayaḥ sthānaṃ nidhānaṃ bījamavyayam","the goal the sustainer the lord the supervisor the residence the asylum the friend the source and that in which it merges the support the receptacle and the inexhaustible seed.","machine-aligned; two human reviews pending","1c781bfbfec95a660b3a822176f5182abee7e6cf9001d8972114605171f146a6"
"gita.9.19","9","19","Krishna","तपाम्यहमहं वर्षं निगृह्णाम्युत्सृजामि च।
अमृतं चैव मृत्युश्च सदसच्चाहमर्जुन ॥","tapāmyahamahaṃ varṣaṃ nigṛhṇāmyutsṛjāmi ca
amṛtaṃ caiva mṛtyuśca sadasaccāhamarjuna","I cause heat and I send forth and stop showers. I am immortality and also death and I, O Arjuna! am that which is and that which is not.","machine-aligned; two human reviews pending","5609d685e74517192f89277d19efbd048c6359b738931ed621a486bb8d57bc96"
"gita.9.20","9","20","Krishna","त्रैविद्या मां सोमपाः पूतपापा
यज्ञैरिष्ट्वा स्वर्गतिं प्रार्थयन्ते।
ते पुण्यमासाद्य सुरेन्द्रलोक-
मश्नन्ति दिव्यान्दिवि देवभोगान् ॥","traividyā māṃ somapāḥ pūtapāpā yajñairiṣṭvā svargatiṃ prārthayante
te puṇyamāsādya surendralokaṃ aśnanti divyāndivi devabhogān","Those who know the three (branches of) knowledge who drink the Soma juice whose sins are washed away offer sacrifices and pray to me for a passage into heaven and reaching the holy world of the lord of gods they enjoy in the celestial regions the celestial pleasures of the gods. And having enjoyed that great heavenly world","machine-aligned; two human reviews pending","870ba431828a2a352e1428bef5483e2d271c0f9d76f3705a4bea0bc3b955b0f0"
"gita.9.21","9","21","Krishna","ते तं भुक्त्वा स्वर्गलोकं विशालं
क्षीणे पुण्ये मर्त्यलोकं विशन्ति।
एवं त्रयीधर्ममनुप्रपन्ना
गतागतं कामकामा लभन्ते ॥","te taṃ bhuktvā svargalokaṃ viśālaṃ kṣīṇe puṇye martyalokaṃ viśanti
evaṃ trayīdharmamanuprapannā gatāgataṃ kāmakāmā labhante","they enter the mortal world when (their) merit is exhausted. Thus those who wish for objects of desire and resort to the ordinances of the three ( Vedas )","machine-aligned; two human reviews pending","0057efbf6576e05f5856df08aa4b14c2e9948d31563094e574422633b9fe965e"
"gita.9.22","9","22","Krishna","अनन्याश्चिन्तयन्तो मां ये जनाः पर्युपासते।
तेषां नित्याभियुक्तानां योगक्षेमं वहाम्यहम् ॥","ananyāścintayanto māṃ ye janāḥ paryupāsate
teṣāṃ nityābhiyuktānāṃ yogakṣemaṃ vahāmyaham","obtain (as the fruit) going and coming. To those men who worship me meditating on me and on no one else and who are constantly devoted I give new gifts and preserve what is acquired by them.","machine-aligned; two human reviews pending","79f7b58bb3f9b5536f7da7a19f33821efffadf5f669fbec1f86824dc4ea338ee"
"gita.9.23","9","23","Krishna","येऽप्यन्यदेवता भक्ता यजन्ते श्रद्धयान्विताः।
तेऽपि मामेव कौन्तेय यजन्त्यविधिपूर्वकम् ॥","ye.apyanyadevatābhaktā yajante śraddhayānvitāḥ
te.api māmeva kaunteya yajantyavidhipūrvakam","Even those O son of Kuntī! who being devotees of other divinities worship with faith","machine-aligned; two human reviews pending","7ca854516ab344a28c2afde8b64c652f21886f62cb2c2706377ce9045521f267"
"gita.9.24","9","24","Krishna","अहं हि सर्वयज्ञानां भोक्ता च प्रभुरेव च।
न तु मामभिजानन्ति तत्त्वेनातश्च्यवन्ति ते ॥","ahaṃ hi sarvayajñānāṃ bhoktā ca prabhureva ca
na tu māmabhijānanti tattvenātaścyavanti te","worship me only, (but) irregularly. For I am the enjoyer as well as the lord of all sacrifices. But they know me not truly therefore do they fall.","machine-aligned; two human reviews pending","6aecb756b54261d7cdf25ceb45803bd87b71204ace2b1861567b798b506e7d2a"
"gita.9.25","9","25","Krishna","यान्ति देवव्रता देवान्पितॄन्यान्ति पितृव्रताः।
भूतानि यान्ति भूतेज्या यान्ति मद्याजिनोऽपि माम् ॥","yānti devavratā devānpitṝnyānti pitṛvratāḥ
bhūtāni yānti bhūtejyā yānti madyājino.api mām","Those who make vows to the gods go to the gods those who make vows to the manes go to the manes, those who worship the Bhūtas go to the Bhūtas and those likewise who worship me go to me.","machine-aligned; two human reviews pending","9c3f21ee2d252ef7286613fd20d0ec5c966fb179acb069460a0e9cf9f7ff2b6e"
"gita.9.26","9","26","Krishna","पत्रं पुष्पं फलं तोयं यो मे भक्त्या प्रयच्छति।
तदहं भक्त्युपहृतमश्नामि प्रयतात्मनः ॥","patraṃ puṣpaṃ phalaṃ toyaṃ yo me bhaktyā prayacchati
tadahaṃ bhaktyupahṛtamaśnāmi prayatātmanaḥ","Whoever with devotion offers me leaf, flower, fruit, water, that, presented with devotion, I accept from him whose self is pure.","machine-aligned; two human reviews pending","86b0523dfe273669aeec1123a9c5f2a8b52b45aff13af68713cf68711f5e60cb"
"gita.9.27","9","27","Krishna","यत्करोषि यदश्नासि यज्जुहोषि ददासि यत्।
यत्तपस्यसि कौन्तेय तत्कुरुष्व मदर्पणम् ॥","yatkaroṣi yadaśnāsi yajjuhoṣi dadāsi yat
yattapasyasi kaunteya tatkuruṣva madarpaṇam","Whatever you do, O son of Kuntī! whatever you eat, whatever sacrifice you make, whatever you give, whatever penance you perform, do that as offered to me.","machine-aligned; two human reviews pending","46a8308e10fd61c3b544eaeaa491d71ad97f54ade9fcd33af2d70a67b3a57d17"
"gita.9.28","9","28","Krishna","शुभाशुभफलैरेवं मोक्ष्यसे कर्मबन्धनैः।
संन्यासयोगयुक्तात्मा विमुक्तो मामुपैष्यसि ॥","śubhāśubhaphalairevaṃ mokṣyase karmabandhanaiḥ
saṃnyāsayogayuktātmā vimukto māmupaiṣyasi","Thus will you be released from the bonds of action the fruits of which are agreeable or disagreeable. And with your self possessed of (this) devotion, (this) renunciation you will be released (from the bonds of action) and will come to me.","machine-aligned; two human reviews pending","d5da76a6f10876bf6c3edfebdd599595f9e6bd6e6aacd6c901685fbe54ae2e37"
"gita.9.29","9","29","Krishna","समोऽहं सर्वभूतेषु न मे द्वेष्योऽस्ति न प्रियः।
ये भजन्ति तु मां भक्त्या मयि ते तेषु चाप्यहम् ॥","samo.ahaṃ sarvabhūteṣu na me dveṣyo.asti na priyaḥ
ye bhajanti tu māṃ bhaktyā mayi te teṣu cāpyaham","I am alike to all beings to me none is hateful, none dear. But those who worship me with devotion (dwell) in me, and I too in them.","machine-aligned; two human reviews pending","f34c9ecef5f199df61cd46b985f410fc4295fb8ab9e9dc21b3664ccefef27c89"
"gita.9.30","9","30","Krishna","अपि चेत्सुदुराचारो भजते मामनन्यभाक्।
साधुरेव स मन्तव्यः सम्यग्व्यवसितो हि सः ॥","api cetsudurācāro bhajate māmananyabhāk
sādhureva sa mantavyaḥ samyagvyavasito hi saḥ","Even if a very ill-conducted man worships me, not worshipping any one else, he must certainly be deemed to be good, for he has well resolved.","machine-aligned; two human reviews pending","04f2afa54b8fe881e83b08e05fabc6e7d0f6c3932511b573fdac076e3f487325"
"gita.9.31","9","31","Krishna","क्षिप्रं भवति धर्मात्मा शश्वच्छान्तिं निगच्छति।
कौन्तेय प्रतिजानीहि न मे भक्तः प्रणश्यति ॥","kṣipraṃ bhavati dharmātmā śaśvacchāntiṃ nigacchati
kaunteya pratijānīhi na me bhaktaḥ praṇaśyati","He soon becomes devout of heart, and obtains lasting tranquillity. (You may) affirm, O son of Kuntī! that my devotee is never ruined. For, O son of Pṛthā! even those who are of sinful birth, women, Vaiśyas","machine-aligned; two human reviews pending","24e793fcb6462697a5d1da981d7c5fd999b8b4ab08ad5e3352a1eb2022a9e033"
"gita.9.32","9","32","Krishna","मां हि पार्थ व्यपाश्रित्य येऽपि स्युः पापयोनयः।
स्त्रियो वैश्यास्तथा शूद्रास्तेऽपि यान्ति परां गतिम् ॥","māṃ hi pārtha vyapāśritya ye.api syuḥ pāpayonayaḥ
striyo vaiśyāstathā śūdrāste.api yānti parāṃ gatim","and Śūdras likewise, resorting to me, attain the supreme goal.","machine-aligned; two human reviews pending","ce761816f4ee04c6d8537b95ede882c03dd9d1ae8800c8690417d68242fcee88"
"gita.9.33","9","33","Krishna","किं पुनर्ब्राह्मणाः पुण्या भक्ता राजर्षयस्तथा।
अनित्यमसुखं लोकमिमं प्राप्य भजस्व माम् ॥","kiṃ punarbrāhmaṇāḥ puṇyā bhaktā rājarṣayastathā
anityamasukhaṃ lokamimaṃ prāpya bhajasva mām","What then (need be said of) holy Brāhmaṇas and royal saints who are (my) devotees? Coming to this transient unhappy world, worship me.","machine-aligned; two human reviews pending","11c9576c245e1ec6dfa99ea113321f7071c746a09bbe7c92b7a73cc9381d4fca"
"gita.9.34","9","34","Krishna","मन्मना भव मद्भक्तो मद्याजी मां नमस्कुरु।
मामेवैष्यसि युक्त्वैवमात्मानं मत्परायणः ॥","manmanā bhava madbhakto madyājī māṃ namaskuru
māmevaiṣyasi yuktvaivamātmānaṃ matparāyaṇaḥ","(Place your) mind on me, become my devotee, my worshipper reverence me, and thus making me your highest goal, and devoting your self to abstraction, you will certainly come to me.","machine-aligned; two human reviews pending","839aa14b3a677fd2701d20473dee56f9099b66b981ba2a23915e877d804097c9"
"gita.10.1","10","1","Krishna","श्रीभगवानुवाच।
भूय एव महाबाहो शृणु मे परमं वचः।
यत्तेऽहं प्रीयमाणाय वक्ष्यामि हितकाम्यया ॥","śrībhagavānuvāca
bhūya eva mahābāho śṛṇu me paramaṃ vacaḥ
yatte.ahaṃ prīyamāṇāya vakṣyāmi hitakāmyayā","Yet again O you of mighty arms! listen to my excellent words which out of a wish for your welfare I speak to you who are delighted (with them).","machine-aligned; two human reviews pending","785daead151ddb612b7cd3ae0079c3990cf723d1b921e16fdc6a9c10bbfa544f"
"gita.10.2","10","2","Krishna","न मे विदुः सुरगणाः प्रभवं न महर्षयः।
अहमादिर्हि देवानां महर्षीणां च सर्वशः ॥","na me viduḥ suragaṇāḥ prabhavaṃ na maharṣayaḥ
ahamādirhi devānāṃ maharṣīṇāṃ ca sarvaśaḥ","Not the multitudes of gods, nor the great sages know my source for I am in every way the origin of the gods and great sages. Of (all) mortals he who knows me to be unborn without beginning","machine-aligned; two human reviews pending","9b7e23d576f4acb798ae3acc2f58415f52a0348d80021cd8362be0e04a241016"
"gita.10.3","10","3","Krishna","यो मामजमनादिं च वेत्ति लोकमहेश्वरम्।
असम्मूढः स मर्त्येषु सर्वपापैः प्रमुच्यते ॥","yo māmajamanādiṃ ca vetti lokamaheśvaram
asammūḍhaḥ sa martyeṣu sarvapāpaiḥ pramucyate","the great lord of the world being free from delusion is released from all sins. Intelligence knowledge freedom from delusion","machine-aligned; two human reviews pending","0514e0943a13fa580b1832e6d8fe097389ed2c6246e9ea88d0751b5bee079331"
"gita.10.4","10","4","Krishna","बुद्धिर्ज्ञानमसम्मोहः क्षमा सत्यं दमः शमः।
सुखं दुःखं भवोऽभावो भयं चाभयमेव च ॥","buddhirjñānamasammohaḥ kṣamā satyaṃ damaḥ śamaḥ
sukhaṃ duḥkhaṃ bhavo.abhāvo bhayaṃ cābhayameva ca","forgiveness truth restraint of the senses tranquillity pleasure pain","machine-aligned; two human reviews pending","12275f1c22d77be1f27ec184cbb9c903212ba98e98245804bc45ab415932e840"
"gita.10.5","10","5","Krishna","अहिंसा समता तुष्टिस्तपो दानं यशोऽयशः।
भवन्ति भावा भूतानां मत्त एव पृथग्विधाः ॥","ahiṃsā samatā tuṣṭistapo dānaṃ yaśo.ayaśaḥ
bhavanti bhāvā bhūtānāṃ matta eva pṛthagvidhāḥ","birth death fear and also security harmlessness equability","machine-aligned; two human reviews pending","91b935b95e6107c25a7e03bf35595ac14c88962648ff24c7403706cbec0470d5"
"gita.10.6","10","6","Krishna","महर्षयः सप्त पूर्वे चत्वारो मनवस्तथा।
मद्भावा मानसा जाता येषां लोक इमाः प्रजाः ॥","maharṣayaḥ sapta pūrve catvāro manavastathā
madbhāvā mānasā jātā yeṣāṃ loka imāḥ prajāḥ","contentment penance, (making) gifts glory disgrace all these different tempers of living beings are from me alone. The seven great sages and likewise the four ancient Manus whose descendants are (all) these people in the world were all born from my mind, (partaking) of my powers.","machine-aligned; two human reviews pending","c9e5ad51dcf267a4f8768fb8c7537684c8825eb373cc23b1b93eb9a44e2f6cd4"
"gita.10.7","10","7","Krishna","एतां विभूतिं योगं च मम यो वेत्ति तत्त्वतः।
सोऽविकम्पेन योगेन युज्यते नात्र संशयः ॥","etāṃ vibhūtiṃ yogaṃ ca mama yo vetti tattvataḥ
so.avikampena yogena yujyate nātra saṃśayaḥ","Whoever correctly knows these powers and emanations of mine, becomes possessed of devotion free from indecision of this (there is) no doubt.","machine-aligned; two human reviews pending","818d33ba5fdf69ab0e36f89b4f1fc0a7227f88e9531dd5168c7c5099f36c0495"
"gita.10.8","10","8","Krishna","अहं सर्वस्य प्रभवो मत्तः सर्वं प्रवर्तते।
इति मत्वा भजन्ते मां बुधा भावसमन्विताः ॥","ahaṃ sarvasya prabhavo mattaḥ sarvaṃ pravartate
iti matvā bhajante māṃ budhā bhāvasamanvitāḥ","The wise, full of love, worship me, believing that I am the origin of all, and that all moves on through me. (Placing their) minds on me offering (their) lives to me","machine-aligned; two human reviews pending","ec550319ee8491cab3004df0215cd1bb32141927491743662856d947e54605e3"
"gita.10.9","10","9","Krishna","मच्चित्ता मद्गतप्राणा बोधयन्तः परस्परम्।
कथयन्तश्च मां नित्यं तुष्यन्ति च रमन्ति च ॥","maccittā madgataprāṇā bodhayantaḥ parasparam
kathayantaśca māṃ nityaṃ tuṣyanti ca ramanti ca","instructing each other and speaking about me","machine-aligned; two human reviews pending","8c0a02def0830037040f580715901774119ea5567e206116e8f2b6e6149a09e6"
"gita.10.10","10","10","Krishna","तेषां सततयुक्तानां भजतां प्रीतिपूर्वकम्।
ददामि बुद्धियोगं तं येन मामुपयान्ति ते ॥","teṣāṃ satatayuktānāṃ bhajatāṃ prītipūrvakam
dadāmi buddhiyogaṃ taṃ yena māmupayānti te","they are always contented and happy. To these who are constantly devoted and who worship with love, I give that knowledge by which they attain to me. And remaining in their hearts","machine-aligned; two human reviews pending","5a0f3393bdb18c71f69f6171cc32d9575ad774edca2434bb25607c3925a02803"
"gita.10.11","10","11","Krishna","तेषामेवानुकम्पार्थमहमज्ञानजं तमः।
नाशयाम्यात्मभावस्थो ज्ञानदीपेन भास्वता ॥","teṣāmevānukampārthamahamajñānajaṃ tamaḥ
nāśayāmyātmabhāvastho jñānadīpena bhāsvatā","I destroy with the brilliant lamp of knowledge the darkness born of ignorance in such (men) only out of compassion for them.","machine-aligned; two human reviews pending","148baafd13899935e1999a104fc466852ca1dcdb6bef472cbc9a9c737f481dfd"
"gita.10.12","10","12","Arjuna","अर्जुन उवाच।
परं ब्रह्म परं धाम पवित्रं परमं भवान्।
पुरुषं शाश्वतं दिव्यमादिदेवमजं विभुम् ॥","arjuna uvāca
paraṃ brahma paraṃ dhāma pavitraṃ paramaṃ bhavān
puruṣaṃ śāśvataṃ divyamādidevamajaṃ vibhum","You are the supreme Brahman , the supreme goal, the holiest of the holy.","machine-aligned; two human reviews pending","18884f9330437ede75e7a92d0818238b06e087378e7a207cf22390c77e8f0534"
"gita.10.13","10","13","Arjuna","आहुस्त्वामृषयः सर्वे देवर्षिर्नारदस्तथा।
असितो देवलो व्यासः स्वयं चैव ब्रवीषि मे ॥","āhustvāmṛṣayaḥ sarve devarṣirnāradastathā
asito devalo vyāsaḥ svayaṃ caiva bravīṣi me","All sages as well as the divine sage Nārada Asita Devala and Vyāsa call you the eternal being divine the first god the unborn the all-pervading. And so too","machine-aligned; two human reviews pending","00445459ae49f2aa4713e954879f5aa31c4661156c7c392ab339383409153f91"
"gita.10.14","10","14","Arjuna","सर्वमेतदृतं मन्ये यन्मां वदसि केशव।
न हि ते भगवन्व्यक्तिं विदुर्देवा न दानवाः ॥","sarvametadṛtaṃ manye yanmāṃ vadasi keśava
na hi te bhagavanvyaktiṃ vidurdevā na dānavāḥ","you tell me yourself O Kesava! I believe all this that you tell me (to be) true for, O lord! neither the gods nor demons understand your manifestation.","machine-aligned; two human reviews pending","81e5e0faae913bd26609fb52c0eb5afe9537c04102307e57ded0a7c8908e325c"
"gita.10.15","10","15","Arjuna","स्वयमेवात्मनात्मानं वेत्थ त्वं पुरुषोत्तम।
भूतभावन भूतेश देवदेव जगत्पते ॥","svayamevātmanātmānaṃ vettha tvaṃ puruṣottama
bhūtabhāvana bhūteśa devadeva jagatpate","You only know your self by your self. O best of beings! creator of all things! lord of all things! god of gods! lord of the universe! be pleased to declare without","machine-aligned; two human reviews pending","51d8a83d83f9126fcfd32071da6dd616c4e68f2544ef81cde2daf20848abc9c5"
"gita.10.16","10","16","Arjuna","वक्तुमर्हस्यशेषेण दिव्या ह्यात्मविभूतयः।
याभिर्विभूतिभिर्लोकानिमांस्त्वं व्याप्य तिष्ठसि ॥","vaktumarhasyaśeṣeṇa divyā hyātmavibhūtayaḥ
yābhirvibhūtibhirlokānimāṃstvaṃ vyāpya tiṣṭhasi","exception your divine emanations by which emanations you stand pervading all these worlds.","machine-aligned; two human reviews pending","1dc6bd60f3ded4eb308f316ebd9c164f602a2ee702d0031721f3819d7379c782"
"gita.10.17","10","17","Arjuna","कथं विद्यामहं योगिंस्त्वां सदा परिचिन्तयन्।
केषु केषु च भावेषु चिन्त्योऽसि भगवन्मया ॥","kathaṃ vidyāmahaṃ yogiṃstvāṃ sadā paricintayan
keṣu keṣu ca bhāveṣu cintyo.asi bhagavanmayā","How shall I know you, O you of mystic power! always meditating on you? And in what various entities, O lord! should I meditate on you?","machine-aligned; two human reviews pending","2e9d7ccefbdf687667e5dac88c1847148134b67468e886c6189adee5dc0f77fa"
"gita.10.18","10","18","Arjuna","विस्तरेणात्मनो योगं विभूतिं च जनार्दन।
भूयः कथय तृप्तिर्हि शृण्वतो नास्ति मेऽमृतम् ॥","vistareṇātmano yogaṃ vibhūtiṃ ca janārdana
bhūyaḥ kathaya tṛptirhi śṛṇvato nāsti me.amṛtam","Again, O Ganārdana! do you yourself declare your powers and emanations because hearing this nectar, I (still) feel no satiety.","machine-aligned; two human reviews pending","d02c545697a08b5157d5a41eba3bc146e03ae78e0b909184b802eae1cab08227"
"gita.10.19","10","19","Krishna","श्रीभगवानुवाच।
हन्त ते कथयिष्यामि दिव्या ह्यात्मविभूतयः।
प्राधान्यतः कुरुश्रेष्ठ नास्त्यन्तो विस्तरस्य मे ॥","śrībhagavānuvāca
hanta te kathayiṣyāmi divyā hyātmavibhūtayaḥ
prādhānyataḥ kuruśreṣṭha nāstyanto vistarasya me","Well then, O best of Kauravas! I will state to you my own divine emanations but (only) the chief (ones), for there is no end to the extent of my (emanations).","machine-aligned; two human reviews pending","4d8eb6a2c4044a9ed176cfdfe6bf39218b853f2a7885bbdf7dcf512e6b409b3d"
"gita.10.20","10","20","Krishna","अहमात्मा गुडाकेश सर्वभूताशयस्थितः।
अहमादिश्च मध्यं च भूतानामन्त एव च ॥","ahamātmā guḍākeśa sarvabhūtāśayasthitaḥ
ahamādiśca madhyaṃ ca bhūtānāmanta eva ca","I am the self, O Guḍākesa! seated in the hearts of all beings. I am the beginning and the middle and the end also of all beings.","machine-aligned; two human reviews pending","3a492ab51ecf943757e64a6a78ef3d3e664095f89ac93514345fcb8c003ce607"
"gita.10.21","10","21","Krishna","आदित्यानामहं विष्णुर्ज्योतिषां रविरंशुमान्।
मरीचिर्मरुतामस्मि नक्षत्राणामहं शशी ॥","ādityānāmahaṃ viṣṇurjyotiṣāṃ raviraṃśumān
marīcirmarutāmasmi nakṣatrāṇāmahaṃ śaśī","I am Viṣṇu among the Ādityas , the beaming sun among the shining (bodies) I am Marīci among the Maruts , and the moon among the lunar mansions.","machine-aligned; two human reviews pending","582e5f5cc62731b4339fcf4650a91b82f645f8e77fa05416e247056d15fde38f"
"gita.10.22","10","22","Krishna","वेदानां सामवेदोऽस्मि देवानामस्मि वासवः।
इन्द्रियाणां मनश्चास्मि भूतानामस्मि चेतना ॥","vedānāṃ sāmavedo.asmi devānāmasmi vāsavaḥ
indriyāṇāṃ manaścāsmi bhūtānāmasmi cetanā","Among the Vedas , I am the Sāma - veda . I am Indra among the gods. And I am mind among the senses.","machine-aligned; two human reviews pending","35f450299011b523d3834a664323462d89eab4d8524d02a1e6695f073a25e44c"
"gita.10.23","10","23","Krishna","रुद्राणां शङ्करश्चास्मि वित्तेशो यक्षरक्षसाम्।
वसूनां पावकश्चास्मि मेरुः शिखरिणामहम् ॥","rudrāṇāṃ śaṅkaraścāsmi vitteśo yakṣarakṣasām
vasūnāṃ pāvakaścāsmi meruḥ śikhariṇāmaham","I am consciousness in (living) beings. And I am Śaṅkara among the Rudras the lord of wealth among Yakṣas and Rakṣases. And I am fire among the Vasus and Meru among the high-topped (mountains). And know me","machine-aligned; two human reviews pending","64afdc0ba0288bc3b3ca19d3a040737ff6bc98496f99dd3f260e1bbcb90684f5"
"gita.10.24","10","24","Krishna","पुरोधसां च मुख्यं मां विद्धि पार्थ बृहस्पतिम्।
सेनानीनामहं स्कन्दः सरसामस्मि सागरः ॥","purodhasāṃ ca mukhyaṃ māṃ viddhi pārtha bṛhaspatim
senānīnāmahaṃ skandaḥ sarasāmasmi sāgaraḥ","O Arjuna ! to be Bṛhaspati the chief among domestic priests. I am Skanda among generals. I am the ocean among reservoirs of water.","machine-aligned; two human reviews pending","d2e63547a370edcf53cd37ce6be40d72da4038fc2754bb40aa1286a8a2de55f1"
"gita.10.25","10","25","Krishna","महर्षीणां भृगुरहं गिरामस्म्येकमक्षरम्।
यज्ञानां जपयज्ञोऽस्मि स्थावराणां हिमालयः ॥","maharṣīṇāṃ bhṛgurahaṃ girāmasmyekamakṣaram
yajñānāṃ japayajño.asmi sthāvarāṇāṃ himālayaḥ","I am Bhṛgu among the great sages. I am the single syllable (Om) among words. Among sacrifices I am the Japa sacrifice the Himālaya among the firmly-fixed (mountains)","machine-aligned; two human reviews pending","29dfab0da04ac2edddcb406b5797f42c2089e86eb57fee7036445409638cf880"
"gita.10.26","10","26","Krishna","अश्वत्थः सर्ववृक्षाणां देवर्षीणां च नारदः।
गन्धर्वाणां चित्ररथः सिद्धानां कपिलो मुनिः ॥","aśvatthaḥ sarvavṛkṣāṇāṃ devarṣīṇāṃ ca nāradaḥ
gandharvāṇāṃ citrarathaḥ siddhānāṃ kapilo muniḥ","the Aśvattha among all trees, and Nārada among divine sages Citraratha among the heavenly choristers, the sage Kapila among the Siddhas .","machine-aligned; two human reviews pending","d41e0497f015425f3180ecdc5d7ccbf034e1b568d07eae4db391d4cb8cca4b3b"
"gita.10.27","10","27","Krishna","उच्चैःश्रवसमश्वानां विद्धि माममृतोद्भवम्।
ऐरावतं गजेन्द्राणां नराणां च नराधिपम् ॥","uccaiḥśravasamaśvānāṃ viddhi māmamṛtodbhavam
airāvataṃ gajendrāṇāṃ narāṇāṃ ca narādhipam","Among horses know me to be Uccaiśśravas, brought forth by (the labours for) the nectar and Airāvata among the great elephants, and the ruler. of men among men.","machine-aligned; two human reviews pending","d6b82cc307a03d69949c449352a4c424051cefd9127ff9e4b508965af78a221d"
"gita.10.28","10","28","Krishna","आयुधानामहं वज्रं धेनूनामस्मि कामधुक्।
प्रजनश्चास्मि कन्दर्पः सर्पाणामस्मि वासुकिः ॥","āyudhānāmahaṃ vajraṃ dhenūnāmasmi kāmadhuk
prajanaścāsmi kandarpaḥ sarpāṇāmasmi vāsukiḥ","I am the thunderbolt among weapons, the wish-giving (cow) among cows. And I am love which generates. Among serpents I am Vāsuki.","machine-aligned; two human reviews pending","0a42a2581ef363742921d8f46ee71852069e29ec359d2c4428418484907d9284"
"gita.10.29","10","29","Krishna","अनन्तश्चास्मि नागानां वरुणो यादसामहम्।
पितॄणामर्यमा चास्मि यमः संयमतामहम् ॥","anantaścāsmi nāgānāṃ varuṇo yādasāmaham
pitṝṇāmaryamā cāsmi yamaḥ saṃyamatāmaham","Among Nāga snakes I am Ananta I am Varuṇa among aquatic beings. And I am Aryaman among the manes, and Yama among rulers. Among demons, too, I am Pralhāda.","machine-aligned; two human reviews pending","5e8342c7ae5c0ebc3a57e3074ec9405ad35be36ab945ec9b72e6fcb279150e8e"
"gita.10.30","10","30","Krishna","प्रह्लादश्चास्मि दैत्यानां कालः कलयतामहम्।
मृगाणां च मृगेन्द्रोऽहं वैनतेयश्च पक्षिणाम् ॥","prahlādaścāsmi daityānāṃ kālaḥ kalayatāmaham
mṛgāṇāṃ ca mṛgendro.ahaṃ vainateyaśca pakṣiṇām","I am the king of death ( Kāla , time) among those that count. Among beasts I am the lord of beasts, and the son of Vinatā among birds.","machine-aligned; two human reviews pending","06d782c8c1e08ff37a4ae3495e36ff0dbb7068c8b6468478b403a923193b35d6"
"gita.10.31","10","31","Krishna","पवनः पवतामस्मि रामः शस्त्रभृतामहम्।
झषाणां मकरश्चास्मि स्रोतसामस्मि जाह्नवी ॥","pavanaḥ pavatāmasmi rāmaḥ śastrabhṛtāmaham
jhaṣāṇāṃ makaraścāsmi srotasāmasmi jāhnavī","I am the wind among those that blow. I am Rāma among those that wield weapons. Among fishes I am Makara and among streams the Jāhnavī. Of created things I am the beginning and the end and the middle also","machine-aligned; two human reviews pending","530d466be047d41a26c9a24ee3db5b3c325d2c9025417055697e9af98cd6ffa9"
"gita.10.32","10","32","Krishna","सर्गाणामादिरन्तश्च मध्यं चैवाहमर्जुन।
अध्यात्मविद्या विद्यानां वादः प्रवदतामहम् ॥","sargāṇāmādirantaśca madhyaṃ caivāhamarjuna
adhyātmavidyā vidyānāṃ vādaḥ pravadatāmaham","O Arjuna! Among sciences I am the science of the Adhyātma and I am the argument of controversialists.","machine-aligned; two human reviews pending","3ab9ad2192f9bd6e4281f768f0ca4812f7de6e21a31c92f5d0f48069c8545adf"
"gita.10.33","10","33","Krishna","अक्षराणामकारोऽस्मि द्वन्द्वः सामासिकस्य च।
अहमेवाक्षयः कालो धाताहं विश्वतोमुखः ॥","akṣarāṇāmakāro.asmi dvandvaḥ sāmāsikasya ca
ahamevākṣayaḥ kālo dhātāhaṃ viśvatomukhaḥ","Among letters I am the letter A, and among the group of compounds the copulative compound. I myself am time inexhaustible, and I the creator whose faces are in all directions.","machine-aligned; two human reviews pending","76e42e0cd00bc93efdcdfd20e03e0183a0db1254313bd963eb4ca4f75b480fdc"
"gita.10.34","10","34","Krishna","मृत्युः सर्वहरश्चाहमुद्भवश्च भविष्यताम्।
कीर्तिः श्रीर्वाक्च नारीणां स्मृतिर्मेधा धृतिः क्षमा ॥","mṛtyuḥ sarvaharaścāhamudbhavaśca bhaviṣyatām
kīrtiḥ śrīrvākca nārīṇāṃ smṛtirmedhā dhṛtiḥ kṣamā","I am death who seizes all, and the source of what is to be. And among females, fame, fortune, speech, memory, intellect, courage. forgiveness.","machine-aligned; two human reviews pending","8cd7f192a4019420388716b38d7aebec201bf912549f849898592a9f0e29af38"
"gita.10.35","10","35","Krishna","बृहत्साम तथा साम्नां गायत्री छन्दसामहम्।
मासानां मार्गशीर्षोऽहमृतूनां कुसुमाकरः ॥","bṛhatsāma tathā sāmnāṃ gāyatrī chandasāmaham
māsānāṃ mārgaśīrṣo.ahamṛtūnāṃ kusumākaraḥ","Likewise among Sāman hymns, I am the Bṛhat-sāman, and I the Gāyatrī among metres. I am Mārgaśīrṣa among the months, the spring among the seasons","machine-aligned; two human reviews pending","96537b90ed93c56aea66d1520b6eff73c595bd1c6dd736de12f85515c8747d21"
"gita.10.36","10","36","Krishna","द्यूतं छलयतामस्मि तेजस्तेजस्विनामहम्।
जयोऽस्मि व्यवसायोऽस्मि सत्त्वं सत्त्ववतामहम् ॥","dyūtaṃ chalayatāmasmi tejastejasvināmaham
jayo.asmi vyavasāyo.asmi sattvaṃ sattvavatāmaham","of cheats, I am the game of dice I am the glory of the glorious, I am victory, I am industry, I am the goodness of the good.","machine-aligned; two human reviews pending","6e738af4ee9d86f60a3ad554297c0ec50219378f98dab354202a32284cc7b25b"
"gita.10.37","10","37","Krishna","वृष्णीनां वासुदेवोऽस्मि पाण्डवानां धनञ्जयः।
मुनीनामप्यहं व्यासः कवीनामुशना कविः ॥","vṛṣṇīnāṃ vāsudevo.asmi pāṇḍavānāṃ dhanañjayaḥ
munīnāmapyahaṃ vyāsaḥ kavīnāmuśanā kaviḥ","I am Vāsudeva among the descendants of Vṛṣṇi, and Arjuna among the Pāṇḍavas . Among sages also, I am Vyāsa and among the discerning ones, I am the discerning Uśanas.","machine-aligned; two human reviews pending","04039ecc9e18e52e729a2ac52bd5bf23f576074613f35afa1ce773481617c3fb"
"gita.10.38","10","38","Krishna","दण्डो दमयतामस्मि नीतिरस्मि जिगीषताम्।
मौनं चैवास्मि गुह्यानां ज्ञानं ज्ञानवतामहम् ॥","daṇḍo damayatāmasmi nītirasmi jigīṣatām
maunaṃ caivāsmi guhyānāṃ jñānaṃ jñānavatāmaham","I am the rod of those that restrain, and the policy of those that desire victory. I am silence respecting secrets.","machine-aligned; two human reviews pending","1527f18e3416197482de11222f5ff6ed3d9c6b2b297be6d22e3bac65c97fac24"
"gita.10.39","10","39","Krishna","यच्चापि सर्वभूतानां बीजं तदहमर्जुन।
न तदस्ति विना यत्स्यान्मया भूतं चराचरम् ॥","yaccāpi sarvabhūtānāṃ bījaṃ tadahamarjuna
na tadasti vinā yatsyānmayā bhūtaṃ carācaram","I am the knowledge of those that have knowledge And, O Arjuna! I am also that which is the seed of all things. There is nothing movable or immovable which can exist without me.","machine-aligned; two human reviews pending","cf158c81727ec03d76f550f330cc2530bc1d319aa450cbba7bc221ff0351ec1a"
"gita.10.40","10","40","Krishna","नान्तोऽस्ति मम दिव्यानां विभूतीनां परन्तप।
एष तूद्देशतः प्रोक्तो विभूतेर्विस्तरो मया ॥","nānto.asti mama divyānāṃ vibhūtīnāṃ parantapa
eṣa tūddeśataḥ prokto vibhūtervistaro mayā","O terror of your foes! there is no end to my divine emanations.","machine-aligned; two human reviews pending","e2f42a8fabbd744176c44c366b7c5da66b2ffd7078afc9bdc9ae0e3966024fcb"
"gita.10.41","10","41","Krishna","यद्यद्विभूतिमत्सत्त्वं श्रीमदूर्जितमेव वा।
तत्तदेवावगच्छ त्वं मम तेजोंऽशसम्भवम् ॥","yadyadvibhūtimatsattvaṃ śrīmadūrjitameva vā
tattadevāvagaccha tvaṃ mama tejoṃśasambhavam","Here I have declared the extent of (those) emanations only in part. Whatever thing (there is) of power or glorious or splendid know all that to be produced from portions of my energy. Or rather","machine-aligned; two human reviews pending","ded69df78cf0bc7e32d010f7ea4283a8c72d69da8255b67b3a6e07749fb8e399"
"gita.10.42","10","42","Krishna","अथवा बहुनैतेन किं ज्ञातेन तवार्जुन।
विष्टभ्याहमिदं कृत्स्नमेकांशेन स्थितो जगत् ॥","athavā bahunaitena kiṃ jñātena tavārjuna
viṣṭabhyāhamidaṃ kṛtsnamekāṃśena sthito jagat","O Arjuna! what have you to do knowing all this at large? I stand supporting all this by (but) a single portion (of myself).","machine-aligned; two human reviews pending","06d299a9ee68e7ea6faf7dad0044f0fb88157469a32af70de3561f248cc87b79"
"gita.11.1","11","1","Arjuna","अर्जुन उवाच।
मदनुग्रहाय परमं गुह्यमध्यात्मसंज्ञितम्।
यत्त्वयोक्तं वचस्तेन मोहोऽयं विगतो मम ॥","arjuna uvāca
madanugrahāya paramaṃ guhyamadhyātmasaṃjñitam
yattvayoktaṃ vacastena moho.ayaṃ vigato mama","In consequence of the excellent and mysterious words concerning the relation of the supreme and individual soul, which you have spoken for my welfare this delusion of mine is gone away.","machine-aligned; two human reviews pending","bace603779302d63848ba7e410874d7bca9b216841ac1f2fa68de112fefbc33f"
"gita.11.2","11","2","Arjuna","भवाप्ययौ हि भूतानां श्रुतौ विस्तरशो मया।
त्वत्तः कमलपत्राक्ष माहात्म्यमपि चाव्ययम् ॥","bhavāpyayau hi bhūtānāṃ śrutau vistaraśo mayā
tvattaḥ kamalapatrākṣa māhātmyamapi cāvyayam","O you whose eyes are like lotus leaves! I have heard from you at large about the production and dissolution of things, and also about your inexhaustible greatness. O highest lord! what you have said about yourself is so.","machine-aligned; two human reviews pending","5823235cc9e9f312d27c94ead6dd005c9739522de3f243b73c6819293e623ceb"
"gita.11.3","11","3","Arjuna","एवमेतद्यथात्थ त्वमात्मानं परमेश्वर।
द्रष्टुमिच्छामि ते रूपमैश्वरं पुरुषोत्तम ॥","evametadyathāttha tvamātmānaṃ parameśvara
draṣṭumicchāmi te rūpamaiśvaraṃ puruṣottama","I wish, O best of beings! to see your divine form. If","machine-aligned; two human reviews pending","6340f387e968e9512d7c1a31b3d16796d70b379acddd862f1166d988ed1ff5fb"
"gita.11.4","11","4","Arjuna","मन्यसे यदि तच्छक्यं मया द्रष्टुमिति प्रभो।
योगेश्वर ततो मे त्वं दर्शयात्मानमव्ययम् ॥","manyase yadi tacchakyaṃ mayā draṣṭumiti prabho
yogeśvara tato me tvaṃ darśayātmānamavyayam","O lord! you think that it is possible for me to look upon it then O lord of the possessors of mystic power! show your inexhaustible form to me.","machine-aligned; two human reviews pending","8086a301652779ff65ae1ab3e197a665ac4e17005043f700184063d63ed90d42"
"gita.11.5","11","5","Krishna","श्रीभगवानुवाच।
पश्य मे पार्थ रूपाणि शतशोऽथ सहस्रशः।
नानाविधानि दिव्यानि नानावर्णाकृतीनि च ॥","śrībhagavānuvāca
paśya me pārtha rūpāṇi śataśo.atha sahasraśaḥ
nānāvidhāni divyāni nānāvarṇākṛtīni ca","In hundreds and in thousands see my forms, O son of Pṛthā! various, divine, and of various colours and shapes.","machine-aligned; two human reviews pending","fa5f9e783486deec2997656dd7d40f933cb256faf58abdc104dc5924fccb914e"
"gita.11.6","11","6","Krishna","पश्यादित्यान्वसून्रुद्रानश्विनौ मरुतस्तथा।
बहून्यदृष्टपूर्वाणि पश्याश्चर्याणि भारत ॥","paśyādityānvasūnrudrānaśvinau marutastathā
bahūnyadṛṣṭapūrvāṇi paśyāścaryāṇi bhārata","See the Ādityas , Vasus , Rudras , the two Aśvins , and Maruts likewise. And O descendant of Bharata! see wonders, in numbers, unseen before. Within my body","machine-aligned; two human reviews pending","60727f154080194a35b55803b2ee299efd14f6fb8edca6cf0aca65ed514943e5"
"gita.11.7","11","7","Krishna","इहैकस्थं जगत्कृत्स्नं पश्याद्य सचराचरम्।
मम देहे गुडाकेश यच्चान्यद् द्रष्टुमिच्छसि ॥","ihaikasthaṃ jagatkṛtsnaṃ paśyādya sacarācaram
mama dehe guḍākeśa yaccānyad draṣṭumicchasi","O Guḍākesa! see to-day the whole universe","machine-aligned; two human reviews pending","a713ebc87203b2e665d6955ab50008146809b244c08f15a4e1933877fdf7cea2"
"gita.11.8","11","8","Krishna","न तु मां शक्यसे द्रष्टुमनेनैव स्वचक्षुषा।
दिव्यं ददामि ते चक्षुः पश्य मे योगमैश्वरम् ॥","na tu māṃ śakyase draṣṭumanenaiva svacakṣuṣā
divyaṃ dadāmi te cakṣuḥ paśya me yogamaiśvaram","including (everything) movable and immovable, (all) in one and whatever else you wish to see. But you will not be able to see me with merely this eye of yours. I give you an eye divine. (Now) see my divine power.","machine-aligned; two human reviews pending","ae8b2e3d51e2160c412badae23078aefebde0a51f352197a05415402e66c2604"
"gita.11.9","11","9","Sanjaya","सञ्जय उवाच।
एवमुक्त्वा ततो राजन्महायोगेश्वरो हरिः।
दर्शयामास पार्थाय परमं रूपमैश्वरम् ॥","sañjaya uvāca
evamuktvā tato rājanmahāyogeśvaro hariḥ
darśayāmāsa pārthāya paramaṃ rūpamaiśvaram","Having spoken thus O king! Hari","machine-aligned; two human reviews pending","ccf3edafc506d8898a8d96de9d2feade9a99c93d9dfbbdbf11b654dba5661f4e"
"gita.11.10","11","10","Sanjaya","अनेकवक्त्रनयनमनेकाद्भुतदर्शनम्।
अनेकदिव्याभरणं दिव्यानेकोद्यतायुधम् ॥","anekavaktranayanamanekādbhutadarśanam
anekadivyābharaṇaṃ divyānekodyatāyudham","the great lord of the possessors of mystic power then showed to the son of Pṛthā. his supreme divine form having many mouths and eyes having (within it) many wonderful sights having many celestial ornaments having many celestial weapons held erect","machine-aligned; two human reviews pending","ee5baef342598dbb8336a4e6205f904bebd790b0f7361acc762006e962a69d49"
"gita.11.11","11","11","Sanjaya","दिव्यमाल्याम्बरधरं दिव्यगन्धानुलेपनम्।
सर्वाश्चर्यमयं देवमनन्तं विश्वतोमुखम् ॥","divyamālyāmbaradharaṃ divyagandhānulepanam
sarvāścaryamayaṃ devamanantaṃ viśvatomukham","wearing celestial flowers and vestments having an anointment of celestial perfumes full of every wonder the infinite deity with faces in all directions.","machine-aligned; two human reviews pending","5fb9734ad4ce5f350c4a249d8c931392352cb5b12c3597f7573253efc23efdbe"
"gita.11.12","11","12","Sanjaya","दिवि सूर्यसहस्रस्य भवेद्युगपदुत्थिता।
यदि भाः सदृशी सा स्याद्भासस्तस्य महात्मनः ॥","divi sūryasahasrasya bhavedyugapadutthitā
yadi bhāḥ sadṛśī sā syādbhāsastasya mahātmanaḥ","If in the heavens, the lustre of a thousand suns burst forth all at once, that would be like the lustre of that mighty one.","machine-aligned; two human reviews pending","f02bb9b9d634b05fc29faa65cee8cb4e7eeb507e43d674891b35683026309455"
"gita.11.13","11","13","Sanjaya","तत्रैकस्थं जगत्कृत्स्नं प्रविभक्तमनेकधा।
अपश्यद्देवदेवस्य शरीरे पाण्डवस्तदा ॥","tatraikasthaṃ jagatkṛtsnaṃ pravibhaktamanekadhā
apaśyaddevadevasya śarīre pāṇḍavastadā","There the son of Pāṇḍu then observed in the body of the god of gods the whole universe (all) in one, and divided into numerous (divisions).","machine-aligned; two human reviews pending","c5e97ccc88c3f758c9dff042423f18f692b955d0c9c0e8651ca7710b59308fd1"
"gita.11.14","11","14","Sanjaya","ततः स विस्मयाविष्टो हृष्टरोमा धनञ्जयः।
प्रणम्य शिरसा देवं कृताञ्जलिरभाषत ॥","tataḥ sa vismayāviṣṭo hṛṣṭaromā dhanañjayaḥ
praṇamya śirasā devaṃ kṛtāñjalirabhāṣata","Then Dhanañjaya filled with amazement, and with hair standing on end, bowed his head before the god, and spoke with joined hands.","machine-aligned; two human reviews pending","4fb560e20771285f2300d68ee24c8ebeb65ccd8182b420ea5bac5d70c478ca87"
"gita.11.15","11","15","Arjuna","अर्जुन उवाच।
पश्यामि देवांस्तव देव देहे
सर्वांस्तथा भूतविशेषसङ्घान्।
ब्रह्माणमीशं कमलासनस्थ-
मृषींश्च सर्वानुरगांश्च दिव्यान् ॥","arjuna uvāca
paśyāmi devāṃstava deva dehe sarvāṃstathā bhūtaviśeṣasaṅghān
brahmāṇamīśaṃ kamalāsanasthaṃ ṛṣīṃśca sarvānuragāṃśca divyān","O god! I see within your body the gods, as also all the groups of various beings and the lord Brahman seated on (his) lotus seat, and all the sages and celestial snakes.","machine-aligned; two human reviews pending","2d884df574edf2976ef768a098c5207deda91c2f4c849dedb934f8de02183a5a"
"gita.11.16","11","16","Arjuna","अनेकबाहूदरवक्त्रनेत्रं
पश्यामि त्वां सर्वतोऽनन्तरूपम्।
नान्तं न मध्यं न पुनस्तवादिं
पश्यामि विश्वेश्वर विश्वरूप ॥","anekabāhūdaravaktranetraṃ paśyāmi tvāṃ sarvato.anantarūpam
nāntaṃ na madhyaṃ na punastavādiṃ paśyāmi viśveśvara viśvarūpa","I see you, who are of countless forms, possessed of many arms, stomachs, mouths, and eyes on all sides. And, O lord of the universe! O you of all forms!","machine-aligned; two human reviews pending","b368eb8325aad355144fd496fb288e860d2218187c1f95b8fcff62d628d854be"
"gita.11.17","11","17","Arjuna","किरीटिनं गदिनं चक्रिणं च
तेजोराशिं सर्वतो दीप्तिमन्तम्।
पश्यामि त्वां दुर्निरीक्ष्यं समन्ताद्
दीप्तानलार्कद्युतिमप्रमेयम् ॥","kirīṭinaṃ gadinaṃ cakriṇaṃ ca tejorāśiṃ sarvato dīptimantam
paśyāmi tvāṃ durnirīkṣyaṃ samantād dīptānalārkadyutimaprameyam","I do not see your end or middle or beginning. I see you bearing a coronet and a mace and a discus—a mass of glory brilliant on all sides difficult to look at having on all sides the effulgence of a blazing fire or sun and indefinable.","machine-aligned; two human reviews pending","a262c8083e65d696c58d3ceac83e9c55015ed99958a8b597552b06a01a406d4a"
"gita.11.18","11","18","Arjuna","त्वमक्षरं परमं वेदितव्यं
त्वमस्य विश्वस्य परं निधानम्।
त्वमव्ययः शाश्वतधर्मगोप्ता
सनातनस्त्वं पुरुषो मतो मे ॥","tvamakṣaraṃ paramaṃ veditavyaṃ tvamasya viśvasya paraṃ nidhānam
tvamavyayaḥ śāśvatadharmagoptā sanātanastvaṃ puruṣo mato me","You are indestructible, the supreme one to be known. You are the highest support of this universe. You are the inexhaustible protector of everlasting piety. I believe you to be the eternal being.","machine-aligned; two human reviews pending","a009638428f109d20502883434db3dfba8b6d8f1324b5b4c0f34286f495270e5"
"gita.11.19","11","19","Arjuna","अनादिमध्यान्तमनन्तवीर्य-
मनन्तबाहुं शशिसूर्यनेत्रम्।
पश्यामि त्वां दीप्तहुताशवक्त्रं
स्वतेजसा विश्वमिदं तपन्तम् ॥","anādimadhyāntamanantavīryam anantabāhuṃ śaśisūryanetram
paśyāmi tvāṃ dīptahutāśavaktraṃ svatejasā viśvamidaṃ tapantam","I see you void of beginning middle end—of infinite power of unnumbered arms having the sun and moon for eyes having a mouth like a blazing fire","machine-aligned; two human reviews pending","9aae031a7c9195d84b181a7811b287885d47621c385e35569fa37fbab8d2d62b"
"gita.11.20","11","20","Arjuna","द्यावापृथिव्योरिदमन्तरं हि
व्याप्तं त्वयैकेन दिशश्च सर्वाः।
दृष्ट्वाद्भुतं रूपमुग्रं तवेदं
लोकत्रयं प्रव्यथितं महात्मन् ॥","dyāvāpṛthivyoridamantaraṃ hi vyāptaṃ tvayaikena diśaśca sarvāḥ
dṛṣṭvādbhutaṃ rūpamugraṃ tavedaṃ lokatrayaṃ pravyathitaṃ mahātman","and heating the universe with your radiance. For this space between heaven and earth and all the quarters are pervaded by you alone. Looking at this wonderful and terrible form of yours, O high-souled one! the three worlds are affrighted. For here these groups of gods are entering into you.","machine-aligned; two human reviews pending","a3dd284d40cf9f29fc57ce460f27e874505552f7c3a5719570edc7f3c307b1db"
"gita.11.21","11","21","Arjuna","अमी हि त्वां सुरसङ्घा विशन्ति
केचिद्भीताः प्राञ्जलयो गृणन्ति।
स्वस्तीत्युक्त्वा महर्षिसिद्धसङ्घाः
स्तुवन्ति त्वां स्तुतिभिः पुष्कलाभिः ॥","amī hi tvāṃ surasaṅghā viśanti kecidbhītāḥ prāñjalayo gṛṇanti
svastītyuktvā maharṣisiddhasaṅghāḥ stuvanti tvāṃ stutibhiḥ puṣkalābhiḥ","Some being afraid are praying with joined hands, and the groups of great sages and Siddhas are saying 'Welfare!' and praising you with abundant (hymns) of praise.","machine-aligned; two human reviews pending","d7a8919385275b8de9bbcb349e97b0cf0c4b1530acc93fa7cb804057bd229325"
"gita.11.22","11","22","Arjuna","रुद्रादित्या वसवो ये च साध्या
विश्वेऽश्विनौ मरुतश्चोष्मपाश्च।
गन्धर्वयक्षासुरसिद्धसङ्घा
वीक्षन्ते त्वां विस्मिताश्चैव सर्वे ॥","rudrādityā vasavo ye ca sādhyā viśve.aśvinau marutaścoṣmapāśca
gandharvayakṣāsurasiddhasaṅghā vīkṣante tvāṃ vismitāścaiva sarve","The Rudras and Ādityas the Vasus the Sādhyas the Viśvas the two Aśvins the Maruts and the Ushmapas and the groups of Gandharvas Yakṣas demons and Siddhas are all looking at you amazed. Seeing your mighty form","machine-aligned; two human reviews pending","112a449ec77470da805e07d2f79e3b6e7b83a14d0f94f35b5900235f6f164a3f"
"gita.11.23","11","23","Arjuna","रूपं महत्ते बहुवक्त्रनेत्रं
महाबाहो बहुबाहूरुपादम्।
बहूदरं बहुदंष्ट्राकरालं
दृष्ट्वा लोकाः प्रव्यथितास्तथाहम् ॥","rūpaṃ mahatte bahuvaktranetraṃ mahābāho bahubāhūrupādam
bahūdaraṃ bahudaṃṣṭrākarālaṃ dṛṣṭvā lokāḥ pravyathitāstathāham","with many mouths and eyes with many arms thighs and feet with many stomachs and fearful with many jaws all people and I likewise are much alarmed O you of mighty arms!","machine-aligned; two human reviews pending","eb719c36f4512e830cc7816d6da7be78fd8694e0b207da6f987cca4135d3d972"
"gita.11.24","11","24","Arjuna","नभःस्पृशं दीप्तमनेकवर्णं
व्यात्ताननं दीप्तविशालनेत्रम्।
दृष्ट्वा हि त्वां प्रव्यथितान्तरात्मा
धृतिं न विन्दामि शमं च विष्णो ॥","nabhaḥspṛśaṃ dīptamanekavarṇaṃ vyāttānanaṃ dīptaviśālanetram
dṛṣṭvā hi tvāṃ pravyathitāntarātmā dhṛtiṃ na vindāmi śamaṃ ca viṣṇo","Seeing you O Viṣṇu ! touching the skies radiant possessed of many hues with a gaping mouth and with large blazing eyes I am much alarmed in my inmost self and feel no courage","machine-aligned; two human reviews pending","5c98462da52e70c2efb6299c6827fe65360800326acda54c11a6f3faa8e0779f"
"gita.11.25","11","25","Arjuna","दंष्ट्राकरालानि च ते मुखानि
दृष्ट्वैव कालानलसन्निभानि।
दिशो न जाने न लभे च शर्म
प्रसीद देवेश जगन्निवास ॥","daṃṣṭrākarālāni ca te mukhāni dṛṣṭvaiva kālānalasannibhāni
diśo na jāne na labhe ca śarma prasīda deveśa jagannivāsa","no tranquillity. And seeing your mouths terrible by the jaws and resembling the fire of destruction I cannot recognise the (various) directions I feel no comfort. Be gracious O lord of gods! who pervadest the universe. And all these sons of Dhṛtarāṣṭra together with all the bands of kings","machine-aligned; two human reviews pending","d8626f589a940ccfcf2d610b4f5c6160810e1e227a659cf1f29acc031ad0d87a"
"gita.11.26","11","26","Arjuna","अमी च त्वां धृतराष्ट्रस्य पुत्राः
सर्वे सहैवावनिपालसङ्घैः।
भीष्मो द्रोणः सूतपुत्रस्तथासौ
सहास्मदीयैरपि योधमुख्यैः ॥","amī ca tvāṃ dhṛtarāṣṭrasya putrāḥ sarve sahaivāvanipālasaṅghaiḥ
bhīṣmo droṇaḥ sūtaputrastathāsau sahāsmadīyairapi yodhamukhyaiḥ","and Bhīṣma and Droṇa and this charioteer's son likewise together with our principal warriors also","machine-aligned; two human reviews pending","f6ca06b10241badbbb5dce7569db9ea4e9a10c891f50b3855baae870485a5776"
"gita.11.27","11","27","Arjuna","वक्त्राणि ते त्वरमाणा विशन्ति
दंष्ट्राकरालानि भयानकानि।
केचिद्विलग्ना दशनान्तरेषु
सन्दृश्यन्ते चूर्णितैरुत्तमाङ्गैः ॥","vaktrāṇi te tvaramāṇā viśanti daṃṣṭrākarālāni bhayānakāni
kecidvilagnā daśanāntareṣu sandṛśyante cūrṇitairuttamāṅgaiḥ","are rapidly entering your mouths fearful and horrific by (reason of your) jaws. And some with their heads smashed are seen (to be) stuck in the spaces between the teeth. As the many rapid currents of a river's waters run towards the sea alone","machine-aligned; two human reviews pending","2acf409313d01075b8c62588e8fd758a8cba309b1b8165633e096c013396e6d1"
"gita.11.28","11","28","Arjuna","यथा नदीनां बहवोऽम्बुवेगाः
समुद्रमेवाभिमुखा द्रवन्ति।
तथा तवामी नरलोकवीरा
विशन्ति वक्त्राण्यभिविज्वलन्ति ॥","yathā nadīnāṃ bahavo.ambuvegāḥ samudramevābhimukhā dravanti
tathā tavāmī naralokavīrā viśanti vaktrāṇyabhivijvalanti","so do these heroes of the human world enter your mouths blazing all round. As butterflies with increased velocity","machine-aligned; two human reviews pending","1aeb2bcad95d798d368a4e6c7cbf8038474c4ab1947ea52a4fef23e954f10864"
"gita.11.29","11","29","Arjuna","यथा प्रदीप्तं ज्वलनं पतङ्गा
विशन्ति नाशाय समृद्धवेगाः।
तथैव नाशाय विशन्ति लोकास्-
तवापि वक्त्राणि समृद्धवेगाः ॥","yathā pradīptaṃ jvalanaṃ pataṅgā viśanti nāśāya samṛddhavegāḥ
tathaiva nāśāya viśanti lokāsa- tavāpi vaktrāṇi samṛddhavegāḥ","enter a blazing fire to their destruction","machine-aligned; two human reviews pending","0a312a223bb747193810d3c3ed9fe98799f0f432684100f65fb5c63b1c54b90e"
"gita.11.30","11","30","Arjuna","लेलिह्यसे ग्रसमानः समन्ताल्-
लोकान्समग्रान्वदनैर्ज्वलद्भिः।
तेजोभिरापूर्य जगत्समग्रं
भासस्तवोग्राः प्रतपन्ति विष्णो ॥","lelihyase grasamānaḥ samantāl- lokānsamagrānvadanairjvaladbhiḥ
tejobhirāpūrya jagatsamagraṃ bhāsastavogrāḥ pratapanti viṣṇo","so too do these people enter your mouths with increased velocity (only) to their destruction. Swallowing all these people, you are licking them over and over again from all sides, with your blazing mouths. Your fierce splendours, O Viṣṇu! filling the whole universe with (their) effulgence, are heating it.","machine-aligned; two human reviews pending","522aea5fef7901c3c857b448ae9cf5d00b4a5535cd7e77f5d339858ad1aa576e"
"gita.11.31","11","31","Arjuna","आख्याहि मे को भवानुग्ररूपो
नमोऽस्तु ते देववर प्रसीद।
विज्ञातुमिच्छामि भवन्तमाद्यं
न हि प्रजानामि तव प्रवृत्तिम् ॥","ākhyāhi me ko bhavānugrarūpo namo.astu te devavara prasīda
vijñātumicchāmi bhavantamādyaṃ na hi prajānāmi tava pravṛttim","Tell me who you are in this fierce form. Salutations be to thee, O chief of the gods! Be gracious. I wish to know you, the primeval, one, for I do not understand your actions.","machine-aligned; two human reviews pending","99e8707408f09181362e5968bb3c1d936335065d372e3e3a7295468246c92c0e"
"gita.11.32","11","32","Krishna","श्रीभगवानुवाच।
कालोऽस्मि लोकक्षयकृत्प्रवृद्धो
लोकान्समाहर्तुमिह प्रवृत्तः।
ऋतेऽपि त्वां न भविष्यन्ति सर्वे
येऽवस्थिताः प्रत्यनीकेषु योधाः ॥","śrībhagavānuvāca
kālo.asmi lokakṣayakṛtpravṛddho lokānsamāhartumiha pravṛttaḥ
ṛte.api tvāṃ na bhaviṣyanti sarve ye.avasthitāḥ pratyanīkeṣu yodhāḥ","I am death, the destroyer of the worlds, fully developed, and I am now active about the overthrow of the worlds. Even without you, the warriors standing in the adverse hosts, shall all cease to be.","machine-aligned; two human reviews pending","6219e485366337d6f90c434cc32e63a98764a7ef60b264ef78d788ebade459e3"
"gita.11.33","11","33","Krishna","तस्मात्त्वमुत्तिष्ठ यशो लभस्व
जित्वा शत्रून् भुङ्क्ष्व राज्यं समृद्धम्।
मयैवैते निहताः पूर्वमेव
निमित्तमात्रं भव सव्यसाचिन् ॥","tasmāttvamuttiṣṭha yaśo labhasva jitvā śatrūn bhuṅkṣva rājyaṃ samṛddham
mayaivaite nihatāḥ pūrvameva nimittamātraṃ bhava savyasācin","Therefore, be up, obtain glory, and vanquishing (your) foes, enjoy a prosperous kingdom. All these have been already killed by me.","machine-aligned; two human reviews pending","1267f4ac3affbc9c9988c3ea5e828375fc274816122137567636943ac6d11b78"
"gita.11.34","11","34","Krishna","द्रोणं च भीष्मं च जयद्रथं च
कर्णं तथान्यानपि योधवीरान्।
मया हतांस्त्वं जहि मा व्यथिष्ठा
युध्यस्व जेतासि रणे सपत्नान् ॥","droṇaṃ ca bhīṣmaṃ ca jayadrathaṃ ca karṇaṃ tathānyānapi yodhavīrān
mayā hatāṃstvaṃ jahi mavyathiṣṭhā yudhyasva jetāsi raṇe sapatnān","Be only the instrument, O Savyasācin! Droṇa, and Bhīṣma, and Jayadratha, and Karṇa , and likewise other valiant warriors also, whom I have killed, do you kill. Be not alarmed. Do fight. And in the battle you will conquer your foes.","machine-aligned; two human reviews pending","4f8d3f24ecda731c5a9a1cff93bc1af58768b0d48461b2f413860e9b6022e747"
"gita.11.35","11","35","Sanjaya","सञ्जय उवाच।
एतच्छ्रुत्वा वचनं केशवस्य
कृताञ्जलिर्वेपमानः किरीटी।
नमस्कृत्वा भूय एवाह कृष्णं
सगद्गदं भीतभीतः प्रणम्य ॥","sañjaya uvāca
etacchrutvā vacanaṃ keśavasya kṛtāñjalirvepamānaḥ kirīṭī
namaskṛtvā bhūya evāha kṛṣṇaṃ sagadgadaṃ bhītabhītaḥ praṇamya","Hearing these words of Kesava, the wearer of the coronet, trembling, and with joined hands, bowed down and sorely afraid, and with throat choked up, he again spoke to Kṛṣṇa after saluting him.","machine-aligned; two human reviews pending","81e126c6c166df51ff012e239d324be18b33efb145c27d7c1bf1b1b720b2f357"
"gita.11.36","11","36","Arjuna","अर्जुन उवाच।
स्थाने हृषीकेश तव प्रकीर्त्या
जगत्प्रहृष्यत्यनुरज्यते च।
रक्षांसि भीतानि दिशो द्रवन्ति
सर्वे नमस्यन्ति च सिद्धसङ्घाः ॥","arjuna uvāca
sthāne hṛṣīkeśa tava prakīrtyā jagatprahṛṣyatyanurajyate ca
rakṣāṃsi bhītāni diśo dravanti sarve namasyanti ca siddhasaṅghāḥ","It is quite proper O Hṛṣīkeśa! that the universe is delighted and charmed by your renown that the demons run away affrighted in all directions","machine-aligned; two human reviews pending","bdfa322c69c107458d3ab77b3bb9682254ad6302c2c3a6432f4f3fb20480560f"
"gita.11.37","11","37","Arjuna","कस्माच्च ते न नमेरन्महात्मन्
गरीयसे ब्रह्मणोऽप्यादिकर्त्रे।
अनन्त देवेश जगन्निवास
त्वमक्षरं सदसत्तत्परं यत् ॥","kasmācca te na nameranmahātman garīyase brahmaṇo.apyādikartre
ananta deveśa jagannivāsa tvamakṣaraṃ sadasattatparaṃ yat","and that all the assemblages of Siddhas bow down,(to you). And why O high-souled one! should they not bow down to you (who are) greater than Brahman and first cause? O infinite lord of gods! O you pervading the universe! you are the indestructible, that which is, that which is not, and what is beyond them.","machine-aligned; two human reviews pending","f308580f204f5e389f37a4b4b82766fb7abfd52f518b698510a711d4c5614e72"
"gita.11.38","11","38","Arjuna","त्वमादिदेवः पुरुषः पुराणस्-
त्वमस्य विश्वस्य परं निधानम्।
वेत्तासि वेद्यं च परं च धाम
त्वया ततं विश्वमनन्तरूप ॥","tvamādidevaḥ puruṣaḥ purāṇasa- tvamasya viśvasya paraṃ nidhānam
vettāsi vedyaṃ ca paraṃ ca dhāma tvayā tataṃ viśvamanantarūpa","You are the primal god, the ancient being, you are the highest support of this universe. You are that which has knowledge, that which is the object of knowledge, you are the highest goal. By you is this universe pervaded., O you of infinite forms!","machine-aligned; two human reviews pending","f3c41831e3148afabe691bf66c13bffa4148951fdca655f20f3901ab6a04936f"
"gita.11.39","11","39","Arjuna","वायुर्यमोऽग्निर्वरुणः शशाङ्कः
प्रजापतिस्त्वं प्रपितामहश्च।
नमो नमस्तेऽस्तु सहस्रकृत्वः
पुनश्च भूयोऽपि नमो नमस्ते ॥","vāyuryamo.agnirvaruṇaḥ śaśāṅkaḥ prajāpatistvaṃ prapitāmahaśca
namo namaste.astu sahasrakṛtvaḥ punaśca bhūyo.api namo namaste","You are the wind, Yama , fire, Varuṇa, the moon, you Prajāpati, and the great grandsire. Obeisance be to thee a thousand times, and again and again obeisance to thee! In front and from behind obeisance to thee!","machine-aligned; two human reviews pending","bd2e017583d0861cb857ae0cf0ac61072702f74ca819da94bbe0f580d6e93b5a"
"gita.11.40","11","40","Arjuna","नमः पुरस्तादथ पृष्ठतस्ते
नमोऽस्तु ते सर्वत एव सर्व।
अनन्तवीर्यामितविक्रमस्त्वं
सर्वं समाप्नोषि ततोऽसि सर्वः ॥","namaḥ purastādatha pṛṣṭhataste namo.astu te sarvata eva sarva
anantavīryāmitavikramastvaṃ sarvaṃ samāpnoṣi tato.asi sarvaḥ","Obeisance be to thee from all sides, O you who are all! You are of infinite power, of unmeasured glory you pervade all, and therefore you are all!","machine-aligned; two human reviews pending","168e84f4bc249a290fdb237b45c39c1625874bc49ae5181ae3a66180b3d1693c"
"gita.11.41","11","41","Arjuna","सखेति मत्वा प्रसभं यदुक्तं
हे कृष्ण हे यादव हे सखेति।
अजानता महिमानं तवेदं
मया प्रमादात्प्रणयेन वापि ॥","sakheti matvā prasabhaṃ yaduktaṃ he kṛṣṇa he yādava he sakheti
ajānatā mahimānaṃ tavedaṃ mayā pramādātpraṇayena vāpi","Whatever I have said contemptuously,—for instance, 'O Kṛṣṇa!' 'O Yādava !' 'O friend!'—thinking you to be (my) friend, and not knowing your greatness (as shown in) this (universal form), or through friendliness, or incautiously","machine-aligned; two human reviews pending","ebc370f0e3ff7d6cc853beacf424561e944f4745923e40932a1ee4984ed507bc"
"gita.11.42","11","42","Arjuna","यच्चावहासार्थमसत्कृतोऽसि
विहारशय्यासनभोजनेषु।
एकोऽथवाप्यच्युत तत्समक्षं
तत्क्षामये त्वामहमप्रमेयम् ॥","yaccāvahāsārthamasatkṛto.asi vihāraśayyāsanabhojaneṣu
eko.athavāpyacyuta tatsamakṣaṃ tatkṣāmaye tvāmahamaprameyam","and whatever disrespect I have shown you for purposes of merriment on (occasions of) play sleep dinner or sitting (together) whether alone or in the presence (of friends),—for all that O undegraded one! I ask pardon of you who are indefinable.","machine-aligned; two human reviews pending","95d6f347d0f4a5de5b1250f5a7901398abfd857c0f0893c142b444f63eba25f0"
"gita.11.43","11","43","Arjuna","पितासि लोकस्य चराचरस्य
त्वमस्य पूज्यश्च गुरुर्गरीयान्।
न त्वत्समोऽस्त्यभ्यधिकः कुतोऽन्यो
लोकत्रयेऽप्यप्रतिमप्रभाव ॥","pitāsi lokasya carācarasya tvamasya pūjyaśca gururgarīyān
na tvatsamo.astyabhyadhikaḥ kuto.anyo lokatraye.apyapratimaprabhāva","You are the father of the world-movable and immovable,—you its great and venerable master there is none equal to you, whence can there be one greater, O you whose power is unparalleled in all the three worlds?","machine-aligned; two human reviews pending","720fea6cca4c99e91ed8a1108a08e8b272c8be18f965da98f15762a5d1ca42fd"
"gita.11.44","11","44","Arjuna","तस्मात्प्रणम्य प्रणिधाय कायं
प्रसादये त्वामहमीशमीड्यम्।
पितेव पुत्रस्य सखेव सख्युः
प्रियः प्रियायार्हसि देव सोढुम् ॥","tasmātpraṇamya praṇidhāya kāyaṃ prasādaye tvāmahamīśamīḍyam
piteva putrasya sakheva sakhyuḥ priyaḥ priyāyārhasi deva soḍhum","Therefore I bow and prostrate myself, and would propitiate you, the praiseworthy lord. Be pleased, O god! to pardon (my guilt) as a father (that of his) son, a friend (that of his) friend, or a husband (that of his) beloved.","machine-aligned; two human reviews pending","499a540767ce9a57f9db8ea1e7e377940d76e07f64b58c4ac57940dbb4059cac"
"gita.11.45","11","45","Arjuna","अदृष्टपूर्वं हृषितोऽस्मि दृष्ट्वा
भयेन च प्रव्यथितं मनो मे।
तदेव मे दर्शय देव रूपं
प्रसीद देवेश जगन्निवास ॥","adṛṣṭapūrvaṃ hṛṣito.asmi dṛṣṭvā bhayena ca pravyathitaṃ mano me
tadeva me darśaya deva rūpaṃ prasīda deveśa jagannivāsa","I am delighted at seeing what I had never seen before, and my heart is also alarmed by fear. Show me that same form, O god! Be gracious, O lord of gods! O you pervading the universe!","machine-aligned; two human reviews pending","fded0f25f6880f2c973357c41312eb145f3b714deb85a4c161912743b493fc59"
"gita.11.46","11","46","Arjuna","किरीटिनं गदिनं चक्रहस्तं
इच्छामि त्वां द्रष्टुमहं तथैव।
तेनैव रूपेण चतुर्भुजेन
सहस्रबाहो भव विश्वमूर्ते ॥","kirīṭinaṃ gadinaṃ cakrahastaṃ icchāmi tvāṃ draṣṭumahaṃ tathaiva
tenaiva rūpeṇa caturbhujena sahasrabāho bhava viśvamūrte","I wish to see you bearing the coronet and the mace, with the discus in hand, just the same (as before). O you of thousand arms! O you of all forms! assume that same four-handed form.","machine-aligned; two human reviews pending","1feacf7217052643d31942d4633b441e9969952f5aa85403546d2aefa3d3981c"
"gita.11.47","11","47","Krishna","श्रीभगवानुवाच।
मया प्रसन्नेन तवार्जुनेदं
रूपं परं दर्शितमात्मयोगात्।
तेजोमयं विश्वमनन्तमाद्यं
यन्मे त्वदन्येन न दृष्टपूर्वम् ॥","śrībhagavānuvāca
mayā prasannena tavārjunedaṃ rūpaṃ paraṃ darśitamātmayogāt
tejomayaṃ viśvamanantamādyaṃ yanme tvadanyena na dṛṣṭapūrvam","O Arjuna ! being pleased (with you) I have by my own mystic power shown you this supreme form full of glory universal infinite primeval","machine-aligned; two human reviews pending","830178544440b96148d2c473ee154e19cb596f54b7b2733df765f6ecfff3dfc6"
"gita.11.48","11","48","Krishna","न वेदयज्ञाध्ययनैर्न दानैर्-
न च क्रियाभिर्न तपोभिरुग्रैः।
एवंरूपः शक्य अहं नृलोके
द्रष्टुं त्वदन्येन कुरुप्रवीर ॥","na vedayajñādhyayanairna dānaira- na ca kriyābhirna tapobhirugraiḥ
evaṃrūpaḥ śakya ahaṃ nṛloke draṣṭuṃ tvadanyena kurupravīra","and which has not been seen before by any one else but you O you hero among the Kauravas! I cannot be seen in this form by any one but you, (even) by (the help of) the study of the Vedas or of sacrifices nor by gifts nor by actions nor by fierce penances.","machine-aligned; two human reviews pending","9c8889186ae094f18cadd382fab706450cea9f77a62adb1318828e8b60e13314"
"gita.11.49","11","49","Krishna","मा ते व्यथा मा च विमूढभावो
दृष्ट्वा रूपं घोरमीदृङ्ममेदम्।
व्यपेतभीः प्रीतमनाः पुनस्त्वं
तदेव मे रूपमिदं प्रपश्य ॥","mā te vyathā mā ca vimūḍhabhāvo dṛṣṭvā rūpaṃ ghoramīdṛṅmamedam
vyapetabhīḥ prītamanāḥ punastvaṃ tadeva me rūpamidaṃ prapaśya","Be not alarmed, be not perplexed, at seeing this form of mine, fearful like this. Free from fear and with delighted heart, see now again that same form of mine.","machine-aligned; two human reviews pending","431f6778f83f0243f10f812e22a28b7033d686aa9a4a9e49a867ca62097a52b9"
"gita.11.50","11","50","Sanjaya","सञ्जय उवाच।
इत्यर्जुनं वासुदेवस्तथोक्त्वा
स्वकं रूपं दर्शयामास भूयः।
आश्वासयामास च भीतमेनं
भूत्वा पुनः सौम्यवपुर्महात्मा ॥","sañjaya uvāca
ityarjunaṃ vāsudevastathoktvā svakaṃ rūpaṃ darśayāmāsa bhūyaḥ
āśvāsayāmāsa ca bhītamenaṃ bhūtvā punaḥ saumyavapurmahātmā","Having thus spoken to Arjuna, Vāsudeva again showed his own form, and the high-souled one becoming again of a mild form, comforted him who had been affrighted.","machine-aligned; two human reviews pending","bd0466acbeb5eef66e023be97ac916d5463a4b894e154180639e2bcd1bf658da"
"gita.11.51","11","51","Arjuna","अर्जुन उवाच।
दृष्ट्वेदं मानुषं रूपं तव सौम्यं जनार्दन।
इदानीमस्मि संवृत्तः सचेताः प्रकृतिं गतः ॥","arjuna uvāca
dṛṣṭvedaṃ mānuṣaṃ rūpaṃ tava saumyaṃ janārdana
idānīmasmi saṃvṛttaḥ sacetāḥ prakṛtiṃ gataḥ","O Janardana ! seeing this mild, human form of yours, I am new in my right mind, and have come to my normal state. Even the gods are always desiring to see this form of mine, which it is difficult to get a sight of, and which you have seen. I cannot be seen","machine-aligned; two human reviews pending","4dc32b0f153e6b4874a16183977b161564aa4de386170c6f533bfbcbd8c03536"
"gita.11.52","11","52","Krishna","श्रीभगवानुवाच।
सुदुर्दर्शमिदं रूपं दृष्टवानसि यन्मम।
देवा अप्यस्य रूपस्य नित्यं दर्शनकाङ्क्षिणः ॥","śrībhagavānuvāca
sudurdarśamidaṃ rūpaṃ dṛṣṭavānasi yanmama
devā apyasya rūpasya nityaṃ darśanakāṅkṣiṇaḥ","as you have seen me by (means of) the Vedas not by penance","machine-aligned; two human reviews pending","7babbe081299ff85687bad7e83cd8cad719f134cac596fb686a2cf69e7d019ae"
"gita.11.53","11","53","Krishna","नाहं वेदैर्न तपसा न दानेन न चेज्यया।
शक्य एवंविधो द्रष्टुं दृष्टवानसि मां यथा ॥","nāhaṃ vedairna tapasā na dānena na cejyayā
śakya evaṃvidho draṣṭuṃ dṛṣṭavānasi māṃ yathā","not by gift","machine-aligned; two human reviews pending","1a967a674fdbc180e1e09af40ca1d0a246151b7d9058d0a79a29a4616003a653"
"gita.11.54","11","54","Krishna","भक्त्या त्वनन्यया शक्य अहमेवंविधोऽर्जुन।
ज्ञातुं द्रष्टुं च तत्त्वेन प्रवेष्टुं च परन्तप ॥","bhaktyā tvananyayā śakya ahamevaṃvidho.arjuna
jñātuṃ draṣṭuṃ ca tattvena praveṣṭuṃ ca parantapa","nor yet by sacrifice. But O Arjuna! by devotion to me exclusively I can in this form be truly known seen","machine-aligned; two human reviews pending","ceb8ff2039db6f8792c0783e52defea89312f75a3af6dccc42f76a41fdc9ae55"
"gita.11.55","11","55","Krishna","मत्कर्मकृन्मत्परमो मद्भक्तः सङ्गवर्जितः।
निर्वैरः सर्वभूतेषु यः स मामेति पाण्डव ॥","matkarmakṛnmatparamo madbhaktaḥ saṅgavarjitaḥ
nirvairaḥ sarvabhūteṣu yaḥ sa māmeti pāṇḍava","and assimilated with O terror of your foes! He who performs acts for (propitiating) me to whom I am the highest (object) who is my devotee who is free from attachment and who has no enmity towards any being he O son of Pāṇḍu! comes to me.","machine-aligned; two human reviews pending","d731a032684da00a0c2582598bc70308c4d5022a3b9058aa5109f8355bb26371"
"gita.12.1","12","1","Arjuna","अर्जुन उवाच।
एवं सततयुक्ता ये भक्तास्त्वां पर्युपासते।
ये चाप्यक्षरमव्यक्तं तेषां के योगवित्तमाः ॥","arjuna uvāca
evaṃ satatayuktā ye bhaktāstvāṃ paryupāsate
ye cāpyakṣaramavyaktaṃ teṣāṃ ke yogavittamāḥ","Of the worshippers, who thus, constantly devoted, meditate on you, and those who (meditate) on the unperceived and indestructible, which best know devotion? Those who being constantly devoted and possessed of the highest faith","machine-aligned; two human reviews pending","3af4b55fada9cd5ede0eed4c69f2eda4219e7b005c47d4cffbe1c10802e02acd"
"gita.12.2","12","2","Krishna","श्रीभगवानुवाच।
मय्यावेश्य मनो ये मां नित्ययुक्ता उपासते।
श्रद्धया परयोपेताः ते मे युक्ततमा मताः ॥","śrībhagavānuvāca
mayyāveśya mano ye māṃ nityayuktā upāsate
śraddhayā parayopetāḥ te me yuktatamā matāḥ","worship me with a mind fixed on me","machine-aligned; two human reviews pending","996c0bebbe66bb94f06f69f3b391c11d4803201deae78d09d7a62ccee436605e"
"gita.12.3","12","3","Krishna","ये त्वक्षरमनिर्देश्यमव्यक्तं पर्युपासते।
सर्वत्रगमचिन्त्यञ्च कूटस्थमचलन्ध्रुवम् ॥","ye tvakṣaramanirdeśyamavyaktaṃ paryupāsate
sarvatragamacintyañca kūṭasthamacalandhruvam","are deemed by me to be the most devoted. But those who restraining the (whole) group of the senses","machine-aligned; two human reviews pending","7c834cac944b714cf85e19480d66661396eb04e0fe75735f6a0a6f328cce3e1e"
"gita.12.4","12","4","Krishna","सन्नियम्येन्द्रियग्रामं सर्वत्र समबुद्धयः।
ते प्राप्नुवन्ति मामेव सर्वभूतहिते रताः ॥","sanniyamyendriyagrāmaṃ sarvatra samabuddhayaḥ
te prāpnuvanti māmeva sarvabhūtahite ratāḥ","and with a mind at all times equable meditate on the indescribable indestructible unperceived (principle) which is all-pervading unthinkable indifferent","machine-aligned; two human reviews pending","913fde455008d19ea5f4d420899a2fa9ea3e33eed57f7e6fcd726a199e7b1acd"
"gita.12.5","12","5","Krishna","क्लेशोऽधिकतरस्तेषामव्यक्तासक्तचेतसाम्।
अव्यक्ता हि गतिर्दुःखं देहवद्भिरवाप्यते ॥","kleśo.adhikatarasteṣāmavyaktāsaktacetasām
avyaktā hi gatirduḥkhaṃ dehavadbhiravāpyate","immovable and constant they intent on the good of all beings necessarily attain to me. For those whose minds are attached to the unperceived the trouble is much greater. Because the unperceived goal is obtained by embodied (beings) with difficulty. As to those however O son of Pṛthā! who dedicating all their actions to me and (holding) me as their highest (goal)","machine-aligned; two human reviews pending","f91fd30f64789efe1b79ed473ab52b6da53a5f54f2546b7f19faf13fa14dfbba"
"gita.12.6","12","6","Krishna","ये तु सर्वाणि कर्माणि मयि संन्यस्य मत्परः।
अनन्येनैव योगेन मां ध्यायन्त उपासते ॥","ye tu sarvāṇi karmāṇi mayi saṃnyasya matparaḥ
ananyenaiva yogena māṃ dhyāyanta upāsate","worship me","machine-aligned; two human reviews pending","46e8018be4a946d08a1e3500eaf1c1c6214a3ad7296c8a413ff163c36a5f6557"
"gita.12.7","12","7","Krishna","तेषामहं समुद्धर्ता मृत्युसंसारसागरात्।
भवामि नचिरात्पार्थ मय्यावेशितचेतसाम् ॥","teṣāmahaṃ samuddhartā mṛtyusaṃsārasāgarāt
bhavāmi nacirātpārtha mayyāveśitacetasām","meditating on me with a devotion towards none besides me and whose minds are fixed on me I Without delay come forward as their deliverer from the ocean of this world of death.","machine-aligned; two human reviews pending","49f1ecbd5f93ec1302ae795faac01792f9c86053322dbfdca092c997d3932ac7"
"gita.12.8","12","8","Krishna","मय्येव मन आधत्स्व मयि बुद्धिं निवेशय।
निवसिष्यसि मय्येव अत ऊर्ध्वं न संशयः ॥","mayyeva mana ādhatsva mayi buddhiṃ niveśaya
nivasiṣyasi mayyeva ata ūrdhvaṃ na saṃśayaḥ","Place your mind on me only","machine-aligned; two human reviews pending","93bfaabae6ff57c38858613d466cc0f28fa2549af2ee0099622bf31e5482c2d2"
"gita.12.9","12","9","Krishna","अथ चित्तं समाधातुं न शक्नोषि मयि स्थिरम्।
अभ्यासयोगेन ततो मामिच्छाप्तुं धनञ्जय ॥","atha cittaṃ samādhātuṃ na śaknoṣi mayi sthiram
abhyāsayogena tato māmicchāptuṃ dhanañjaya","fix your understanding on me. In me you will dwell hereafter, (there is) no doubt. But if you are unable to fix your mind steadily on me then","machine-aligned; two human reviews pending","061b761d7686297de7f9b57ee032fb6e0344923a501985ada7725a64d05302ca"
"gita.12.10","12","10","Krishna","अभ्यासेऽप्यसमर्थोऽसि मत्कर्मपरमो भव।
मदर्थमपि कर्माणि कुर्वन्सिद्धिमवाप्स्यसि ॥","abhyāse.apyasamartho.asi matkarmaparamo bhava
madarthamapi karmāṇi kurvansiddhimavāpsyasi","O Dhanañjaya ! endeavour to obtain me by the abstraction of mind (resulting) from continuous meditation. If you are unequal even to continuous meditation, then let acts for (propitiating) me be your highest (aim). Even performing actions for (propitiating) me, you will attain perfection.","machine-aligned; two human reviews pending","3eb5277a04f49c71dd084420daf4ae4be229dba2543f7e256e68723ee3cd9f55"
"gita.12.11","12","11","Krishna","अथैतदप्यशक्तोऽसि कर्तुं मद्योगमाश्रितः।
सर्वकर्मफलत्यागं ततः कुरु यतात्मवान् ॥","athaitadapyaśakto.asi kartuṃ madyogamāśritaḥ
sarvakarmaphalatyāgaṃ tataḥ kuru yatātmavān","If you are unable to do even this","machine-aligned; two human reviews pending","b016f321a38d86115c854755edc3dc5038e56f0a722f8f2f38c4d59197b9e08c"
"gita.12.12","12","12","Krishna","श्रेयो हि ज्ञानमभ्यासाज्ज्ञानाद्ध्यानं विशिष्यते।
ध्यानात्कर्मफलत्यागस्त्यागाच्छान्तिरनन्तरम् ॥","śreyo hi jñānamabhyāsājjñānāddhyānaṃ viśiṣyate
dhyānātkarmaphalatyāgastyāgācchāntiranantaram","then resort to devotion to me and with self-restraint abandon all fruit of action. For knowledge is better than continuous meditation concentration is esteemed higher than knowledge and the abandonment of fruit of action than concentration from (that) abandonment tranquillity soon (results). That devotee of mine","machine-aligned; two human reviews pending","f36253d144dd159604c8d5a481148d18dd65dca0de0501d91acd7f817302d722"
"gita.12.13","12","13","Krishna","अद्वेष्टा सर्वभूतानां मैत्रः करुण एव च।
निर्ममो निरहङ्कारः समदुःखसुखः क्षमी ॥","adveṣṭā sarvabhūtānāṃ maitraḥ karuṇa eva ca
nirmamo nirahaṅkāraḥ samaduḥkhasukhaḥ kṣamī","who hates no being who is friendly and compassionate who is free from egoism and from (the idea that this or that is) mine to whom happiness and misery are alike who is forgiving","machine-aligned; two human reviews pending","2060892f258778caca6120ad82ccee7d4c8620c0eac493c90fc6c4af4126f8e4"
"gita.12.14","12","14","Krishna","सन्तुष्टः सततं योगी यतात्मा दृढनिश्चयः।
मय्यर्पितमनोबुद्धिर्यो मद्भक्तः स मे प्रियः ॥","santuṣṭaḥ satataṃ yogī yatātmā dṛḍhaniścayaḥ
mayyarpitamanobuddhiryo madbhaktaḥ sa me priyaḥ","contented constantly devoted self-restrained and firm in his determinations and whose mind and understanding are devoted to me he is dear to me.","machine-aligned; two human reviews pending","e4a43b98346a5caa0fa578ac92a034b03aed2cb33e94c94253f9d06b4cd6fe57"
"gita.12.15","12","15","Krishna","यस्मान्नोद्विजते लोको लोकान्नोद्विजते च यः।
हर्षामर्षभयोद्वेगैर्मुक्तो यः स च मे प्रियः ॥","yasmānnodvijate loko lokānnodvijate ca yaḥ
harṣāmarṣabhayodvegairmukto yaḥ sa ca me priyaḥ","He through whom the world is not agitated and who is not agitated by the world who is free from joy and anger and fear and agitation he too is dear to me. That devotee of mine","machine-aligned; two human reviews pending","f8e2cab02c98a5924e81c7937e56fb5d28d27c3b17c673164b264b1cd5f8718c"
"gita.12.16","12","16","Krishna","अनपेक्षः शुचिर्दक्ष उदासीनो गतव्यथः।
सर्वारम्भपरित्यागी यो मद्भक्तः स मे प्रियः ॥","anapekṣaḥ śucirdakṣa udāsīno gatavyathaḥ
sarvārambhaparityāgī yo madbhaktaḥ sa me priyaḥ","who is unconcerned pure assiduous impartial free from distress who abandons all actions (for fruit) he is dear to me.","machine-aligned; two human reviews pending","f1b792997f42b81ec7169364d7d97eae6bf2fcd3aa36f5e87a750971cb9981c5"
"gita.12.17","12","17","Krishna","यो न हृष्यति न द्वेष्टि न शोचति न काङ्क्षति।
शुभाशुभपरित्यागी भक्तिमान्यः स मे प्रियः ॥","yo na hṛṣyati na dveṣṭi na śocati na kāṅkṣati
śubhāśubhaparityāgī bhaktimānyaḥ sa me priyaḥ","He who is full of devotion to me","machine-aligned; two human reviews pending","4623e4b8aac78592e430e2d9f3149a889b44e83cebcdbc30a14eacca5760f5d4"
"gita.12.18","12","18","Krishna","समः शत्रौ च मित्रे च तथा मानापमानयोः।
शीतोष्णसुखदुःखेषु समः सङ्गविवर्जितः ॥","samaḥ śatrau ca mitre ca tathā mānāpamānayoḥ
śītoṣṇasukhaduḥkheṣu samaḥ saṅgavivarjitaḥ","who feels no joy and no aversion who does not grieve and does not desire who abandons (both what is) agreeable and (what is) disagreeable he is dear to me. He who is alike to friend and foe as also in honour and dishonour","machine-aligned; two human reviews pending","ff5c598494b64eb398525e151bae7508f9de3cdca355d2eb9a75020f8a749629"
"gita.12.19","12","19","Krishna","तुल्यनिन्दास्तुतिर्मौनी सन्तुष्टो येन केनचित्।
अनिकेतः स्थिरमतिर्भक्तिमान्मे प्रियो नरः ॥","tulyanindāstutirmaunī santuṣṭo yena kenacit
aniketaḥ sthiramatirbhaktimānme priyo naraḥ","who is alike in cold and heat pleasure and pain who is free from attachments to whom praise and blame are alike who is taciturn and contented with anything whatever (that comes) who is homeless and of a steady mind and full of devotion that man is dear to me. But those devotees who","machine-aligned; two human reviews pending","a494ea3635f2d8a8686a0c1f78a4781052b988ad5559ebe5eba75b93da46333b"
"gita.12.20","12","20","Krishna","ये तु धर्म्यामृतमिदं यथोक्तं पर्युपासते।
श्रद्दधाना मत्परमा भक्तास्तेऽतीव मे प्रियाः ॥","ye tu dharmyāmṛtamidaṃ yathoktaṃ paryupāsate
śraddadhānā matparamā bhaktāste.atīva me priyāḥ","imbued with faith and (regarding) me as their highest (goal) resort to this holy (means for attaining) immortality as stated they are extremely dear to me.","machine-aligned; two human reviews pending","d567bc32d602b462f306471ebff49bc973dbf91a776f82ed674550596a0a5259"
"gita.13.1","13","1","Krishna","श्रीभगवानुवाच।
इदं शरीरं कौन्तेय क्षेत्रमित्यभिधीयते।
एतद्यो वेत्ति तं प्राहुः क्षेत्रज्ञ इति तद्विदः ॥","śrībhagavānuvāca
idaṃ śarīraṃ kaunteya kṣetramityabhidhīyate
etadyo vetti taṃ prāhuḥ kṣetrajña iti tadvidaḥ","O son of Kuntī ! is called Kṣetra","machine-aligned; two human reviews pending","c594ed8f9815461323af892d8d424b1743c019b651cec8a873b6aae011ef26f9"
"gita.13.2","13","2","Krishna","क्षेत्रज्ञं चापि मां विद्धि सर्वक्षेत्रेषु भारत।
क्षेत्रक्षेत्रज्ञयोर्ज्ञानं यत्तज्ज्ञानं मतं मम ॥","kṣetrajñaṃ cāpi māṃ viddhi sarvakṣetreṣu bhārata
kṣetrakṣetrajñayorjñānaṃ yattajjñānaṃ mataṃ mama","and the learned call him who knows it the Kṣetrajña.. And know me also O descendant of Bharata! to be the Kṣetrajña in all Kṣetras . The knowledge of Kṣetra and Kṣetrajña is deemed by me (to be real) knowledge. Now hear from me in brief what that Kṣetra (is)","machine-aligned; two human reviews pending","e29d24066fd40ba71a724ce87617159b41a4059f2b4d2ee80a4f76826cf59c1f"
"gita.13.3","13","3","Krishna","तत्क्षेत्रं यच्च यादृक्च यद्विकारि यतश्च यत्।
स च यो यत्प्रभावश्च तत्समासेन मे शृणु ॥","tatkṣetraṃ yacca yādṛkca yadvikāri yataśca yat
sa ca yo yatprabhāvaśca tatsamāsena me śṛṇu","what (it is) like what changes (it undergoes) and whence (it comes) and what is he","machine-aligned; two human reviews pending","ef6a80a04cd7fc79d4798e95476b07c8d5b3c3a7ce78b713ebbfe1c49cd3eb9c"
"gita.13.4","13","4","Krishna","ऋषिभिर्बहुधा गीतं छन्दोभिर्विविधैः पृथक्।
ब्रह्मसूत्रपदैश्चैव हेतुमद्भिर्विनिश्चितैः ॥","ṛṣibhirbahudhā gītaṃ chandobhirvividhaiḥ pṛthak
brahmasūtrapadaiścaiva hetumadbhirviniścitaiḥ","and what his powers, (all which) is sung in various ways by sages in numerous hymns distinctly and in well-settled texts full of argument giving indications or full instruction about the Brahman . The great elements","machine-aligned; two human reviews pending","a61fe54f2357ef42447b0ec66857dae5dc9f73fcde0a1704ae514f2ae2cb3ae8"
"gita.13.5","13","5","Krishna","महाभूतान्यहंकारो बुद्धिरव्यक्तमेव च।
इन्द्रियाणि दशैकं च पञ्च चेन्द्रियगोचराः ॥","mahābhūtānyahaṃkāro buddhiravyaktameva ca
indriyāṇi daśaikaṃ ca pañca cendriyagocarāḥ","egoism the understanding the unperceived also the ten senses and the one and the five objects of sense","machine-aligned; two human reviews pending","7d995ca4e97b889328b9c950a712c948e5ea6f0f65bc53dc10ff4a2e734e90cc"
"gita.13.6","13","6","Krishna","इच्छा द्वेषः सुखं दुःखं संघातश्चेतना धृतिः।
एतत्क्षेत्रं समासेन सविकारमुदाहृतम् ॥","icchā dveṣaḥ sukhaṃ duḥkhaṃ saṃghātaścetanā dhṛtiḥ
etatkṣetraṃ samāsena savikāramudāhṛtam","desire aversion pleasure pain body","machine-aligned; two human reviews pending","5473ec785e5ab3bd9e2431facc8fa1407097bf5233ea1ca674a83fa3ab7382d6"
"gita.13.7","13","7","Krishna","अमानित्वमदम्भित्वमहिंसा क्षान्तिरार्जवम्।
आचार्योपासनं शौचं स्थैर्यमात्मविनिग्रहः ॥","amānitvamadambhitvamahiṃsā kṣāntirārjavam
ācāryopāsanaṃ śaucaṃ sthairyamātmavinigrahaḥ","consciousness courage thus in brief has been declared the Kṣetra with changes.","machine-aligned; two human reviews pending","5d953175f24e075b51fd2286fa51b6ad7243fa847e781cb1d4c9294bd07590e5"
"gita.13.8","13","8","Krishna","इन्द्रियार्थेषु वैराग्यमनहंकार एव च।
जन्ममृत्युजराव्याधिदुःखदोषानुदर्शनम् ॥","indriyārtheṣu vairāgyamanahaṃkāra eva ca
janmamṛtyujarāvyādhiduḥkhadoṣānudarśanam","Absence of vanity, absence of ostentatiousness, absence of hurtfulness, forgiveness, straightforwardness, devotion to a preceptor, purity, steadiness, self-restraint, indifference towards objects of sense, and also absence of egoism perception of the misery and evil of birth, death, old age, and disease","machine-aligned; two human reviews pending","a2e9d1d81e2e9d0202747f33e9184f59208ea5fa0ae23bcaadae9d8a82fc2e5b"
"gita.13.9","13","9","Krishna","असक्तिरनभिष्वङ्गः पुत्रदारगृहादिषु।
नित्यं च समचित्तत्वमिष्टानिष्टोपपत्तिषु ॥","asaktiranabhiṣvaṅgaḥ putradāragṛhādiṣu
nityaṃ ca samacittatvamiṣṭāniṣṭopapattiṣu","absence of attachment, absence of self-identifying regard for son, wife, home, and so forth and constant equability on the approach of (both what is) agreeable and (what is) disagreeable","machine-aligned; two human reviews pending","676dd39fcd5cf5eab6432e3e33a71b526cea1b48856e0b0747ac51b6b84d2078"
"gita.13.10","13","10","Krishna","मयि चानन्ययोगेन भक्तिरव्यभिचारिणी।
विविक्तदेशसेवित्वमरतिर्जनसंसदि ॥","mayi cānanyayogena bhaktiravyabhicāriṇī
viviktadeśasevitvamaratirjanasaṃsadi","unswerving devotion to me, without meditation on any one else resorting to clean places distaste for assemblages of men","machine-aligned; two human reviews pending","d24904919c7432013fd649b31699d851322d1a3effb4237f4798bd6d25fb066b"
"gita.13.11","13","11","Krishna","अध्यात्मज्ञाननित्यत्वं तत्त्वज्ञानार्थदर्शनम्।
एतज्ज्ञानमिति प्रोक्तमज्ञानं यदतोऽन्यथा ॥","adhyātmajñānanityatvaṃ tattvajñānārthadarśanam
etajjñānamiti proktamajñānaṃ yadato.anyathā","constancy in knowledge of the relation of the individual self to the supreme perception of the object of knowledge of the truth this is called knowledge that is ignorance which is opposed to this.","machine-aligned; two human reviews pending","44d46db79c1daf966b5c787e04cd3de0e3522a44df68cdee62ad7f4679bf1b1e"
"gita.13.12","13","12","Krishna","ज्ञेयं यत्तत्प्रवक्ष्यामि यज्ज्ञात्वामृतमश्नुते।
अनादिमत्परं ब्रह्म न सत्तन्नासदुच्यते ॥","jñeyaṃ yattatpravakṣyāmi yajjñātvāmṛtamaśnute
anādi matparaṃ brahma na sattannāsaducyate","I will declare that which is the object of knowledge, knowing which, one reaches immortality the highest Brahman, having no beginning nor end, which cannot be said to be existent or non-existent.","machine-aligned; two human reviews pending","c06c6fe3a96df450f40cb9eae0402bad76a87ae4a7b3916d6c28390ac3eed010"
"gita.13.13","13","13","Krishna","सर्वतः पाणिपादं तत्सर्वतोऽक्षिशिरोमुखम्।
सर्वतः श्रुतिमल्लोके सर्वमावृत्य तिष्ठति ॥","sarvataḥ pāṇipādaṃ tatsarvato.akṣiśiromukham
sarvataḥ śrutimalloke sarvamāvṛtya tiṣṭhati","It has hands and feet on all sides it has eyes heads","machine-aligned; two human reviews pending","b35192042bf7cece8663c467a9082859657b8ac54a480d8235b0f34925b513e1"
"gita.13.14","13","14","Krishna","सर्वेन्द्रियगुणाभासं सर्वेन्द्रियविवर्जितम्।
असक्तं सर्वभृच्चैव निर्गुणं गुणभोक्तृ च ॥","sarvendriyaguṇābhāsaṃ sarvendriyavivarjitam
asaktaṃ sarvabhṛccaiva nirguṇaṃ guṇabhoktṛ ca","and faces on all sides it has ears on all sides it stands pervading everything in the world. Possessed of the qualities of all the senses, (but) devoid of all senses, unattached, it supports all, is devoid of qualities, and the enjoyer of qualities.","machine-aligned; two human reviews pending","9830c8093c2cdcccb9bb55c536d86030c9f51e71406e31a23fa01b23fde847d1"
"gita.13.15","13","15","Krishna","बहिरन्तश्च भूतानामचरं चरमेव च।
सूक्ष्मत्वात्तदविज्ञेयं दूरस्थं चान्तिके च तत् ॥","bahirantaśca bhūtānāmacaraṃ carameva ca
sūkṣmatvāttadavijñeyaṃ dūrasthaṃ cāntike ca tat","It is within all things and without them it is movable and also immovable it is unknowable through (its) subtlety it stands afar and near.","machine-aligned; two human reviews pending","a4758d3bde53d441a1d2edc26ed4caa428b3804ab5cdd1287a5d9c397bfde1e7"
"gita.13.16","13","16","Krishna","अविभक्तं च भूतेषु विभक्तमिव च स्थितम्।
भूतभर्तृ च तज्ज्ञेयं ग्रसिष्णु प्रभविष्णु च ॥","avibhaktaṃ ca bhūteṣu vibhaktamiva ca sthitam
bhūtabhartṛ ca tajjñeyaṃ grasiṣṇu prabhaviṣṇu ca","Not different in (different) things, but standing as though different, it should be known to be the supporter of (all) things, and that which absorbs and creates (them). It is the radiance even of the radiant (bodies)","machine-aligned; two human reviews pending","f66e9d225945facd4132eb5a7370b30d1111f3872f75e9e595a85eebdc0bafee"
"gita.13.17","13","17","Krishna","ज्योतिषामपि तज्ज्योतिस्तमसः परमुच्यते।
ज्ञानं ज्ञेयं ज्ञानगम्यं हृदि सर्वस्य विष्ठितम् ॥","jyotiṣāmapi tajjyotistamasaḥ paramucyate
jñānaṃ jñeyaṃ jñānagamyaṃ hṛdi sarvasya viṣṭhitam","it is said (to be) beyond darkness. It is knowledge, the object of knowledge, that which is to be attained to by knowledge, and placed in the heart of all.","machine-aligned; two human reviews pending","c834bc9a4c7932c3a3fda4e829674f8c48a2480254aa4c5949eb2bc04b657c0b"
"gita.13.18","13","18","Krishna","इति क्षेत्रं तथा ज्ञानं ज्ञेयं चोक्तं समासतः।
मद्भक्त एतद्विज्ञाय मद्भावायोपपद्यते ॥","iti kṣetraṃ tathā jñānaṃ jñeyaṃ coktaṃ samāsataḥ
madbhakta etadvijñāya madbhāvāyopapadyate","Thus in brief have Kṣetra, knowledge, and the object of knowledge been declared. My devotee, knowing this, becomes fit for assimilation with me.","machine-aligned; two human reviews pending","c640758fdacacd0f699dac93883167f587beac4c5bc88c10f5e8b29a63885d56"
"gita.13.19","13","19","Krishna","प्रकृतिं पुरुषं चैव विद्ध्यनादी उभावपि।
विकारांश्च गुणांश्चैव विद्धि प्रकृतिसम्भवान् ॥","prakṛtiṃ puruṣaṃ caiva viddhyanādi ubhāvapi
vikārāṃśca guṇāṃścaiva viddhi prakṛtisambhavān","Know nature and spirit both (to be) without beginning, and know all developments and qualities (to be) produced from nature.","machine-aligned; two human reviews pending","67f6d2ae8310e32cb25f02c763015d3062066335f75925721124bca3f3340a49"
"gita.13.20","13","20","Krishna","कार्यकारणकर्तृत्वे हेतुः प्रकृतिरुच्यते।
पुरुषः सुखदुःखानां भोक्तृत्वे हेतुरुच्यते ॥","kāryakāraṇakartṛtve hetuḥ prakṛtirucyate
puruṣaḥ sukhaduḥkhānāṃ bhoktṛtve heturucyate","Nature is said to be the origin of the capacity of working (residing) in the body and the senses and spirit is said (to be) the origin of the capacity of enjoying pleasures and pains. For spirit with nature joined","machine-aligned; two human reviews pending","f6adea235f8d61e2aea961c1ec31c02e47ffd4a8c80f7cef50652b9973d73cda"
"gita.13.21","13","21","Krishna","पुरुषः प्रकृतिस्थो हि भुङ्क्ते प्रकृतिजान्गुणान्।
कारणं गुणसङ्गोऽस्य सदसद्योनिजन्मसु ॥","puruṣaḥ prakṛtistho hi bhuṅkte prakṛtijānguṇān
kāraṇaṃ guṇasaṅgo.asya sadasadyonijanmasu","enjoys the qualities born of nature. And the cause of its birth in good or evil wombs is the connexion with the qualities.","machine-aligned; two human reviews pending","2150fbc3ba6f9da5ede170ac80c0d53045308a81c26f459464e22895cd1fa3ee"
"gita.13.22","13","22","Krishna","उपद्रष्टानुमन्ता च भर्ता भोक्ता महेश्वरः।
परमात्मेति चाप्युक्तो देहेऽस्मिन्पुरुषः परः ॥","upadraṣṭānumantā ca bhartā bhoktā maheśvaraḥ
paramātmeti cāpyukto dehe.asminpuruṣaḥ paraḥ","The supreme spirit in this body is called supervisor, adviser, supporter, enjoyer, the great lord, and the supreme self also.","machine-aligned; two human reviews pending","91a5ab57d897101da1b6fc47122a01ed360885a871777f1b916b5313cf2aaaa9"
"gita.13.23","13","23","Krishna","य एवं वेत्ति पुरुषं प्रकृतिं च गुणैः सह।
सर्वथा वर्तमानोऽपि न स भूयोऽभिजायते ॥","ya evaṃ vetti puruṣaṃ prakṛtiṃ ca guṇaiḥ saha
sarvathā vartamāno.api na sa bhūyo.abhijāyate","He who thus knows nature and spirit, together with the qualities, is not born again, however living.","machine-aligned; two human reviews pending","57f3d216ebc0ce1af241f25154b6d31b37262f4ef1d416a233e12505a190e471"
"gita.13.24","13","24","Krishna","ध्यानेनात्मनि पश्यन्ति केचिदात्मानमात्मना।
अन्ये साङ्ख्येन योगेन कर्मयोगेन चापरे ॥","dhyānenātmani paśyanti kecidātmānamātmanā
anye sāṅkhyena yogena karmayogena cāpare","Some by concentration see the self in the self by the self others by the Sāṅkya- yoga and others still by the Karma-yoga","machine-aligned; two human reviews pending","c96681b6f6bada49f16efc8e95ae9f8abcbe08ee3d2eafbfae2cd1294a5481a3"
"gita.13.25","13","25","Krishna","अन्ये त्वेवमजानन्तः श्रुत्वान्येभ्य उपासते।
तेऽपि चातितरन्त्येव मृत्युं श्रुतिपरायणाः ॥","anye tvevamajānantaḥ śrutvānyebhya upāsate
te.api cātitarantyeva mṛtyuṃ śrutiparāyaṇāḥ","others yet, not knowing this, practise concentration, after hearing from others. They, too, being (thus) devoted to hearing (instruction) cross beyond death.","machine-aligned; two human reviews pending","a8f6eac7fcae68f2e85fce21dceb22c325af143c082e07346bdef9769cffc312"
"gita.13.26","13","26","Krishna","यावत्सञ्जायते किञ्चित्सत्त्वं स्थावरजङ्गमम्।
क्षेत्रक्षेत्रज्ञसंयोगात्तद्विद्धि भरतर्षभ ॥","yāvatsañjāyate kiñcitsattvaṃ sthāvarajaṅgamam
kṣetrakṣetrajñasaṃyogāttadviddhi bharatarṣabha","Whatever thing movable or immovable comes into existence, know that to be from the connexion of Kṣetra and Kṣetrajña, O chief of the descendants of Bharata!","machine-aligned; two human reviews pending","3a1a71e08901f359559d3057c6b46343f55d69effe483a9446ab2840b135ab34"
"gita.13.27","13","27","Krishna","समं सर्वेषु भूतेषु तिष्ठन्तं परमेश्वरम्।
विनश्यत्स्वविनश्यन्तं यः पश्यति स पश्यति ॥","samaṃ sarveṣu bhūteṣu tiṣṭhantaṃ parameśvaram
vinaśyatsvavinaśyantaṃ yaḥ paśyati sa paśyati","He sees (truly) who sees the supreme lord abiding alike in all entities","machine-aligned; two human reviews pending","9d709634ad6cc008498ee75407c8d9fe36e842408a6458733e6d81874986a379"
"gita.13.28","13","28","Krishna","समं पश्यन्हि सर्वत्र समवस्थितमीश्वरम्।
न हिनस्त्यात्मनात्मानं ततो याति परां गतिम् ॥","samaṃ paśyanhi sarvatra samavasthitamīśvaram
na hinastyātmanātmānaṃ tato yāti parāṃ gatim","and not destroyed though they are destroyed. For he who sees the lord abiding everywhere alike does not destroy himselfby himself and then reaches the highest goal.","machine-aligned; two human reviews pending","7b8b64b9a7255485d1339e76cba5df2e04fb7b2900d593a90804905b1468ad61"
"gita.13.29","13","29","Krishna","प्रकृत्यैव च कर्माणि क्रियमाणानि सर्वशः।
यः पश्यति तथात्मानमकर्तारं स पश्यति ॥","prakṛtyaiva ca karmāṇi kriyamāṇāni sarvaśaḥ
yaḥ paśyati tathātmānamakartāraṃ sa paśyati","He sees (truly) who sees (all) actions (to be) in every way done by nature alone and likewise the self (to be) not the doer. When a man sees all the variety of entities as existing in one and (all as) emanating from that","machine-aligned; two human reviews pending","619aced4c7f68999e3582d2690e7e35500e4a9bb8dfeb48cb65a0d4b8ed7de3c"
"gita.13.30","13","30","Krishna","यदा भूतपृथग्भावमेकस्थमनुपश्यति।
तत एव च विस्तारं ब्रह्म सम्पद्यते तदा ॥","yadā bhūtapṛthagbhāvamekasthamanupaśyati
tata eva ca vistāraṃ brahma sampadyate tadā","then he becomes (one with) the Brahman.","machine-aligned; two human reviews pending","005bc09f1d2d6a8198b0b11ab7a51545187485d86f6cf03ffa1d37622cf1e15f"
"gita.13.31","13","31","Krishna","अनादित्वान्निर्गुणत्वात्परमात्मायमव्ययः।
शरीरस्थोऽपि कौन्तेय न करोति न लिप्यते ॥","anāditvānnirguṇatvātparamātmāyamavyayaḥ
śarīrastho.api kaunteya na karoti na lipyate","This inexhaustible supreme self being without beginning and without qualities does not act","machine-aligned; two human reviews pending","b8193151468918199d5cd6c015c5175827fe7c7faf8736baaac82db116c03698"
"gita.13.32","13","32","Krishna","यथा सर्वगतं सौक्ष्म्यादाकाशं नोपलिप्यते।
सर्वत्रावस्थितो देहे तथात्मा नोपलिप्यते ॥","yathā sarvagataṃ saukṣmyādākāśaṃ nopalipyate
sarvatrāvasthito dehe tathātmā nopalipyate","and is not tainted","machine-aligned; two human reviews pending","dde6db22f2e3dd9e69a642873b3457464d0ae431ede00cda6f9dc08d6ef19789"
"gita.13.33","13","33","Krishna","यथा प्रकाशयत्येकः कृत्स्नं लोकमिमं रविः।
क्षेत्रं क्षेत्री तथा कृत्स्नं प्रकाशयति भारत ॥","yathā prakāśayatyekaḥ kṛtsnaṃ lokamimaṃ raviḥ
kṣetraṃ kṣetrī tathā kṛtsnaṃ prakāśayati bhārata","O son of Kuntī! though stationed in the body. As by (reason of its) subtlety the all-pervading space is not tainted so the self stationed in every body is not tainted. As the sun singly lights up all this world","machine-aligned; two human reviews pending","ef4d6a0cfe9b98488d5d3c0ef3b66d1b9110942e826759e72dcb926ebd733b46"
"gita.13.34","13","34","Krishna","क्षेत्रक्षेत्रज्ञयोरेवमन्तरं ज्ञानचक्षुषा।
भूतप्रकृतिमोक्षं च ये विदुर्यान्ति ते परम् ॥","kṣetrakṣetrajñayorevamantaraṃ jñānacakṣuṣā
bhūtaprakṛtimokṣaṃ ca ye viduryānti te param","so the Kṣetrajña O descendant of Bharata! lights up the whole Kṣetra. Those who, with the eye of knowledge, thus understand the difference between Kṣetra and Kṣetrajña, and the destruction of the nature of all entities, go to the supreme.","machine-aligned; two human reviews pending","b7f2785d94c991010ef603593b07a6d0b0f67c129b43634e3a044673f6e39a6d"
"gita.14.1","14","1","Krishna","श्रीभगवानुवाच।
परं भूयः प्रवक्ष्यामि ज्ञानानां ज्ञानमुत्तमम्।
यज्ज्ञात्वा मुनयः सर्वे परां सिद्धिमितो गताः ॥","śrībhagavānuvāca
paraṃ bhūyaḥ pravakṣyāmi jñānānāṃ jñānamuttamam
yajjñātvā munayaḥ sarve parāṃ siddhimito gatāḥ","Again I will declare (to you) the highest knowledge the best of (all sorts of) knowledge","machine-aligned; two human reviews pending","d0771adc661f5a3d830d9aef02ca3f86ad7c90c71ae9cb0fc9c3be2123ef39ed"
"gita.14.2","14","2","Krishna","इदं ज्ञानमुपाश्रित्य मम साधर्म्यमागताः।
सर्गेऽपि नोपजायन्ते प्रलये न व्यथन्ति च ॥","idaṃ jñānamupāśritya mama sādharmyamāgatāḥ
sarge.api nopajāyante pralaye na vyathanti ca","having learnt which all sages have reached perfection beyond (the bonds of) this (body). Those who, resorting to this knowledge, reach assimilation with my essence, are not born at the creation, and are not afflicted at the destruction (of the universe).","machine-aligned; two human reviews pending","2dace18a4c920d129e6c04bbe0c32be314f8781ede0b04247349bc504531e8b1"
"gita.14.3","14","3","Krishna","मम योनिर्महद् ब्रह्म तस्मिन्गर्भं दधाम्यहम्।
सम्भवः सर्वभूतानां ततो भवति भारत ॥","mama yonirmahad brahma tasmingarbhaṃ dadhāmyaham
sambhavaḥ sarvabhūtānāṃ tato bhavati bhārata","The great Brahman is a womb for me in which I cast the seed. From that O descendant of Bharata! is the birth of all things. Of the bodies O son of Kuntī ! which are born from all wombs the (main) womb is the great Brahman","machine-aligned; two human reviews pending","21c89a8f754587a61e47919bacefb6f888ea2505fde739029a40c1e090f6ea03"
"gita.14.4","14","4","Krishna","सर्वयोनिषु कौन्तेय मूर्तयः सम्भवन्ति याः।
तासां ब्रह्म महद्योनिरहं बीजप्रदः पिता ॥","sarvayoniṣu kaunteya mūrtayaḥ sambhavanti yāḥ
tāsāṃ brahma mahadyonirahaṃ bījapradaḥ pitā","and I (am) the father","machine-aligned; two human reviews pending","778369aef2f94e03e0aefbe752e4d20cffa16de51648537d183a765fe7dc0696"
"gita.14.5","14","5","Krishna","सत्त्वं रजस्तम इति गुणाः प्रकृतिसम्भवाः।
निबध्नन्ति महाबाहो देहे देहिनमव्ययम् ॥","sattvaṃ rajastama iti guṇāḥ prakṛtisambhavāḥ
nibadhnanti mahābāho dehe dehinamavyayam","the giver of the seed. Goodness passion darkness these qualities born from nature O you of mighty arms! bind down the inexhaustible soul in the body. Of these","machine-aligned; two human reviews pending","3c35ee9223547b08045eedad8a90ed9b231b0399759362faf5958fe697adc500"
"gita.14.6","14","6","Krishna","तत्र सत्त्वं निर्मलत्वात्प्रकाशकमनामयम्।
सुखसङ्गेन बध्नाति ज्ञानसङ्गेन चानघ ॥","tatra sattvaṃ nirmalatvātprakāśakamanāmayam
sukhasaṅgena badhnāti jñānasaṅgena cānagha","goodness which in consequence of being untainted is enlightening and free from (all) misery binds the soul O sinless one! with the bond of pleasure and the bond of knowledge.","machine-aligned; two human reviews pending","edf9ea387c3597650282a58391b71407a836d657f441ff7f387f491101c55940"
"gita.14.7","14","7","Krishna","रजो रागात्मकं विद्धि तृष्णासङ्गसमुद्भवम्।
तन्निबध्नाति कौन्तेय कर्मसङ्गेन देहिनम् ॥","rajo rāgātmakaṃ viddhi tṛṣṇāsaṅgasamudbhavam
tannibadhnāti kaunteya karmasaṅgena dehinam","Know that passion consists in being enamoured and is produced from craving and attachment. That O son of Kuntī! binds down the embodied (self) with the bond of action.","machine-aligned; two human reviews pending","54b6e783f5dce71e3381f32e8c91e035f0812f7d4f1099949a1da686e80497b4"
"gita.14.8","14","8","Krishna","तमस्त्वज्ञानजं विद्धि मोहनं सर्वदेहिनाम्।
प्रमादालस्यनिद्राभिस्तन्निबध्नाति भारत ॥","tamastvajñānajaṃ viddhi mohanaṃ sarvadehinām
pramādālasyanidrābhistannibadhnāti bhārata","Darkness (you must) know to be born of ignorance it deludes all embodied (selfs). And that O descendant of Bharata! binds down (the self) with heedlessness indolence and sleep.","machine-aligned; two human reviews pending","63c361c16540fa9c52ae7d6bd88ef32e50bfb0157d05a02b5273d0f78dec855b"
"gita.14.9","14","9","Krishna","सत्त्वं सुखे सञ्जयति रजः कर्मणि भारत।
ज्ञानमावृत्य तु तमः प्रमादे सञ्जयत्युत ॥","sattvaṃ sukhe sañjayati rajaḥ karmaṇi bhārata
jñānamāvṛtya tu tamaḥ pramāde sañjayatyuta","Goodness unites (the self) with pleasure passion, O descendant of Bharata! with action and darkness with heedlessness, after shrouding up knowledge.","machine-aligned; two human reviews pending","b04b553b96d91a3c9cc91601d0bdee54e5b6ed78b1ec0817a7b31371fd6e353f"
"gita.14.10","14","10","Krishna","रजस्तमश्चाभिभूय सत्त्वं भवति भारत।
रजः सत्त्वं तमश्चैव तमः सत्त्वं रजस्तथा ॥","rajastamaścābhibhūya sattvaṃ bhavati bhārata
rajaḥ sattvaṃ tamaścaiva tamaḥ sattvaṃ rajastathā","Passion and darkness being repressed, goodness stands, O descendant of Bharata! Passion and goodness (being repressed), darkness and likewise darkness and goodness (being repressed) passion. When in this body at all portals light (that is to say) knowledge prevails then should one know goodness to be developed. Avarice, activity, performance of actions, want of tranquillity, desire, these are produced, O chief of the descendants of Bharata! when passion is developed.","machine-aligned; two human reviews pending","6283d600b8b255f5191a32700a74630f9df62d566a623899ee64abaf62b823d5"
"gita.14.11","14","11","Krishna","सर्वद्वारेषु देहेऽस्मिन्प्रकाश उपजायते।
ज्ञानं यदा तदा विद्याद्विवृद्धं सत्त्वमित्युत ॥","sarvadvāreṣu dehe.asminprakāśa upajāyate
jñānaṃ yadā tadā vidyādvivṛddhaṃ sattvamityuta","Want of light","machine-aligned; two human reviews pending","1ce54869c63f107aebbdcd875dd0298e5dee985e5fb726d1c4d95018ea4db402"
"gita.14.12","14","12","Krishna","लोभः प्रवृत्तिरारम्भः कर्मणामशमः स्पृहा।
रजस्येतानि जायन्ते विवृद्धे भरतर्षभ ॥","lobhaḥ pravṛttirārambhaḥ karmaṇāmaśamaḥ spṛhā
rajasyetāni jāyante vivṛddhe bharatarṣabha","want of activity","machine-aligned; two human reviews pending","c5668d8a54b3bec603487f040f6f04dd8bf82c807d44c174ba2ebf528b55c2ea"
"gita.14.13","14","13","Krishna","अप्रकाशोऽप्रवृत्तिश्च प्रमादो मोह एव च।
तमस्येतानि जायन्ते विवृद्धे कुरुनन्दन ॥","aprakāśo.apravṛttiśca pramādo moha eva ca
tamasyetāni jāyante vivṛddhe kurunandana","heedlessness and delusion","machine-aligned; two human reviews pending","64740213642cc659d6bb0b3fbf616347f0f7f6ff98c70fd1f3d3caceb0932930"
"gita.14.14","14","14","Krishna","यदा सत्त्वे प्रवृद्धे तु प्रलयं याति देहभृत्।
तदोत्तमविदां लोकानमलान्प्रतिपद्यते ॥","yadā sattve pravṛddhe tu pralayaṃ yāti dehabhṛt
tadottamavidāṃ lokānamalānpratipadyate","these are produced O descendant of Kuru ! when darkness is developed. When an embodied (self) encounters death while goodness is developed then he reaches the untainted worlds of those who know the highest.","machine-aligned; two human reviews pending","aed3d068e44f693dafa9da69e4163d1acc9215938d62e3ae237bd5c03724ef4e"
"gita.14.15","14","15","Krishna","रजसि प्रलयं गत्वा कर्मसङ्गिषु जायते।
तथा प्रलीनस्तमसि मूढयोनिषु जायते ॥","rajasi pralayaṃ gatvā karmasaṅgiṣu jāyate
tathā pralīnastamasi mūḍhayoniṣu jāyate","Encountering death during (the prevalence of) passion, he is born among those attached to action. Likewise, dying during (the prevalence of) darkness, he is born in the wombs of the ignorant.","machine-aligned; two human reviews pending","d842fb0782f98a616f8c041669d6d9fec653aaadf79948ea1f5fc8dd4a0aa8fe"
"gita.14.16","14","16","Krishna","कर्मणः सुकृतस्याहुः सात्त्विकं निर्मलं फलम्।
रजसस्तु फलं दुःखमज्ञानं तमसः फलम् ॥","karmaṇaḥ sukṛtasyāhuḥ sāttvikaṃ nirmalaṃ phalam
rajasastu phalaṃ duḥkhamajñānaṃ tamasaḥ phalam","The fruit of meritorious action is said to be good, untainted","machine-aligned; two human reviews pending","c53114bc7eb8faeee36deaab07eb79f7f3c07e1c983bc8b1f9b895320cf76872"
"gita.14.17","14","17","Krishna","सत्त्वात्सञ्जायते ज्ञानं रजसो लोभ एव च।
प्रमादमोहौ तमसो भवतोऽज्ञानमेव च ॥","sattvātsañjāyate jñānaṃ rajaso lobha eva ca
pramādamohau tamaso bhavato.ajñānameva ca","while the fruit of passion is misery and the fruit of darkness ignorance. From goodness is produced knowledge, from passion avarice, and from darkness heedlessness and delusion and ignorance also.","machine-aligned; two human reviews pending","5e9c6a51393acaa81dd876ca76a70a77f27290f33878c4f6433c4ce54e8c957b"
"gita.14.18","14","18","Krishna","ऊर्ध्वं गच्छन्ति सत्त्वस्था मध्ये तिष्ठन्ति राजसाः।
जघन्यगुणवृत्तिस्था अधो गच्छन्ति तामसाः ॥","ūrdhvaṃ gacchanti sattvasthā madhye tiṣṭhanti rājasāḥ
jaghanyaguṇavṛttisthā adho gacchanti tāmasāḥ","Those who adhere to (the ways of) goodness go up the passionate remain in the middle while those of the qualities of darkness adhering to the ways of the lowest quality","machine-aligned; two human reviews pending","1293fe116dc1807f5e8735d15b996bb4d03899c458f25f81573412e1ac7f9ec1"
"gita.14.19","14","19","Krishna","नान्यं गुणेभ्यः कर्तारं यदा द्रष्टानुपश्यति।
गुणेभ्यश्च परं वेत्ति मद्भावं सोऽधिगच्छति ॥","nānyaṃ guṇebhyaḥ kartāraṃ yadā draṣṭānupaśyati
guṇebhyaśca paraṃ vetti madbhāvaṃ so.adhigacchati","go down. When a right-seeing person sees none but the qualities (to be) the doers (of all action) and knows what is above the qualities","machine-aligned; two human reviews pending","822fcac84420437e5b192013877963632725db84dcb717ac1b327db656969c69"
"gita.14.20","14","20","Krishna","गुणानेतानतीत्य त्रीन्देही देहसमुद्भवान्।
जन्ममृत्युजरादुःखैर्विमुक्तोऽमृतमश्नुते ॥","guṇānetānatītya trīndehī dehasamudbhavān
janmamṛtyujarāduḥkhairvimukto.amṛtamaśnute","he enters into my essence. The embodied (self), who transcends these three qualities, from which bodies are produced, attains immortality, being freed from birth and death and old age and misery.","machine-aligned; two human reviews pending","73fff7b92b0e2729334552ef0046e9c4b504d65ace08a37d8933e85cbfbd85df"
"gita.14.21","14","21","Arjuna","अर्जुन उवाच।
कैर्लिङ्गैस्त्रीन्गुणानेतानतीतो भवति प्रभो।
किमाचारः कथं चैतांस्त्रीन्गुणानतिवर्तते ॥","arjuna uvāca
kairliṅgaistrīnguṇānetānatīto bhavati prabho
kimācāraḥ kathaṃ caitāṃstrīnguṇānativartate","What are the characteristics, O lord! of one who has transcended these three qualities? What is his conduct, and how does he transcend these three qualities? He is said to have transcended the qualities","machine-aligned; two human reviews pending","50d03f3a002bc19577bb3ee5c52096e592756bcb11c32a77a4d57ff4c79bd4d9"
"gita.14.22","14","22","Krishna","श्रीभगवानुवाच।
प्रकाशं च प्रवृत्तिं च मोहमेव च पाण्डव।
न द्वेष्टि सम्प्रवृत्तानि न निवृत्तानि काङ्क्षति ॥","śrībhagavānuvāca
prakāśaṃ ca pravṛttiṃ ca mohameva ca pāṇḍava
na dveṣṭi sampravṛttāni na nivṛttāni kāṅkṣati","O son of Pāndu! who is not averse to light and activity and delusion (when they) prevail and who does not desire (them when they) cease","machine-aligned; two human reviews pending","5c4fa11323bfd96d82ee6280da9d2de280c7339f5660b63cc52438ce8ee2c4bd"
"gita.14.23","14","23","Krishna","उदासीनवदासीनो गुणैर्यो न विचाल्यते।
गुणा वर्तन्त इत्येवं योऽवतिष्ठति नेङ्गते ॥","udāsīnavadāsīno guṇairyo na vicālyate
guṇā vartanta ityevaṃ yo.avatiṣṭhati neṅgate","who sitting like one unconcerned is never perturbed by the qualities who remains steady and moves not, (thinking) merely that the qualities exist who is self-contained","machine-aligned; two human reviews pending","1b91274f2d906a60c0ff42099af7d615cde86c29b81e17e582130b1d257ec668"
"gita.14.24","14","24","Krishna","समदुःखसुखः स्वस्थः समलोष्टाश्मकाञ्चनः।
तुल्यप्रियाप्रियो धीरस्तुल्यनिन्दात्मसंस्तुतिः ॥","samaduḥkhasukhaḥ svasthaḥ samaloṣṭāśmakāñcanaḥ
tulyapriyāpriyo dhīrastulyanindātmasaṃstutiḥ","to whom pain and pleasure are alike to whom a sod and a stone and gold are alike to whom what is agreeable and what is disagreeable are alike who has discernment to whom censure and praise of himself are alike","machine-aligned; two human reviews pending","d9b79bd4d608bfcbcb2f248d16eeb3bb11a6d3968fe348860e12df210ac87ec2"
"gita.14.25","14","25","Krishna","मानापमानयोस्तुल्यस्तुल्यो मित्रारिपक्षयोः।
सर्वारम्भपरित्यागी गुणातीतः स उच्यते ॥","mānāpamānayostulyastulyo mitrāripakṣayoḥ
sarvārambhaparityāgī guṇātītaḥ sa ucyate","who is alike in honour and dishonour who is alike towards the sides of friends and foes and who abandons all action. And he who worships me with an unswerving devotion transcends these qualities","machine-aligned; two human reviews pending","2832c31925840e9b820bbe749682bdf7502d32760dac50030843490f99912495"
"gita.14.26","14","26","Krishna","मां च योऽव्यभिचारेण भक्तियोगेन सेवते।
स गुणान्समतीत्यैतान्ब्रह्मभूयाय कल्पते ॥","māṃ ca yo.avyabhicāreṇa bhaktiyogena sevate
sa guṇānsamatītyaitānbrahmabhūyāya kalpate","and becomes fit for (entrance into) the essence of the Brahman. For I am the embodiment of the Brahman","machine-aligned; two human reviews pending","396ab3303790f863cc638d3fbe64b5e8fc1e20057a7d28b2b892139b97d632e5"
"gita.14.27","14","27","Krishna","ब्रह्मणो हि प्रतिष्ठाहममृतस्याव्ययस्य च।
शाश्वतस्य च धर्मस्य सुखस्यैकान्तिकस्य च ॥","brahmaṇo hi pratiṣṭhāhamamṛtasyāvyayasya ca
śāśvatasya ca dharmasya sukhasyaikāntikasya ca","of indefeasible immortality of eternal piety and of unbroken happiness.","machine-aligned; two human reviews pending","6f4fab238c5839179b73bb6d574e8461699df58210d39fb4e00628a8f0989912"
"gita.15.1","15","1","Krishna","श्रीभगवानुवाच।
ऊर्ध्वमूलमधःशाखमश्वत्थं प्राहुरव्ययम्।
छन्दांसि यस्य पर्णानि यस्तं वेद स वेदवित् ॥","śrībhagavānuvāca
ūrdhvamūlamadhaḥśākhamaśvatthaṃ prāhuravyayam
chandāṃsi yasya parṇāni yastaṃ veda sa vedavit","They say the inexhaustible Aśvattha has (its) roots above, (its) branches below the Chandas are its leaves. He who knows it knows the Vedas .","machine-aligned; two human reviews pending","e9e156f20feb8212134ba70982f584dc0cdc0714f3153491a05d98074489118c"
"gita.15.2","15","2","Krishna","अधश्चोर्ध्वं प्रसृतास्तस्य शाखा
गुणप्रवृद्धा विषयप्रवालाः।
अधश्च मूलान्यनुसन्ततानि
कर्मानुबन्धीनि मनुष्यलोके ॥","adhaścordhvaṃ prasṛtāstasya śākhā guṇapravṛddhā viṣayapravālāḥ
adhaśca mūlānyanusantatāni karmānubandhīni manuṣyaloke","Upwards and downwards extend its branches which are enlarged by the qualities and the sprouts of which are sensuous objects. And downwards to this human world are continued its roots which lead on to action.","machine-aligned; two human reviews pending","37031f66943b158f9cc89558888ed0da9e564cf210723cb9289a6f1e0e669e30"
"gita.15.3","15","3","Krishna","न रूपमस्येह तथोपलभ्यते
नान्तो न चादिर्न च सम्प्रतिष्ठा।
अश्वत्थमेनं सुविरूढमूलं
असङ्गशस्त्रेण दृढेन छित्त्वा ॥","na rūpamasyeha tathopalabhyate nānto na cādirna ca sampratiṣṭhā
aśvatthamenaṃ suvirūḍhamūlaṃ asaṅgaśastreṇa dṛḍhena chittvā","Its form is not thus known here nor (its) end nor beginning nor support. But having with the firm weapon of unconcern cut this Aśvattha whose roots are firmly fixed","machine-aligned; two human reviews pending","8c2c4703ef76507130c54a228c9737e7d66c4562fab3aaf22fbdf49155874033"
"gita.15.4","15","4","Krishna","ततः पदं तत्परिमार्गितव्यं
यस्मिन्गता न निवर्तन्ति भूयः।
तमेव चाद्यं पुरुषं प्रपद्ये।
यतः प्रवृत्तिः प्रसृता पुराणी ॥","tataḥ padaṃ tatparimārgitavyaṃ yasmingatā na nivartanti bhūyaḥ
tameva cādyaṃ puruṣaṃ prapadye
yataḥ pravṛttiḥ prasṛtā purāṇī","then should one seek for that seat from which those that go there never return, (thinking) that one rests on that same primal being from whom the ancient course (of worldly life) emanated.","machine-aligned; two human reviews pending","8adafd5302c4691b66cc1c8c1e05e9738a74e1c3eb40e39cc0f13e3f85f16222"
"gita.15.5","15","5","Krishna","निर्मानमोहा जितसङ्गदोषा
अध्यात्मनित्या विनिवृत्तकामाः।
द्वन्द्वैर्विमुक्ताः सुखदुःखसंज्ञैर्-
गच्छन्त्यमूढाः पदमव्ययं तत् ॥","nirmānamohā jitasaṅgadoṣā adhyātmanityā vinivṛttakāmāḥ
dvandvairvimuktāḥ sukhaduḥkhasaṃjñaira- gacchantyamūḍhāḥ padamavyayaṃ tat","Those who are free from pride and delusion who have overcome the evils of attachment who are constant in (contemplating) the relation of the supreme and individual self from whom desire has departed who are free from the pairs (of opposites) called pleasure and pain go undeluded to that imperishable seat.","machine-aligned; two human reviews pending","bd531050bacebf7e5904db1f60686603d1d47b0baaa7d7b63df3a6b4c4eb87b2"
"gita.15.6","15","6","Krishna","न तद्भासयते सूर्यो न शशाङ्को न पावकः।
यद्गत्वा न निवर्तन्ते तद्धाम परमं मम ॥","na tadbhāsayate sūryo na śaśāṅko na pāvakaḥ
yadgatvā na nivartante taddhāma paramaṃ mama","The sun does not light it, nor the moon, nor fire. That is my highest abode, going to which none returns.","machine-aligned; two human reviews pending","7a63cb9bed2012ae6e639cb9f777aa63e9ae97b96fed34c72a7d975e237c03be"
"gita.15.7","15","7","Krishna","ममैवांशो जीवलोके जीवभूतः सनातनः।
मनःषष्ठानीन्द्रियाणि प्रकृतिस्थानि कर्षति ॥","mamaivāṃśo jīvaloke jīvabhūtaḥ sanātanaḥ
manaḥṣaṣṭhānīndriyāṇi prakṛtisthāni karṣati","An eternal portion of me it is, which, becoming an individual soul in the mortal world, draws (to itself) the senses with the mind as the sixth.","machine-aligned; two human reviews pending","12630f905ca2669b3334681e81726b12dd3738c95c15c8f2d1963a5f9e622321"
"gita.15.8","15","8","Krishna","शरीरं यदवाप्नोति यच्चाप्युत्क्रामतीश्वरः।
गृहीत्वैतानि संयाति वायुर्गन्धानिवाशयात् ॥","śarīraṃ yadavāpnoti yaccāpyutkrāmatīśvaraḥ
gṛhitvaitāni saṃyāti vāyurgandhānivāśayāt","Whenever the ruler (of the bodily frame) obtains or quits a body he goes taking these (with him) as the wind (takes) perfumes from (their) seats. And presiding over the senses of hearing and seeing and touch","machine-aligned; two human reviews pending","4247a4f2c30b3ab69e146df4b2bd8fac6393b7f071f190c4322b417dddd30bb5"
"gita.15.9","15","9","Krishna","श्रोत्रं चक्षुः स्पर्शनं च रसनं घ्राणमेव च।
अधिष्ठाय मनश्चायं विषयानुपसेवते ॥","śrotraṃ cakṣuḥ sparśanaṃ ca rasanaṃ ghrāṇameva ca
adhiṣṭhāya manaścāyaṃ viṣayānupasevate","and taste and smell and the mind he enjoys sensuous objects.","machine-aligned; two human reviews pending","94d28712ed86b04b8f54bda23905fac4c87ab0fc75a3bc185cf5939260b8fdfd"
"gita.15.10","15","10","Krishna","उत्क्रामन्तं स्थितं वापि भुञ्जानं वा गुणान्वितम्।
विमूढा नानुपश्यन्ति पश्यन्ति ज्ञानचक्षुषः ॥","utkrāmantaṃ sthitaṃ vāpi bhuñjānaṃ vā guṇānvitam
vimūḍhā nānupaśyanti paśyanti jñānacakṣuṣaḥ","Those who are deluded do not see (him) remaining in or quitting (a body), enjoying or joined to the qualities they see, who have eyes of knowledge.","machine-aligned; two human reviews pending","fcc6d728b0f63b7d9a6e6483e33b5f255a06b9552ac2b4e4ae203c929660ee20"
"gita.15.11","15","11","Krishna","यतन्तो योगिनश्चैनं पश्यन्त्यात्मन्यवस्थितम्।
यतन्तोऽप्यकृतात्मानो नैनं पश्यन्त्यचेतसः ॥","yatanto yoginaścainaṃ paśyantyātmanyavasthitam
yatanto.apyakṛtātmāno nainaṃ paśyantyacetasaḥ","Devotees making efforts perceive him abiding within their selfs. But those whose selfs have not been refined and who have no discernment do not perceive him even (after) making efforts.","machine-aligned; two human reviews pending","179dc1e72a428c464733b5cb241aff14f093745bf16fbbc22056cdb5a35a8037"
"gita.15.12","15","12","Krishna","यदादित्यगतं तेजो जगद्भासयतेऽखिलम्।
यच्चन्द्रमसि यच्चाग्नौ तत्तेजो विद्धि मामकम् ॥","yadādityagataṃ tejo jagadbhāsayate.akhilam
yaccandramasi yaccāgnau tattejo viddhi māmakam","Know that glory (to be) mine which, dwelling in the sun, lights up the whole world, or in the moon or fire.","machine-aligned; two human reviews pending","a99b9e85cf1d0e7897c6d3faf01cabd28a33123ea8b90c366a1a797ffb68fc3f"
"gita.15.13","15","13","Krishna","गामाविश्य च भूतानि धारयाम्यहमोजसा।
पुष्णामि चौषधीः सर्वाः सोमो भूत्वा रसात्मकः ॥","gāmāviśya ca bhūtāni dhārayāmyahamojasā
puṣṇāmi cauṣadhīḥ sarvāḥ somo bhūtvā rasātmakaḥ","Entering the earth, I by my power support all things and becoming the juicy moon, I nourish all herbs.","machine-aligned; two human reviews pending","e816e535fbb3b6f7777f1259bb049209869682074a759fe2bd35ba7f41acca8e"
"gita.15.14","15","14","Krishna","अहं वैश्वानरो भूत्वा प्राणिनां देहमाश्रितः।
प्राणापानसमायुक्तः पचाम्यन्नं चतुर्विधम् ॥","ahaṃ vaiśvānaro bhūtvā prāṇināṃ dehamāśritaḥ
prāṇāpānasamāyuktaḥ pacāmyannaṃ caturvidham","I becoming the fire","machine-aligned; two human reviews pending","e83b81bb0ef09f658cf6d8f5fdd713e24b8c4f87002b97ce5d16fc29927fa57e"
"gita.15.15","15","15","Krishna","सर्वस्य चाहं हृदि सन्निविष्टो
मत्तः स्मृतिर्ज्ञानमपोहनञ्च।
वेदैश्च सर्वैरहमेव वेद्यो
वेदान्तकृद्वेदविदेव चाहम् ॥","sarvasya cāhaṃ hṛdi sanniviṣṭo mattaḥ smṛtirjñānamapohanañca
vedaiśca sarvairahameva vedyo vedāntakṛdvedavideva cāham","and dwelling in the bodies of (all) creatures and united with the upward and downward life-breaths cause digestion of the fourfold food. And I am placed in the heart of all from me (come) memory, knowledge, and their removal I alone am to be learnt from all the Vedas I am the author of the Vedāntas","machine-aligned; two human reviews pending","da54503f20412692cdc96721d73b15432a3927fc4b6f68157cee87a5f1f6f81f"
"gita.15.16","15","16","Krishna","द्वाविमौ पुरुषौ लोके क्षरश्चाक्षर एव च।
क्षरः सर्वाणि भूतानि कूटस्थोऽक्षर उच्यते ॥","dvāvimau puruṣau loke kṣaraścākṣara eva ca
kṣaraḥ sarvāṇi bhūtāni kūṭastho.akṣara ucyate","and I alone know the Vedas. There are these two beings in the world, the destructible and the indestructible. The destructible (includes) all things. The unconcerned one is (what is) called the indestructible. But the being supreme is yet another","machine-aligned; two human reviews pending","b0529eca50ebe7807c1a093cf5365f4069f79a0508549582becbe69a4619f8f5"
"gita.15.17","15","17","Krishna","उत्तमः पुरुषस्त्वन्यः परमात्मेत्युधाहृतः।
यो लोकत्रयमाविश्य बिभर्त्यव्यय ईश्वरः ॥","uttamaḥ puruṣastvanyaḥ paramātmetyudhāhṛtaḥ
yo lokatrayamāviśya bibhartyavyaya īśvaraḥ","called the highest self who as the inexhaustible lord pervading the three worlds","machine-aligned; two human reviews pending","c5366669d3adf9fd47a96a4040599c9a97354122d3ce2a37573f9d9fb1af7634"
"gita.15.18","15","18","Krishna","यस्मात्क्षरमतीतोऽहमक्षरादपि चोत्तमः।
अतोऽस्मि लोके वेदे च प्रथितः पुरुषोत्तमः ॥","yasmātkṣaramatīto.ahamakṣarādapi cottamaḥ
ato.asmi loke vedeca prathitaḥ puruṣottamaḥ","supports (them). And since I transcend the destructible and since I am higher also than the indestructible therefore am I celebrated in the world and in the Vedas as the best of beings.","machine-aligned; two human reviews pending","4fe0ee33f1457a3b540e7f3d149d20f52a631b4d4b867205f27c8861e134ead1"
"gita.15.19","15","19","Krishna","यो मामेवमसम्मूढो जानाति पुरुषोत्तमम्।
स सर्वविद्भजति मां सर्वभावेन भारत ॥","yo māmevamasammūḍho jānāti puruṣottamam
sa sarvavidbhajati māṃ sarvabhāvena bhārata","He who, undeluded, thus knows me the best of beings, worships me every way, O descendant of Bharata! knowing everything.","machine-aligned; two human reviews pending","4e4024b7fe11d65e2579d9557ebafca436f9899120d1b3711914ef39e14e0dd7"
"gita.15.20","15","20","Krishna","इति गुह्यतमं शास्त्रमिदमुक्तं मयानघ।
एतद्बुद्ध्वा बुद्धिमान्स्यात्कृतकृत्यश्च भारत ॥","iti guhyatamaṃ śāstramidamuktaṃ mayānagha
etadbuddhvā buddhimānsyātkṛtakṛtyaśca bhārata","Thus, O sinless one! have I proclaimed this most mysterious science. He who knows this, has done all he need do, and he becomes possessed of discernment.","machine-aligned; two human reviews pending","a7907f28d3aa093230dd8fc2b9d34b3f9aeb6cc0489400f6d86be530a8276d3b"
"gita.16.1","16","1","Krishna","श्रीभगवानुवाच।
अभयं सत्त्वसंशुद्धिर्ज्ञानयोगव्यवस्थितिः।
दानं दमश्च यज्ञश्च स्वाध्यायस्तप आर्जवम् ॥","śrībhagavānuvāca
abhayaṃ sattvasaṃśuddhirjñānayogavyavasthitiḥ
dānaṃ damaśca yajñaśca svādhyāyastapa ārjavam","Freedom from fear purity of heart perseverance in (pursuit of) knowledge and abstraction of mind gifts self-restraint and sacrifice","machine-aligned; two human reviews pending","c38ba9a9bc0805ef3a67ac07b11e92704b02b8ccbaf715fbfa81f6ced51ed7d5"
"gita.16.2","16","2","Krishna","अहिंसा सत्यमक्रोधस्त्यागः शान्तिरपैशुनम्।
दया भूतेष्वलोलुप्त्वं मार्दवं ह्रीरचापलम् ॥","ahiṃsā satyamakrodhastyāgaḥ śāntirapaiśunam
dayā bhūteṣvaloluptvaṃ mārdavaṃ hrīracāpalam","study of the Vedas penance straightforwardness harmlessness truth freedom from anger","machine-aligned; two human reviews pending","218bc8cd8527c2cd70de8cb1f5818cb382e9ee0c6376724da14159a83000ecef"
"gita.16.3","16","3","Krishna","तेजः क्षमा धृतिः शौचमद्रोहो नातिमानिता।
भवन्ति सम्पदं दैवीमभिजातस्य भारत ॥","tejaḥ kṣamā dhṛtiḥ śaucamadroho nātimānitā
bhavanti sampadaṃ daivīmabhijātasya bhārata","renunciation tranquillity freedom from the habit of backbiting compassion for (all) beings freedom from avarice gentleness","machine-aligned; two human reviews pending","984fd202592b19f11e4cbf3b85b6845341a5fd69f4d288efa6dddd6a47ef17a7"
"gita.16.4","16","4","Krishna","दम्भो दर्पोऽभिमानश्च क्रोधः पारुष्यमेव च।
अज्ञानं चाभिजातस्य पार्थ सम्पदमासुरीम् ॥","dambho darpo.abhimānaśca krodhaḥ pāruṣyameva ca
ajñānaṃ cābhijātasya pārtha sampadamāsurīm","modesty absence of vain activity noblemindedness forgiveness courage purity","machine-aligned; two human reviews pending","b4ca947eeb15773f1c18f493826eca316754b6152fd05bedb49802caf7b86a0b"
"gita.16.5","16","5","Krishna","दैवी सम्पद्विमोक्षाय निबन्धायासुरी मता।
मा शुचः सम्पदं दैवीमभिजातोऽसि पाण्डव ॥","daivī sampadvimokṣāya nibandhāyāsurī matā
mā śucaḥ sampadaṃ daivīmabhijāto.asi pāṇḍava","freedom from a desire to injure others absence of vanity, (these) O descendant of Bharata! are his who is born to godlike endowments. Ostentatiousness, pride, vanity, anger, and also harshness and ignorance (are) his, O son of Pṛthā! who is born to demoniac endowments. Godlike endowments are deemed to be (means) for final emancipation, demoniac for bondage. Grieve not, O descendant of Bharata! you are born to godlike endowments.","machine-aligned; two human reviews pending","a8f4b3177eec9ee050a9d4813ce712d89f3291f40c481fcd1a3337c59fe07eaf"
"gita.16.6","16","6","Krishna","द्वौ भूतसर्गौ लोकेऽस्मिन्दैव आसुर एव च।
दैवो विस्तरशः प्रोक्त आसुरं पार्थ मे शृणु ॥","dvau bhūtasargau loke.asmindaiva āsura eva ca
daivo vistaraśaḥ prokta āsuraṃ pārtha me śṛṇu","(There are) two classes of created beings in this world, the godlike and the demoniac the godlike (class) has been described at length now hear from me, O son of Pṛthā! about the demoniac.","machine-aligned; two human reviews pending","28cab8cde8d1487a954be6838341823d1b047961aed2a51ecee3081c2a72f1ca"
"gita.16.7","16","7","Krishna","प्रवृत्तिं च निवृत्तिं च जना न विदुरासुराः।
न शौचं नापि चाचारो न सत्यं तेषु विद्यते ॥","pravṛttiṃ ca nivṛttiṃ ca janā na vidurāsurāḥ
na śaucaṃ nāpi cācāro na satyaṃ teṣu vidyate","Demoniac persons know not action or inaction, neither purity nor yet (correct) conduct nor veracity are in them.","machine-aligned; two human reviews pending","9cc725cde5324961b462fe20727afdf8d93a150b0777488c2ed9aff1dce1dd2c"
"gita.16.8","16","8","Krishna","असत्यमप्रतिष्ठं ते जगदाहुरनीश्वरम्।
अपरस्परसम्भूतं किमन्यत्कामहैतुकम् ॥","asatyamapratiṣṭhaṃ te jagadāhuranīśvaram
aparasparasambhūtaṃ kimanyatkāmahaitukam","They say the universe is devoid of truth devoid of fixed principle and devoid of a ruler produced by union (of male and female) caused by lust and nothing else.","machine-aligned; two human reviews pending","a59fda4f0eed356e5355e497918d56d6437ecfc1f19b0aea1a6112e4e7d57cb0"
"gita.16.9","16","9","Krishna","एतां दृष्टिमवष्टभ्य नष्टात्मानोऽल्पबुद्धयः।
प्रभवन्त्युग्रकर्माणः क्षयाय जगतोऽहिताः ॥","etāṃ dṛṣṭimavaṣṭabhya naṣṭātmāno.alpabuddhayaḥ
prabhavantyugrakarmāṇaḥ kṣayāya jagato.ahitāḥ","Holding this view, (these) enemies of the world, of ruined selfs, of little knowledge, and of ferocious actions, are born for the destruction (of the world).","machine-aligned; two human reviews pending","225eb3da22d4490cd1d0337ea65e221a78d2f6a081c5a4ae2cbabae6f11f3089"
"gita.16.10","16","10","Krishna","काममाश्रित्य दुष्पूरं दम्भमानमदान्विताः।
मोहाद्गृहीत्वासद्ग्राहान्प्रवर्तन्तेऽशुचिव्रताः ॥","kāmamāśritya duṣpūraṃ dambhamānamadānvitāḥ
mohādgṛhītvāsadgrāhānpravartante.aśucivratāḥ","Entertaining insatiable desire, full of vanity, ostentatiousness, and frenzy, they adopt false notions through delusion, and engage in unholy observances.","machine-aligned; two human reviews pending","9cda30b41f7cf6816274394355a610602977986107b68a433e4458cf2c4a94e3"
"gita.16.11","16","11","Krishna","चिन्तामपरिमेयां च प्रलयान्तामुपाश्रिताः।
कामोपभोगपरमा एतावदिति निश्चिताः ॥","cintāmaparimeyāṃ ca pralayāntāmupāśritāḥ
kāmopabhogaparamā etāvaditi niścitāḥ","Indulging in boundless thoughts ending with death given up to the enjoyment of objects of desire being resolved that that is all bound down by nets of hopes in hundreds","machine-aligned; two human reviews pending","5f0d7ea50bc1c20d0f0c59723bdac6c6fb685abc90fa039b2bc1816a323f3333"
"gita.16.12","16","12","Krishna","आशापाशशतैर्बद्धाः कामक्रोधपरायणाः।
ईहन्ते कामभोगार्थमन्यायेनार्थसञ्चयान् ॥","āśāpāśaśatairbaddhāḥ kāmakrodhaparāyaṇāḥ
īhante kāmabhogārthamanyāyenārthasañcayān","given up to anger and desire they wish to obtain heaps of wealth unfairly for enjoying objects of desire.","machine-aligned; two human reviews pending","cbcd7e5d7739ab2a41f30a8b518e8826cb5ab9ac240265d1ed97817c343043f3"
"gita.16.13","16","13","Krishna","इदमद्य मया लब्धमिमं प्राप्स्ये मनोरथम्।
इदमस्तीदमपि मे भविष्यति पुनर्धनम् ॥","idamadya mayā labdhamimaṃ prāpsye manoratham
idamastīdamapi me bhaviṣyati punardhanam","'This have I obtained to-day this wish I will obtain this wealth is mine and this also shall be mine","machine-aligned; two human reviews pending","6114fc2ecccd16ece50dffa66f41b40c107ab045a66c4a7451c5e46e9f2403b9"
"gita.16.14","16","14","Krishna","असौ मया हतः शत्रुर्हनिष्ये चापरानपि।
ईश्वरोऽहमहं भोगी सिद्धोऽहं बलवान्सुखी ॥","asau mayā hataḥ śatrurhaniṣye cāparānapi
īśvaro.ahamahaṃ bhogī siddho.ahaṃ balavānsukhī","this foe I have killed others too I will destroy I am lord, I am the enjoyer, I am perfect, strong, happy I have wealth I am of noble birth","machine-aligned; two human reviews pending","90c2624625c12ba68cde3c3cdf4ba90dc69661a9588a55d6a807078a3313f1c1"
"gita.16.15","16","15","Krishna","आढ्योऽभिजनवानस्मि कोऽन्योऽस्ति सदृशो मया।
यक्ष्ये दास्यामि मोदिष्य इत्यज्ञानविमोहिताः ॥","āḍhyo.abhijanavānasmi ko.anyo.asti sadṛśo mayā
yakṣye dāsyāmi modiṣya ityajñānavimohitāḥ","who else is like me? I will sacrifice I will make gifts I will rejoice.' Thus deluded by ignorance","machine-aligned; two human reviews pending","7f3846956070f159a18197b4a670b8cdaa053053c76d6cb59dcb30e8fb4b0de7"
"gita.16.16","16","16","Krishna","अनेकचित्तविभ्रान्ता मोहजालसमावृताः।
प्रसक्ताः कामभोगेषु पतन्ति नरकेऽशुचौ ॥","anekacittavibhrāntā mohajālasamāvṛtāḥ
prasaktāḥ kāmabhogeṣu patanti narake.aśucau","tossed about by numerous thoughts surrounded by the net of delusion and attached to the enjoyment of objects of desire they fall down into impure hell. Honoured (only) by themselves void of humility","machine-aligned; two human reviews pending","d6b6b0e8c361ae75412daad653fa554f33ae955a8478958cc0e63f68f231030f"
"gita.16.17","16","17","Krishna","आत्मसम्भाविताः स्तब्धा धनमानमदान्विताः।
यजन्ते नामयज्ञैस्ते दम्भेनाविधिपूर्वकम् ॥","ātmasambhāvitāḥ stabdhā dhanamānamadānvitāḥ
yajante nāmayajñaiste dambhenāvidhipūrvakam","and full of the pride and frenzy of wealth these calumniators (of the virtuous) perform sacrifices which are sacrifices only in name","machine-aligned; two human reviews pending","2149cde89e8dc8b38d9b525d2d60ed4857468e15d1fb69eb682ecf0ca81943b3"
"gita.16.18","16","18","Krishna","अहंकारं बलं दर्पं कामं क्रोधं च संश्रिताः।
मामात्मपरदेहेषु प्रद्विषन्तोऽभ्यसूयकाः ॥","ahaṃkāraṃ balaṃ darpaṃ kāmaṃ krodhaṃ ca saṃśritāḥ
māmātmaparadeheṣu pradviṣanto.abhyasūyakāḥ","with ostentatiousness and against prescribed rules indulging (their) vanity, brute force, arrogance, lust, and anger and hating me in their own bodies and in those of others.","machine-aligned; two human reviews pending","22bfcc91d3a19b777360a0d2ca0fa9a265a92849e48f45c9910e0966d2230a5d"
"gita.16.19","16","19","Krishna","तानहं द्विषतः क्रुरान्संसारेषु नराधमान्।
क्षिपाम्यजस्रमशुभानासुरीष्वेव योनिषु ॥","tānahaṃ dviṣataḥ krurānsaṃsāreṣu narādhamān
kṣipāmyajasramaśubhānāsurīṣveva yoniṣu","These enemies, ferocious, meanest of men, and unholy, I continually hurl down, to these worlds, only into demoniac wombs.","machine-aligned; two human reviews pending","7cd65a00293dd1a1982047bd8e98c2fa80146456ef8d82885aab31834d3242ed"
"gita.16.20","16","20","Krishna","आसुरीं योनिमापन्ना मूढा जन्मनि जन्मनि।
मामप्राप्यैव कौन्तेय ततो यान्त्यधमां गतिम् ॥","āsurīṃ yonimāpannā mūḍhā janmani janmani
māmaprāpyaiva kaunteya tato yāntyadhamāṃ gatim","Coming into demoniac wombs, deluded in every birth, they go down to the vilest state, O son of Kuntī ! without ever coming to me.","machine-aligned; two human reviews pending","4bdf154805feb679346703a9aaade7c99bc4001dbe80b3ea616847e477fc644c"
"gita.16.21","16","21","Krishna","त्रिविधं नरकस्येदं द्वारं नाशनमात्मनः।
कामः क्रोधस्तथा लोभस्तस्मादेतत्त्रयं त्यजेत् ॥","trividhaṃ narakasyedaṃ dvāraṃ nāśanamātmanaḥ
kāmaḥ krodhastathā lobhastasmādetattrayaṃ tyajet","Threefold is this way, to hell,-ruinous to the self,—lust, anger, and likewise avarice therefore one should abandon this triad.","machine-aligned; two human reviews pending","4e0c23746af873d2e7989905503d7a22f8c0af6581da4d7971a1c2d4df492987"
"gita.16.22","16","22","Krishna","एतैर्विमुक्तः कौन्तेय तमोद्वारैस्त्रिभिर्नरः।
आचरत्यात्मनः श्रेयस्ततो याति परां गतिम् ॥","etairvimuktaḥ kaunteya tamodvāraistribhirnaraḥ
ācaratyātmanaḥ śreyastato yāti parāṃ gatim","Released from these three ways to darkness, O son of Kuntī! a man works out his own welfare, and then proceeds to the highest goal.","machine-aligned; two human reviews pending","3f4b63dbeb24effa12fa42bfd4e67424d5470054cec865a4f04e9796b60563f0"
"gita.16.23","16","23","Krishna","यः शास्त्रविधिमुत्सृज्य वर्तते कामकारतः।
न स सिद्धिमवाप्नोति न सुखं न परां गतिम् ॥","yaḥ śāstravidhimutsṛjya vartate kāmakārataḥ
na sa siddhimavāpnoti na sukhaṃ na parāṃ gatim","He who abandoning scripture ordinances, acts under the impulse of desire, does not attain perfection, nor happiness, nor the highest goal.","machine-aligned; two human reviews pending","54242c5eace854c6fcf39c6572579254eea225902bfdcb8dd3df0440a746d1b1"
"gita.16.24","16","24","Krishna","तस्माच्छास्त्रं प्रमाणं ते कार्याकार्यव्यवस्थितौ।
ज्ञात्वा शास्त्रविधानोक्तं कर्म कर्तुमिहार्हसि ॥","tasmācchāstraṃ pramāṇaṃ te kāryākāryavyavasthitau
jñātvā śāstravidhānoktaṃ karma kartumihārhasi","Therefore in discriminating between w hat should be done and what should not be done your authority (must. be) scripture. And knowing what is declared by the ordinances of scripture you should perform action in this world.","machine-aligned; two human reviews pending","1467feb786cb4e23f8feb6c1b6fff13bfe82df7ce58e4f9ce536910005865c54"
"gita.17.1","17","1","Arjuna","अर्जुन उवाच।
ये शास्त्रविधिमुत्सृज्य यजन्ते श्रद्धयान्विताः।
तेषां निष्ठा तु का कृष्ण सत्त्वमाहो रजस्तमः ॥","arjuna uvāca
ye śāstravidhimutsṛjya yajante śraddhayānvitāḥ
teṣāṃ niṣṭhā tu kā kṛṣṇa sattvamāho rajastamaḥ","What is the state of those, O Kṛṣṇa ! who worship with faith, (but) abandoning scripture ordinances—goodness, passion, or darkness?","machine-aligned; two human reviews pending","a37eadf99db90ce7b48ca3aaba23ce50e5274daecdb0abf18c9b6c5a3e16f867"
"gita.17.2","17","2","Krishna","श्रीभगवानुवाच।
त्रिविधा भवति श्रद्धा देहिनां सा स्वभावजा।
सात्त्विकी राजसी चैव तामसी चेति तां शृणु ॥","śrībhagavānuvāca
trividhā bhavati śraddhā dehināṃ sā svabhāvajā
sāttvikī rājasī caiva tāmasī ceti tāṃ śṛṇu","Faith is of three kinds in embodied (beings), it is produced from dispositions. It is of the quality of goodness, of the quality of passion, and of the quality of darkness. Hear about it.","machine-aligned; two human reviews pending","57fc4298b9d7d40dc76c8dedde791c2403890049457927780e1f2f963626f54f"
"gita.17.3","17","3","Krishna","सत्त्वानुरूपा सर्वस्य श्रद्धा भवति भारत।
श्रद्धामयोऽयं पुरुषो यो यच्छ्रद्धः स एव सः ॥","sattvānurūpā sarvasya śraddhā bhavati bhārata
śraddhāmayo.ayaṃ puruṣo yo yacchraddhaḥ sa eva saḥ","The faith of all, O descendant of Bharata! is conformable to the heart. A being here is full of faith, and whatever is a man's faith, that is a man himself.","machine-aligned; two human reviews pending","a6c658213285b04541435c5d2812ba542f24aa3f3d3b4a03c6c81cb80f983363"
"gita.17.4","17","4","Krishna","यजन्ते सात्त्विका देवान्यक्षरक्षांसि राजसाः।
प्रेतान्भूतगणांश्चान्ये यजन्ते तामसा जनाः ॥","yajante sāttvikā devānyakṣarakṣāṃsi rājasāḥ
pretānbhūtagaṇāṃścānye yajante tāmasā janāḥ","Those of the quality of goodness worship the gods those of the quality of passion the Yakṣas and Rakṣases and the others, the people of the quality of darkness, worship departed (spirits) and the multitudes of Bhūtas .","machine-aligned; two human reviews pending","5947b96aaeb85efa88ab2f6c3d531c6503e5861f2b252f41b5bf70f00333245c"
"gita.17.5","17","5","Krishna","अशास्त्रविहितं घोरं तप्यन्ते ये तपो जनाः।
दम्भाहंकारसंयुक्ताः कामरागबलान्विताः ॥","aśāstravihitaṃ ghoraṃ tapyante ye tapo janāḥ
dambhāhaṃkārasaṃyuktāḥ kāmarāgabalānvitāḥ","Know those to be of demoniac convictions, who practise fierce penance not ordained by scripture who are full of ostentatiousness and egoism, and of desire, attachment, and stubbornness","machine-aligned; two human reviews pending","c320cb3a4310461932a01d8bd5164046edf700cb92f4dd7fce45e8718b27e112"
"gita.17.6","17","6","Krishna","कर्षयन्तः शरीरस्थं भूतग्राममचेतसः।
मां चैवान्तःशरीरस्थं तान्विद्ध्यासुरनिश्चयान् ॥","karṣayantaḥ śarīrasthaṃ bhūtagrāmamacetasaḥ
māṃ caivāntaḥśarīrasthaṃ tānviddhyāsuraniścayān","who are without discernment and who torment the groups of organs in (their) bodies, and me also seated within (those) bodies.","machine-aligned; two human reviews pending","94944164ca75cab7be095bbc50f4b07b5bbe0aa336015ca6909c00364240cd58"
"gita.17.7","17","7","Krishna","आहारस्त्वपि सर्वस्य त्रिविधो भवति प्रियः।
यज्ञस्तपस्तथा दानं तेषां भेदमिमं शृणु ॥","āhārastvapi sarvasya trividho bhavati priyaḥ
yajñastapastathā dānaṃ teṣāṃ bhedamimaṃ śṛṇu","The food also, which is liked by all, and likewise the sacrifice, the penance, and gifts, are of three kinds. Listen to the distinctions regarding them as follows.","machine-aligned; two human reviews pending","3f9760a46820e60587bcc0cd06205a64fae61c3209237e1a2f48b293520dd430"
"gita.17.8","17","8","Krishna","आयुःसत्त्वबलारोग्यसुखप्रीतिविवर्धनाः।
रस्याः स्निग्धाः स्थिरा हृद्या आहाराः सात्त्विकप्रियाः ॥","āyuḥsattvabalārogyasukhaprītivivardhanāḥ
rasyāḥ snigdhāḥ sthirā hṛdyā āhārāḥ sāttvikapriyāḥ","The kinds of food which increase life, energy, strength, health, comfort, and relish, which are savoury, oleaginous, full of nutrition, and agreeable, are liked by the good. The kinds of food which are bitter acid saltish too hot sharp","machine-aligned; two human reviews pending","b911379fd033cee9e1d77d7cc6980ab26d550c3151b0f9c293de04c4ef4a4be9"
"gita.17.9","17","9","Krishna","कट्वम्ललवणात्युष्णतीक्ष्णरूक्षविदाहिनः।
आहारा राजसस्येष्टा दुःखशोकामयप्रदाः ॥","kaṭvamlalavaṇātyuṣṇatīkṣṇarūkṣavidāhinaḥ
āhārā rājasasyeṣṭā duḥkhaśokāmayapradāḥ","rough and. burning and which cause pain. grief and disease are desired by the passionate. And the food which is cold","machine-aligned; two human reviews pending","1b6ca868e7f329eeefa5819eb86205675325a58c2df5e1efca91d70e2e105e86"
"gita.17.10","17","10","Krishna","यातयामं गतरसं पूति पर्युषितं च यत्।
उच्छिष्टमपि चामेध्यं भोजनं तामसप्रियम् ॥","yātayāmaṃ gatarasaṃ pūti paryuṣitaṃ ca yat
ucchiṣṭamapi cāmedhyaṃ bhojanaṃ tāmasapriyam","tasteless","machine-aligned; two human reviews pending","048e6a31f4f6b3cb25cae8435444bab81d88c8c54b2512464a9e017e0312745d"
"gita.17.11","17","11","Krishna","अफलाङ्क्षिभिर्यज्ञो विधिदृष्टो य इज्यते।
यष्टव्यमेवेति मनः समाधाय स सात्त्विकः ॥","aphalāṅkṣibhiryajño vidhidṛṣṭo ya ijyate
yaṣṭavyameveti manaḥ samādhāya sa sāttvikaḥ","stinking stale impure and even leavings are liked by the dark. That sacrifice is good which being prescribed in (scripture) ordinances is performed by persons not wishing for the fruit (of it) and after determining (in their) mind that the sacrifice must needs be performed. But when a sacrifice is performed O highest of the descendants of Bharata! with an expectation of fruit (from it)","machine-aligned; two human reviews pending","5fc59f7b7c9e783bf924c275ab29578da62ab89c67d019352c66d236fbb15852"
"gita.17.12","17","12","Krishna","अभिसन्धाय तु फलं दम्भार्थमपि चैव यत्।
इज्यते भरतश्रेष्ठ तं यज्ञं विद्धि राजसम् ॥","abhisandhāya tu phalaṃ dambhārthamapi caiva yat
ijyate bharataśreṣṭha taṃ yajñaṃ viddhi rājasam","and for the purpose of ostentation know that sacrifice (to be) passionate.","machine-aligned; two human reviews pending","79f1f242042a0f1e93a02d8e17ce4ddf1d89db9bfb81dacd7be25c18e7f2f5fb"
"gita.17.13","17","13","Krishna","विधिहीनमसृष्टान्नं मन्त्रहीनमदक्षिणम्।
श्रद्धाविरहितं यज्ञं तामसं परिचक्षते ॥","vidhihīnamasṛṣṭānnaṃ mantrahīnamadakṣiṇam
śraddhāvirahitaṃ yajñaṃ tāmasaṃ paricakṣate","They call that sacrifice dark which is against the ordinances (of scripture) in which no food is dealt out (to Brāhmaṇas, &c.) which is devoid of Mantras devoid of Dakṣiṇā presents and which is without faith.","machine-aligned; two human reviews pending","08ff6887456f87de3e85b7b03ff03d289fac46d6cb352de726d9caf33e98f6ac"
"gita.17.14","17","14","Krishna","देवद्विजगुरुप्राज्ञपूजनं शौचमार्जवम्।
ब्रह्मचर्यमहिंसा च शारीरं तप उच्यते ॥","devadvijaguruprājñapūjanaṃ śaucamārjavam
brahmacaryamahiṃsā ca śārīraṃ tapa ucyate","Paying reverence to gods, Brāhmaṇas, preceptors, and men of knowledge purity, straightforwardness, life as Brahmacārin , and harmlessness, (this) is called the penance bodily.","machine-aligned; two human reviews pending","85e9cfc462ab9199796f4090b73177a0eff0ff2b92794f852c28fdc15f1ecf82"
"gita.17.15","17","15","Krishna","अनुद्वेगकरं वाक्यं सत्यं प्रियहितं च यत्।
स्वाध्यायाभ्यसनं चैव वाङ्मयं तप उच्यते ॥","anudvegakaraṃ vākyaṃ satyaṃ priyahitaṃ ca yat
svādhyāyābhyasanaṃ caiva vāṅmayaṃ tapa ucyate","The speech which causes no sorrow, which is true, agreeable, and beneficial, and the study of the Vedas , (this) is called the penance vocal.","machine-aligned; two human reviews pending","0e832fe06e1b4781aa2417c99635c4292d42474f75e6e9340dd81327578e8ea4"
"gita.17.16","17","16","Krishna","मनः प्रसादः सौम्यत्वं मौनमात्मविनिग्रहः।
भावसंशुद्धिरित्येतत्तपो मानसमुच्यते ॥","manaḥ prasādaḥ saumyatvaṃ maunamātmavinigrahaḥ
bhāvasaṃśuddhirityetattapo mānasamucyate","Calmness of mind, mildness, taciturnity, self-restraint, and purity of heart, this is called the penance mental.","machine-aligned; two human reviews pending","2af96a7bfecefdba5e658867aa634a446653f040f8454d13958fe1dd14075fe6"
"gita.17.17","17","17","Krishna","श्रद्धया परया तप्तं तपस्तत्त्रिविधं नरैः।
अफलाकाङ्क्षिभिर्युक्तैः सात्त्विकं परिचक्षते ॥","śraddhayā parayā taptaṃ tapastattrividhaṃ naraiḥ
aphalākāṅkṣibhiryuktaiḥ sāttvikaṃ paricakṣate","This threefold penance, practised with perfect faith, by men who do not wish for the fruit, and who are possessed of devotion is called good. The penance which is done for respect","machine-aligned; two human reviews pending","1aaa9bf55ced138e8b3d0510be0f05b2022f61a5fe384ee762bd59a3f12d9217"
"gita.17.18","17","18","Krishna","सत्कारमानपूजार्थं तपो दम्भेन चैव यत्।
क्रियते तदिह प्रोक्तं राजसं चलमध्रुवम् ॥","satkāramānapūjārthaṃ tapo dambhena caiva yat
kriyate tadiha proktaṃ rājasaṃ calamadhruvam","honour","machine-aligned; two human reviews pending","141bb2d54ed9a02a8f6da9132d93e77c00cd6c6839fcbd2bf98f5d85e95b7680"
"gita.17.19","17","19","Krishna","मूढग्राहेणात्मनो यत्पीडया क्रियते तपः।
परस्योत्सादनार्थं वा तत्तामसमुदाहृतम् ॥","mūḍhagrāheṇātmano yatpīḍayā kriyate tapaḥ
parasyotsādanārthaṃ vā tattāmasamudāhṛtam","and reverence and with ostentatiousness and which is uncertain and transient is here called passionate. And that penance is described as dark which is performed under a misguided conviction with pain to oneself","machine-aligned; two human reviews pending","472c71ab79c6973214dad39cbba53c6bb6668b8349d062a34e0dfcc6df5ec826"
"gita.17.20","17","20","Krishna","दातव्यमिति यद्दानं दीयतेऽनुपकारिणे।
देशे काले च पात्रे च तद्दानं सात्त्विकं स्मृतम् ॥","dātavyamiti yaddānaṃ dīyate.anupakāriṇe
deśe kāle ca pātre ca taddānaṃ sāttvikaṃ smṛtam","or for the destruction of another. That gift is said (to be) good which is given because it ought to be given to one who (can) do no service (in return) at a (proper) place and time an d to a (proper) person. But that gift which is given with much difficulty","machine-aligned; two human reviews pending","52bf4044e848cb83d4e297727c733d37a09f43dd9d8dcf7b5d26305f6997d418"
"gita.17.21","17","21","Krishna","यत्तु प्रत्युपकारार्थं फलमुद्दिश्य वा पुनः।
दीयते च परिक्लिष्टं तद्दानं राजसं स्मृतम् ॥","yattu pratyupakārārthaṃ phalamuddiśya vā punaḥ
dīyate ca parikliṣṭaṃ taddānaṃ rājasaṃ smṛtam","for a return of services or even with an expectation of fruit is said to be passionate. And that gift is described as dark","machine-aligned; two human reviews pending","51675e1b83a82055698c626f6f0ca1686a13453734454d6b283933a583f59d08"
"gita.17.22","17","22","Krishna","अदेशकाले यद्दानमपात्रेभ्यश्च दीयते।
असत्कृतमवज्ञातं तत्तामसमुदाहृतम् ॥","adeśakāle yaddānamapātrebhyaśca dīyate
asatkṛtamavajñātaṃ tattāmasamudāhṛtam","which is given to unfit persons at an unfit place and time without respect","machine-aligned; two human reviews pending","3889409a4e118d69a1dfd830b369004ddd72044d9765a4b81c0efa814f5d2017"
"gita.17.23","17","23","Krishna","ॐतत्सदिति निर्देशो ब्रह्मणस्त्रिविधः स्मृतः।
ब्राह्मणास्तेन वेदाश्च यज्ञाश्च विहिताः पुरा ॥","OMtatsaditi nirdeśo brahmaṇastrividhaḥ smṛtaḥ
brāhmaṇāstena vedāśca yajñāśca vihitāḥ purā","and with contempt. Om, Tad, and Sat, this is said (to be) the threefold designation of the Brahman . By that, the Brāhmaṇas and the Vedas and sacrifices were created in olden times.","machine-aligned; two human reviews pending","679ca6f06de64f0ab3fca9936fd6537eb02324c07710ea04bc61976a5430579a"
"gita.17.24","17","24","Krishna","तस्मादोमित्युदाहृत्य यज्ञदानतपःक्रियाः।
प्रवर्तन्ते विधानोक्ताः सततं ब्रह्मवादिनाम् ॥","tasmādomityudāhṛtya yajñadānatapaḥkriyāḥ
pravartante vidhānoktāḥ satataṃ brahmavādinām","Hence, the performance by those who study the Brahman, of sacrifices, gifts, and penances, prescribed by the ordinances (of scripture), always commence after saying 'Om.'","machine-aligned; two human reviews pending","b6f7c14f41f47d8dc6a84cf5adc389404027580d47b9e55007ed9af35108d342"
"gita.17.25","17","25","Krishna","तदित्यनभिसन्धाय फलं यज्ञतपःक्रियाः।
दानक्रियाश्च विविधाः क्रियन्ते मोक्षकाङ्क्षिभिः ॥","tadityanabhisandhāya phalaṃ yajñatapaḥkriyāḥ
dānakriyāśca vividhāḥ kriyante mokṣakāṅkṣibhiḥ","Those who desire final emancipation perform the various acts of sacrifice and penance, and the various acts of gift, without expectation of fruit, after (saying) 'Tad.'","machine-aligned; two human reviews pending","a0400c5ea2989d7aaa7a5a680dcb55ab4db0ec5f664b1d2412f39a2f8993cc11"
"gita.17.26","17","26","Krishna","सद्भावे साधुभावे च सदित्येतत्प्रयुज्यते।
प्रशस्ते कर्मणि तथा सच्छब्दः पार्थ युज्यते ॥","sadbhāve sādhubhāve ca sadityetatprayujyate
praśaste karmaṇi tathā sacchabdaḥ pārtha yujyate","'Sat' is employed to express existence and goodness and likewise, O son of Pṛthā! the word 'Sat' is used to express an auspicious act.","machine-aligned; two human reviews pending","3f2d8246adc38fb1391c6705cd02f9ef552a12ce39b5cdaa8ce0cacc675647a1"
"gita.17.27","17","27","Krishna","यज्ञे तपसि दाने च स्थितिः सदिति चोच्यते।
कर्म चैव तदर्थीयं सदित्येवाभिधीयते ॥","yajñe tapasi dāne ca sthitiḥ saditi cocyate
karma caiva tadarthīyaṃ sadityevābhidhīyate","Constancy in (making) sacrifices. penances, and gifts, is called 'Sat;' and (all) action, too, of which that is the object, is also called 'Sat.' Whatever oblation is offered","machine-aligned; two human reviews pending","02e08a306ad3b38a60b3c7a2bf4c87f1cc12b3a003016604082aef5755d4feea"
"gita.17.28","17","28","Krishna","अश्रद्धया हुतं दत्तं तपस्तप्तं कृतं च यत्।
असदित्युच्यते पार्थ न च तत्प्रेत्य नो इह ॥","aśraddhayā hutaṃ dattaṃ tapastaptaṃ kṛtaṃ ca yat
asadityucyate pārtha na ca tatprepya no iha","whatever is given whatever penance is performed and whatever is done without faith that O son of Pṛthā! is called 'Asat,' and that is nought both after death and here.","machine-aligned; two human reviews pending","935d2e5e9da8164b84bf90ed1b64b0daa7ce0ee8be9e0edc668a8220e4c0878d"
"gita.18.1","18","1","Arjuna","अर्जुन उवाच।
संन्यासस्य महाबाहो तत्त्वमिच्छामि वेदितुम्।
त्यागस्य च हृषीकेश पृथक्केशिनिषूदन ॥","arjuna uvāca
saṃnyāsasya mahābāho tattvamicchāmi veditum
tyāgasya ca hṛṣīkeśa pṛthakkeśiniṣūdana","O you of mighty arms! O Hṛṣīkeśa! O destroyer of Keśin! I wish to know the truth about renunciation and abandonment distinctly.","machine-aligned; two human reviews pending","050b72bd979295c3a812a7860d2dbf1f096bde0081955edf591274d7aa9e0997"
"gita.18.2","18","2","Krishna","श्रीभगवानुवाच।
काम्यानां कर्मणां न्यासं संन्यासं कवयो विदुः।
सर्वकर्मफलत्यागं प्राहुस्त्यागं विचक्षणाः ॥","śrībhagavānuvāca
kāmyānāṃ karmaṇāṃ nyāsaṃ saṃnyāsaṃ kavayo viduḥ
sarvakarmaphalatyāgaṃ prāhustyāgaṃ vicakṣaṇāḥ","By renunciation the sages understand the rejection of actions done with desires. The wise call the abandonment of the fruit of all actions (by the name) abandonment.","machine-aligned; two human reviews pending","ef27b173cfd87483699e3b2ef2f84cbb30dbd02c813c37ce0705974cd3a4b51e"
"gita.18.3","18","3","Krishna","त्याज्यं दोषवदित्येके कर्म प्राहुर्मनीषिणः।
यज्ञदानतपःकर्म न त्याज्यमिति चापरे ॥","tyājyaṃ doṣavadityeke karma prāhurmanīṣiṇaḥ
yajñadānatapaḥkarma na tyājyamiti cāpare","Some wise men say, that action should be abandoned as being full of evil and others that the actions of sacrifice gift","machine-aligned; two human reviews pending","a15c16e8a0274d24fd8db5557e6d32705aac7543a79654a5d56765b8e9842232"
"gita.18.4","18","4","Krishna","निश्चयं शृणु मे तत्र त्यागे भरतसत्तम।
त्यागो हि पुरुषव्याघ्र त्रिविधः सम्प्रकीर्तितः ॥","niścayaṃ śṛṇu me tatra tyāge bharatasattama
tyāgo hi puruṣavyāghra trividhaḥ samprakīrtitaḥ","and penance should not be abandoned. As to that abandonment O best of the descendants of Bharata! listen to my decision for abandonment, O bravest of men! is described (to be) threefold.","machine-aligned; two human reviews pending","86d2e37dd53bb7516fcde9bb77ba2ec151c6895712a1e033f05bd3a06906240c"
"gita.18.5","18","5","Krishna","यज्ञदानतपःकर्म न त्याज्यं कार्यमेव तत्।
यज्ञो दानं तपश्चैव पावनानि मनीषिणाम् ॥","yajñadānatapaḥkarma na tyājyaṃ kāryameva tat
yajño dānaṃ tapaścaiva pāvanāni manīṣiṇām","The actions of sacrifice, gift, and penance should not be abandoned they must needs be performed","machine-aligned; two human reviews pending","5cddda1e89665bbd9c6c922e776f36a5c75188272357e5b48d53c264f23f6a52"
"gita.18.6","18","6","Krishna","एतान्यपि तु कर्माणि सङ्गं त्यक्त्वा फलानि च।
कर्तव्यानीति मे पार्थ निश्चितं मतमुत्तमम् ॥","etānyapi tu karmāṇi saṅgaṃ tyaktvā phalāni ca
kartavyānīti me pārtha niścitaṃ matamuttamam","for sacrifices, gifts, and penances are means of sanctification to the wise. But even these actions, O son of Pṛthā! should be performed, abandoning attachment and fruit such is my excellent and decided opinion.","machine-aligned; two human reviews pending","24383ad2579712fdf2bd89359a86d83939b93b9013ca525691c91b4fe27d24ea"
"gita.18.7","18","7","Krishna","नियतस्य तु संन्यासः कर्मणो नोपपद्यते।
मोहात्तस्य परित्यागस्तामसः परिकीर्तितः ॥","niyatasya tu saṃnyāsaḥ karmaṇo nopapadyate
mohāttasya parityāgastāmasaḥ parikīrtitaḥ","The renunciation of prescribed action is not proper. Its abandonment through delusion is described as of the quality of darkness. When a man abandons action merely as being troublesome","machine-aligned; two human reviews pending","562fce8374a86ad5c59d96dcf18674ce7835d75c562797c8caca734a8656eb0e"
"gita.18.8","18","8","Krishna","दुःखमित्येव यत्कर्म कायक्लेशभयात्त्यजेत्।
स कृत्वा राजसं त्यागं नैव त्यागफलं लभेत् ॥","duḥkhamityeva yatkarma kāyakleśabhayāttyajet
sa kṛtvā rājasaṃ tyāgaṃ naiva tyāgaphalaṃ labhet","through fear of bodily affliction","machine-aligned; two human reviews pending","916eac8b1a8bb904f30905c7d918b622e8d6230bd7598c75fe0c326c8cccd2ca"
"gita.18.9","18","9","Krishna","कार्यमित्येव यत्कर्म नियतं क्रियतेऽर्जुन।
सङ्गं त्यक्त्वा फलं चैव स त्यागः सात्त्विको मतः ॥","kāryamityeva yatkarma niyataṃ kriyate.arjuna
saṅgaṃ tyaktvā phalaṃ caiva sa tyāgaḥ sāttviko mataḥ","he does not obtain the fruit of abandonment by making (such) passionate abandonment. When prescribed action is performed O Arjuna ! abandoning attachment and fruit also merely because it ought to be performed that is deemed (to be) a good abandonment. He who is possessed of abandonment being full of goodness and talented and having","machine-aligned; two human reviews pending","70af420364f6e008a0fb7b2a252ae0f67f18b04c499ca682341550e8a5169c5e"
"gita.18.10","18","10","Krishna","न द्वेष्ट्यकुशलं कर्म कुशले नानुषज्जते।
त्यागी सत्त्वसमाविष्टो मेधावी छिन्नसंशयः ॥","na dveṣṭyakuśalaṃ karma kuśale nānuṣajjate
tyāgī sattvasamāviṣṭo medhāvī chinnasaṃśayaḥ","his doubts destroyed","machine-aligned; two human reviews pending","0eed36baeb0ef97871108964d51d5d9cec2503c70d71da5786798f29f6c5f4f7"
"gita.18.11","18","11","Krishna","न हि देहभृता शक्यं त्यक्तुं कर्माण्यशेषतः।
यस्तु कर्मफलत्यागी स त्यागीत्यभिधीयते ॥","na hi dehabhṛtā śakyaṃ tyaktuṃ karmāṇyaśeṣataḥ
yastu karmaphalatyāgī sa tyāgītyabhidhīyate","is not averse from unpleasant actions is not attached to pleasant (ones). Since no embodied (being) can abandon actions without exception, he is said to be possessed of abandonment, who abandons the fruit of action.","machine-aligned; two human reviews pending","c0db78d02cd0ecbf81eedf11e6b01ceaba3790b70e063d57d8bc84b47ccfa486"
"gita.18.12","18","12","Krishna","अनिष्टमिष्टं मिश्रं च त्रिविधं कर्मणः फलम्।
भवत्यत्यागिनां प्रेत्य न तु संन्यासिनां क्वचित् ॥","aniṣṭamiṣṭaṃ miśraṃ ca trividhaṃ karmaṇaḥ phalam
bhavatyatyāgināṃ pretya na tu saṃnyāsināṃ kvacit","The threefold fruit of action, agreeable, disagreeable, and mixed, accrues after death to those who are not possessed of abandonment, but never to renouncers.","machine-aligned; two human reviews pending","06fa4c4250249453944fe5c0903f229d81a631972a1f36acc1274c3dcfdf8ee5"
"gita.18.13","18","13","Krishna","पञ्चैतानि महाबाहो कारणानि निबोध मे।
साङ्ख्ये कृतान्ते प्रोक्तानि सिद्धये सर्वकर्मणाम् ॥","pañcaitāni mahābāho kāraṇāni nibodha me
sāṅkhye kṛtānte proktāni siddhaye sarvakarmaṇām","Learn from me, O you of mighty arms! these five causes of the completion of all actions, declared in the Sāṅkhya system.","machine-aligned; two human reviews pending","8e3537c5b7613d2e8c1623254a6df1267d7ae24dcc7e41cc47c39ecaa61415c7"
"gita.18.14","18","14","Krishna","अधिष्ठानं तथा कर्ता करणं च पृथग्विधम्।
विविधाश्च पृथक्चेष्टा दैवं चैवात्र पञ्चमम् ॥","adhiṣṭhānaṃ tathā kartā karaṇaṃ ca pṛthagvidham
vividhāśca pṛthakceṣṭā daivaṃ caivātra pañcamam","The substratum, the agent likewise, the various sorts of organs, and the various and distinct movements, and with these the deities, too, as the fifth. Whatever action just or otherwise","machine-aligned; two human reviews pending","0bd6d07b10fbcb6a5f9a36d861633b2b8994c0e15f41dc2857a5747eeb0a8faf"
"gita.18.15","18","15","Krishna","शरीरवाङ्मनोभिर्यत्कर्म प्रारभते नरः।
न्याय्यं वा विपरीतं वा पञ्चैते तस्य हेतवः ॥","śarīravāṅmanobhiryatkarma prārabhate naraḥ
nyāyyaṃ vā viparītaṃ vā pañcaite tasya hetavaḥ","a man performs with his body speech and mind these five are its causes. That being so the undiscerning man","machine-aligned; two human reviews pending","d5270385191151afe6a2a5ab53f9942814bb9027e40196ff1b64893920e919a2"
"gita.18.16","18","16","Krishna","तत्रैवं सति कर्तारमात्मानं केवलं तु यः।
पश्यत्यकृतबुद्धित्वान्न स पश्यति दुर्मतिः ॥","tatraivaṃ sati kartāramātmānaṃ kevalaṃ tu yaḥ
paśyatyakṛtabuddhitvānna sa paśyati durmatiḥ","who being of an unrefined understanding sees the agent in the immaculate self","machine-aligned; two human reviews pending","549d7c631ea2b3f140067acab539aeb22c78ee4cbc9e13655b485c5079e20ea3"
"gita.18.17","18","17","Krishna","यस्य नाहंकृतो भावो बुद्धिर्यस्य न लिप्यते।
हत्वाऽपि स इमाँल्लोकान्न हन्ति न निबध्यते ॥","yasya nāhaṃkṛto bhāvo buddhiryasya na lipyate
hatvā.api sa imā.Nllokānna hanti na nibadhyate","sees not (rightly). He who has no feeling of egoism, and whose mind is not tainted, even though he kills (all) these people, kills not, is not fettered, (by the action).","machine-aligned; two human reviews pending","66641de2aeb255e4909bd22a3ff45289409547fd249fe4edbf2d599515c5adf5"
"gita.18.18","18","18","Krishna","ज्ञानं ज्ञेयं परिज्ञाता त्रिविधा कर्मचोदना।
करणं कर्म कर्तेति त्रिविधः कर्मसंग्रहः ॥","jñānaṃ jñeyaṃ parijñātā trividhā karmacodanā
karaṇaṃ karma karteti trividhaḥ karmasaṃgrahaḥ","Knowledge, the object of knowledge, the knower—threefold is the prompting to action. The instrument, the action, the agent, thus in brief is action threefold.","machine-aligned; two human reviews pending","7a88edee7a5e33961ea0a86d547eba82dffdaefadf26f4aa0aef4d7be2cc826a"
"gita.18.19","18","19","Krishna","ज्ञानं कर्म च कर्ताच त्रिधैव गुणभेदतः।
प्रोच्यते गुणसङ्ख्याने यथावच्छृणु तान्यपि ॥","jñānaṃ karma ca kartāca tridhaiva guṇabhedataḥ
procyate guṇasaṅkhyāne yathāvacchṛṇu tānyapi","Knowledge and action and agent are declared in the enumeration of qualities (to be) of three classes only, according to the difference of qualities. Hear about these also as they really are.","machine-aligned; two human reviews pending","47ed960284b4563d7b230dda3e8dd0c829d7a31c49f8f0d12e2054524b9cf96f"
"gita.18.20","18","20","Krishna","सर्वभूतेषु येनैकं भावमव्ययमीक्षते।
अविभक्तं विभक्तेषु तज्ज्ञानं विद्धि सात्त्विकम् ॥","sarvabhūteṣu yenaikaṃ bhāvamavyayamīkṣate
avibhaktaṃ vibhakteṣu tajjñānaṃ viddhi sāttvikam","Know that knowledge to be good, by which (a man) sees one entity, inexhaustible, and not different in all things (apparently) different (from one another).","machine-aligned; two human reviews pending","b43cbb9c791840bbc8b5b47f6f25c530821bcb85487656dd29114db32d53d65f"
"gita.18.21","18","21","Krishna","पृथक्त्वेन तु यज्ज्ञानं नानाभावान्पृथग्विधान्।
वेत्ति सर्वेषु भूतेषु तज्ज्ञानं विद्धि राजसम् ॥","pṛthaktvena tu yajjñānaṃ nānābhāvānpṛthagvidhān
vetti sarveṣu bhūteṣu tajjñānaṃ viddhi rājasam","Know that knowledge to be passionate which is (based) on distinctions (between different entities) which sees in all things various entities of different kinds. And that is described as dark","machine-aligned; two human reviews pending","0c1c3f2be10986df2a5f996fe630d62a5434185d3940beb72ae423edb70b58c3"
"gita.18.22","18","22","Krishna","यत्तु कृत्स्नवदेकस्मिन्कार्ये सक्तमहैतुकम्।
अतत्त्वार्थवदल्पं च तत्तामसमुदाहृतम् ॥","yattu kṛtsnavadekasminkārye saktamahaitukam
atattvārthavadalpaṃ ca tattāmasamudāhṛtam","which clings to one created (thing) only as everything which is devoid of reason devoid of real principle","machine-aligned; two human reviews pending","2cf2bbc53899f79004f801b1f3d58df5ece5ce1019fea446746671244ce46ed5"
"gita.18.23","18","23","Krishna","नियतं सङ्गरहितमरागद्वेषतः कृतम्।
अफलप्रेप्सुना कर्म यत्तत्सात्त्विकमुच्यते ॥","niyataṃ saṅgarahitamarāgadveṣataḥ kṛtam
aphalaprepsunā karma yattatsāttvikamucyate","and insignificant. That action is called good which is prescribed which is devoid of attachment which is not done from (motives of) affection or aversion, (and which is done) by one not wishing for the fruit. That is described as passionate","machine-aligned; two human reviews pending","a64ae7eb453bcbb8bc726581baff8daa43c04d8103c47f91487008285488cf74"
"gita.18.24","18","24","Krishna","यत्तु कामेप्सुना कर्म साहंकारेण वा पुनः।
क्रियते बहुलायासं तद्राजसमुदाहृतम् ॥","yattu kāmepsunā karma sāhaṃkāreṇa vā punaḥ
kriyate bahulāyāsaṃ tadrājasamudāhṛtam","which (occasions) much trouble is performed by one who wishes for objects of desire or one who is full of egotism. The action is called dark which is commenced through delusion without regard to consequences","machine-aligned; two human reviews pending","c0125ef958b69eae9bd5790a12808f8fa8f0168bc1ad3c912a167ef05c7d112b"
"gita.18.25","18","25","Krishna","अनुबन्धं क्षयं हिंसामनपेक्ष्य च पौरुषम्।
मोहादारभ्यते कर्म यत्तत्तामसमुच्यते ॥","anubandhaṃ kṣayaṃ hiṃsāmanapekṣya ca pauruṣam
mohādārabhyate karma yattattāmasamucyate","loss injury","machine-aligned; two human reviews pending","46ca44ec820a092786e895b3149c91f5e00a18f6af80862adc7df4424bc23232"
"gita.18.26","18","26","Krishna","मुक्तसङ्गोऽनहंवादी धृत्युत्साहसमन्वितः।
सिद्ध्यसिद्ध्योर्निर्विकारः कर्ता सात्त्विक उच्यते ॥","muktasaṅgo.anahaṃvādī dhṛtyutsāhasamanvitaḥ
siddhyasiddhyornirvikāraḥ kartā sāttvika ucyate","or strength. That agent is called good who has cast off attachment who is free from egotistic talk who is possessed of courage and energy and unaffected by success or ill-success. That agent is called passionate who is full of affections","machine-aligned; two human reviews pending","7745b488c8c5d44be6f748a6a1beb99bd78265cbf9fc0ac0ce9ccb9177424e69"
"gita.18.27","18","27","Krishna","रागी कर्मफलप्रेप्सुर्लुब्धो हिंसात्मकोऽशुचिः।
हर्षशोकान्वितः कर्ता राजसः परिकीर्तितः ॥","rāgī karmaphalaprepsurlubdho hiṃsātmako.aśuciḥ
harṣaśokānvitaḥ kartā rājasaḥ parikīrtitaḥ","who wishes for the fruit of actions who is covetous cruel and impure and feels joy and sorrow. That agent is called dark","machine-aligned; two human reviews pending","f5269d05c825e15b9c04a6cc50fb58a2727973b0bf70a93de4addfcaa3d8a2fb"
"gita.18.28","18","28","Krishna","अयुक्तः प्राकृतः स्तब्धः शठो नैष्कृतिकोऽलसः।
विषादी दीर्घसूत्री च कर्ता तामस उच्यते ॥","ayuktaḥ prākṛtaḥ stabdhaḥ śaṭho naiṣkṛtiko.alasaḥ
viṣādī dīrghasūtrī ca kartā tāmasa ucyate","who is without application void of discernment headstrong crafty malicious lazy","machine-aligned; two human reviews pending","71b2c6a2f5c66f7bc1a2a9c6209d833618780ff766fe66243f00ee16da4ccd90"
"gita.18.29","18","29","Krishna","बुद्धेर्भेदं धृतेश्चैव गुणतस्त्रिविधं शृणु।
प्रोच्यमानमशेषेण पृथक्त्वेन धनञ्जय ॥","buddherbhedaṃ dhṛteścaiva guṇatastrividhaṃ śṛṇu
procyamānamaśeṣeṇa pṛthaktvena dhanañjaya","melancholy and slow. Now hear O Dhanañjaya ! the threefold division of intelligence and courage according to qualities which I am about to declare exhaustively and distinctly. That intelligence","machine-aligned; two human reviews pending","b0ea5c33679ef189c03d954836fe46ac3a43ae3fc9547c180a77494157dc0892"
"gita.18.30","18","30","Krishna","प्रवृत्तिं च निवृत्तिं च कार्याकार्ये भयाभये।
बन्धं मोक्षं च या वेत्ति बुद्धिः सा पार्थ सात्त्विकी ॥","pravṛttiṃ ca nivṛttiṃ ca kāryākārye bhayābhaye
bandhaṃ mokṣaṃ ca yā vetti buddhiḥ sā pārtha sāttvikī","O son of Pṛthā! is good which understands action and inaction what ought to be done and what ought not to be done danger and the absence of danger emancipation and bondage. That intelligence O son of Pṛthā! is passionate","machine-aligned; two human reviews pending","aa47c4c630808b5ca0f922aa3ba767dbe7c3302484929a2683408eb8a705a4f8"
"gita.18.31","18","31","Krishna","यया धर्ममधर्मं च कार्यं चाकार्यमेव च।
अयथावत्प्रजानाति बुद्धिः सा पार्थ राजसी ॥","yayā dharmamadharmaṃ ca kāryaṃ cākāryameva ca
ayathāvatprajānāti buddhiḥ sā pārtha rājasī","by which one imperfectly understands piety and impiety what ought to be done and also what ought not to be done. That intelligence O son of Pṛthā! is dark which shrouded by darkness","machine-aligned; two human reviews pending","ec6bc9c9b3848f15470ee19c82727d4f170d80394e91391d6877d949563a3ea0"
"gita.18.32","18","32","Krishna","अधर्मं धर्ममिति या मन्यते तमसावृता।
सर्वार्थान्विपरीतांश्च बुद्धिः सा पार्थ तामसी ॥","adharmaṃ dharmamiti yā manyate tamasāvṛtā
sarvārthānviparītāṃśca buddhiḥ sā pārtha tāmasī","understands impiety (to be) piety and all things incorrectly. That courage O son of Pṛthā! is good courage which is unswerving and by which one controls the operations of the mind breath","machine-aligned; two human reviews pending","47a6fc472651eded0f8f7d3099c261c5534f69886afccd20dd5704652dd3934b"
"gita.18.33","18","33","Krishna","धृत्या यया धारयते मनःप्राणेन्द्रियक्रियाः।
योगेनाव्यभिचारिण्या धृतिः सा पार्थ सात्त्विकी ॥","dhṛtyā yayā dhārayate manaḥprāṇendriyakriyāḥ
yogenāvyabhicāriṇyā dhṛtiḥ sā pārtha sāttvikī","and senses","machine-aligned; two human reviews pending","2f3ef09d31a2e604aed7ba7c5cbb082f00239324ff529d7d1e936295cca70a99"
"gita.18.34","18","34","Krishna","यया तु धर्मकामार्थान्धृत्या धारयतेऽर्जुन।
प्रसङ्गेन फलाकाङ्क्षी धृतिः सा पार्थ राजसी ॥","yayā tu dharmakāmārthāndhṛtyā dhārayate.arjuna
prasaṅgena phalākāṅkṣī dhṛtiḥ sā pārtha rājasī","through abstraction. But O Arjuna! that courage is passionate by which one adheres to piety lust and wealth and through attachment wishes O son of Pṛthā! for the fruit That courage is dark","machine-aligned; two human reviews pending","a9d08610cab36508e6ba2b73717563b780f6910700bebcbc31436f7308ee2e20"
"gita.18.35","18","35","Krishna","यया स्वप्नं भयं शोकं विषादं मदमेव च।
न विमुञ्चति दुर्मेधा धृतिः सा पार्थ तामसी ॥","yayā svapnaṃ bhayaṃ śokaṃ viṣādaṃ madameva ca
na vimuñcati durmedhā dhṛtiḥ sā pārtha tāmasī","O son of Pṛthā! by which an undiscerning man does not give up sleep fear sorrow despondency and folly.","machine-aligned; two human reviews pending","b7c5f24333983df7497b51e36e70696782f0a45c7a5dcab8b08b9e8181a43d9a"
"gita.18.36","18","36","Krishna","सुखं त्विदानीं त्रिविधं शृणु मे भरतर्षभ।
अभ्यासाद्रमते यत्र दुःखान्तं च निगच्छति ॥","sukhaṃ tvidānīṃ trividhaṃ śṛṇu me bharatarṣabha
abhyāsādramate yatra duḥkhāntaṃ ca nigacchati","Now","machine-aligned; two human reviews pending","5c7fec1b8ad7df013a45a696817305b65afa851e3347fa2a0ee7674642b90a5f"
"gita.18.37","18","37","Krishna","यत्तदग्रे विषमिव परिणामेऽमृतोपमम्।
तत्सुखं सात्त्विकं प्रोक्तमात्मबुद्धिप्रसादजम् ॥","yattadagre viṣamiva pariṇāme.amṛtopamam
tatsukhaṃ sāttvikaṃ proktamātmabuddhiprasādajam","O chief of the descendants of Bharata! bear from me about the three sorts of happiness. That happiness is called good in which one is pleased after repetition (of enjoyment) and reaches the close of all misery which is like poison first and comparable to nectar in the long run and which is produced from a clear knowledge of the self. That happiness is called passionate","machine-aligned; two human reviews pending","54f6d637a7a65c4674498d1157188618bb59cd6598c2ffb98c32587e365ec46b"
"gita.18.38","18","38","Krishna","विषयेन्द्रियसंयोगाद्यत्तदग्रेऽमृतोपमम्।
परिणामे विषमिव तत्सुखं राजसं स्मृतम् ॥","viṣayendriyasaṃyogādyattadagre.amṛtopamam
pariṇāme viṣamiva tatsukhaṃ rājasaṃ smṛtam","which (flows) from contact between the senses and their objects and which is at first comparable to nectar and in the long run like poison. That happiness is described as dark which arises from sleep laziness","machine-aligned; two human reviews pending","089e0f4cb91ad3674085bb11fa67939faa21477e24e770716e3cf23039c01aa8"
"gita.18.39","18","39","Krishna","यदग्रे चानुबन्धे च सुखं मोहनमात्मनः।
निद्रालस्यप्रमादोत्थं तत्तामसमुदाहृतम् ॥","yadagre cānubandhe ca sukhaṃ mohanamātmanaḥ
nidrālasyapramādotthaṃ tattāmasamudāhṛtam","heedlessness which deludes the self","machine-aligned; two human reviews pending","81729302b45ca33200cb5c481cdb1e103b785f0c8b92084cd981c10219950bb9"
"gita.18.40","18","40","Krishna","न तदस्ति पृथिव्यां वा दिवि देवेषु वा पुनः।
सत्त्वं प्रकृतिजैर्मुक्तं यदेभिः स्यात्त्रिभिर्गुणैः ॥","na tadasti pṛthivyāṃ vā divi deveṣu vā punaḥ
sattvaṃ prakṛtijairmuktaṃ yadebhiḥ syāttribhirguṇaiḥ","both at first and in its consequences. There is no entity either on earth or in heaven among the gods, which is free from these three qualities born of nature.","machine-aligned; two human reviews pending","37453b1052e229450c1db9b8fe5c14de878fee1016cee225a720d580cdfc660d"
"gita.18.41","18","41","Krishna","ब्राह्मणक्षत्रियविशां शूद्राणां च परन्तप।
कर्माणि प्रविभक्तानि स्वभावप्रभवैर्गुणैः ॥","brāhmaṇakṣatriyaviśāṃ śūdrāṇāṃ ca parantapa
karmāṇi pravibhaktāni svabhāvaprabhavairguṇaiḥ","The duties of Brāhmaṇas, Kṣatriyas , and Vaiśyas , and of Śūdras, too, O terror of your foes! are distinguished according to the qualities born of nature.","machine-aligned; two human reviews pending","787a5d25006f11b672f4f11db0f55286c550f54af7f6e39cf6b225fe1ee8730b"
"gita.18.42","18","42","Krishna","शमो दमस्तपः शौचं क्षान्तिरार्जवमेव च।
ज्ञानं विज्ञानमास्तिक्यं ब्रह्मकर्म स्वभावजम् ॥","śamo damastapaḥ śaucaṃ kṣāntirārjavameva ca
jñānaṃ vijñānamāstikyaṃ brahmakarma svabhāvajam","Tranquillity, restraint of the senses, penance, purity, forgiveness, straightforwardness, also knowledge, experience, and belief (in a future world), this is the natural duty of Brāhmaṇas.","machine-aligned; two human reviews pending","6a681d8e558d4b25c8c1c8c8748530b6638f2b1bbff616f45e6c7e1a4ea8e66b"
"gita.18.43","18","43","Krishna","शौर्यं तेजो धृतिर्दाक्ष्यं युद्धे चाप्यपलायनम्।
दानमीश्वरभावश्च क्षात्रं कर्म स्वभावजम् ॥","śauryaṃ tejo dhṛtirdākṣyaṃ yuddhe cāpyapalāyanam
dānamīśvarabhāvaśca kṣātraṃ karma svabhāvajam","Valour, glory, Courage, dexterity, not slinking away from battle, gifts, exercise of lordly power, this is the natural duty of Kṣatriyas.","machine-aligned; two human reviews pending","e35fba8470a5facb0df7a5568074e49d341fc5faafbd0874231d22ca89d5a42c"
"gita.18.44","18","44","Krishna","कृषिगौरक्ष्यवाणिज्यं वैश्यकर्म स्वभावजम्।
परिचर्यात्मकं कर्म शूद्रस्यापि स्वभावजम् ॥","kṛṣigaurakṣyavāṇijyaṃ vaiśyakarma svabhāvajam
paricaryātmakaṃ karma śūdrasyāpi svabhāvajam","Agriculture, tending cattle, trade, (this) is the natural duty of Vaiśyas, And the natural duty of Śūdras, too, consists in service. (Every) man intent on his own respective duties obtains perfection.","machine-aligned; two human reviews pending","700dfad7bf2d665fef0057ccce3fefe522cb233d921e927c1a09b1c4e21ec2f3"
"gita.18.45","18","45","Krishna","स्वे स्वे कर्मण्यभिरतः संसिद्धिं लभते नरः।
स्वकर्मनिरतः सिद्धिं यथा विन्दति तच्छृणु ॥","sve sve karmaṇyabhirataḥ saṃsiddhiṃ labhate naraḥ
svakarmanirataḥ siddhiṃ yathā vindati tacchṛṇu","Listen, now, how one intent on one's own duty obtains perfection.","machine-aligned; two human reviews pending","a8fb8e9eee605121c0ad2c6d5a4c205d693cddbd4d3dd05c64656a7f5abfdb44"
"gita.18.46","18","46","Krishna","यतः प्रवृत्तिर्भूतानां येन सर्वमिदं ततम्।
स्वकर्मणा तमभ्यर्च्य सिद्धिं विन्दति मानवः ॥","yataḥ pravṛttirbhūtānāṃ yena sarvamidaṃ tatam
svakarmaṇā tamabhyarcya siddhiṃ vindati mānavaḥ","Worshipping, by (the performance of) his own duty, him from whom all things proceed, and by whom all this is permeated, a man obtains perfection.","machine-aligned; two human reviews pending","ae602eaa5c7ade0fe2391d6dccafee517377b580b53703212b6f3439088afc3c"
"gita.18.47","18","47","Krishna","श्रेयान्स्वधर्मो विगुणः परधर्मात्स्वनुष्ठितात्।
स्वभावनियतं कर्म कुर्वन्नाप्नोति किल्बिषम् ॥","śreyānsvadharmo viguṇaḥ paradharmātsvanuṣṭhitāt
svabhāvaniyataṃ karma kurvannāpnoti kilbiṣam","One's duty, though defective, is better than another's duty well performed. Performing the duty prescribed by nature, one does not incur sin.","machine-aligned; two human reviews pending","dea1606d14a6de9092ddafbae2e3989deabf82f0af2b9b9692e235d871caf1db"
"gita.18.48","18","48","Krishna","सहजं कर्म कौन्तेय सदोषमपि न त्यजेत्।
सर्वारम्भा हि दोषेण धूमेनाग्निरिवावृताः ॥","sahajaṃ karma kaunteya sadoṣamapi na tyajet
sarvārambhā hi doṣeṇa dhūmenāgnirivāvṛtāḥ","O son of Kuntī ! one should not abandon a natural duty though tainted with evil for all actions are enveloped by evil, as fire by smoke.","machine-aligned; two human reviews pending","78286fa5ad4be19eb126e7ee62259fc59f3bc3ce1b76ffa8e18749701e8de983"
"gita.18.49","18","49","Krishna","असक्तबुद्धिः सर्वत्र जितात्मा विगतस्पृहः।
नैष्कर्म्यसिद्धिं परमां संन्यासेनाधिगच्छति ॥","asaktabuddhiḥ sarvatra jitātmā vigataspṛhaḥ
naiṣkarmyasiddhiṃ paramāṃ saṃnyāsenādhigacchati","One who is self-restrained, whose understanding is unattached everywhere, from whom affections have departed, obtains the supreme perfection of freedom from action by renunciation.","machine-aligned; two human reviews pending","ba67a71739fb914a18402ba854be403ef4aabde2118a29ff8801da65c3f78d25"
"gita.18.50","18","50","Krishna","सिद्धिं प्राप्तो यथा ब्रह्म तथाप्नोति निबोध मे।
समासेनैव कौन्तेय निष्ठा ज्ञानस्य या परा ॥","siddhiṃ prāpto yathā brahma tathāpnoti nibodha me
samāsenaiva kaunteya niṣṭhā jñānasya yā parā","Learn from me, only in brief, O son of Kuntī! how one who has obtained perfection attains the Brahman , which is the highest culmination of knowledge.","machine-aligned; two human reviews pending","b2444f1bb94d3210c49893795c604405722d8303e2f0a0ae8ed283f4e8f89e9d"
"gita.18.51","18","51","Krishna","बुद्ध्या विशुद्धया युक्तो धृत्यात्मानं नियम्य च।
शब्दादीन्विषयांस्त्यक्त्वा रागद्वेषौ व्युदस्य च ॥","buddhyā viśuddhayā yukto dhṛtyātmānaṃ niyamya ca
śabdādīnviṣayāṃstyaktvā rāgadveṣau vyudasya ca","A man possessed of a pure understanding, controlling his self by courage, discarding sound and other objects of sense, casting off affection and aversion who frequents clean places","machine-aligned; two human reviews pending","bea3de642298e08297d7ef12eac1d357e892f6f3e20c47a777593fd1a1aed700"
"gita.18.52","18","52","Krishna","विविक्तसेवी लघ्वाशी यतवाक्कायमानसः।
ध्यानयोगपरो नित्यं वैराग्यं समुपाश्रितः ॥","viviktasevī laghvāśī yatavākkāyamānasaḥ
dhyānayogaparo nityaṃ vairāgyaṃ samupāśritaḥ","who eats little whose speech body and mind are restrained who is always intent on meditation and mental abstraction and has recourse to unconcern","machine-aligned; two human reviews pending","10788afbea3448e4800508502a71279021e51f85338280421bdf067b3a65c066"
"gita.18.53","18","53","Krishna","अहंकारं बलं दर्पं कामं क्रोधं परिग्रहम्।
विमुच्य निर्ममः शान्तो ब्रह्मभूयाय कल्पते ॥","ahaṃkāraṃ balaṃ darpaṃ kāmaṃ krodhaṃ parigraham
vimucya nirmamaḥ śānto brahmabhūyāya kalpate","who abandoning egoism stubbornness arrogance desire anger","machine-aligned; two human reviews pending","a98bac7c42234aa841c5069fd015eadca657274ea56fd8f51f8137c6d996271d"
"gita.18.54","18","54","Krishna","ब्रह्मभूतः प्रसन्नात्मा न शोचति न काङ्क्षति।
समः सर्वेषु भूतेषु मद्भक्तिं लभते पराम् ॥","brahmabhūtaḥ prasannātmā na śocati na kāṅkṣati
samaḥ sarveṣu bhūteṣu madbhaktiṃ labhate parām","and (all) belongings has no (thought that this or that is) mine and who is tranquil becomes fit for assimilation with the Brahman. Thus reaching the Brahman, and with a tranquil self, he grieves not, wishes not","machine-aligned; two human reviews pending","841c2758b1c4cd7406e62bb97388d536a4c1840c169807a91e3c9936a9fc2c19"
"gita.18.55","18","55","Krishna","भक्त्या मामभिजानाति यावान्यश्चास्मि तत्त्वतः।
ततो मां तत्त्वतो ज्ञात्वा विशते तदनन्तरम् ॥","bhaktyā māmabhijānāti yāvānyaścāsmi tattvataḥ
tato māṃ tattvato jñātvā viśate tadanantaram","but being alike to all beings, obtains the highest devotion to me. By (that) devotion he truly understands who I am and how great. And then understanding me truly, he forthwith enters into my (essence).","machine-aligned; two human reviews pending","c7e2d7662eb6ce2117dd87a7c4334756910dcf72e67198ff12eefa5fb7954675"
"gita.18.56","18","56","Krishna","सर्वकर्माण्यपि सदा कुर्वाणो मद्व्यपाश्रयः।
मत्प्रसादादवाप्नोति शाश्वतं पदमव्ययम् ॥","sarvakarmāṇyapi sadā kurvāṇo madvyapāśrayaḥ
matprasādādavāpnoti śāśvataṃ padamavyayam","Even performing all actions, always depending on me, he, through my favour, obtains the imperishable and eternal seat.","machine-aligned; two human reviews pending","07cf73d09471f0acfa604f9d73692554a250891f52973837cdf638f655a2d4a9"
"gita.18.57","18","57","Krishna","चेतसा सर्वकर्माणि मयि संन्यस्य मत्परः।
बुद्धियोगमुपाश्रित्य मच्चित्तः सततं भव ॥","cetasā sarvakarmāṇi mayi saṃnyasya matparaḥ
buddhiyogamupāśritya maccittaḥ satataṃ bhava","Dedicating in thought all actions to me, be constantly given up to me, (placing) your thoughts on me, through recourse to mental abstraction.","machine-aligned; two human reviews pending","09b77a2b6ef191980c7607bbac2ef8181be1741455c9a155e20290e49f7ce310"
"gita.18.58","18","58","Krishna","मच्चित्तः सर्वदुर्गाणि मत्प्रसादात्तरिष्यसि।
अथ चेत्त्वमहंकारान्न श्रोष्यसि विनङ्क्ष्यसि ॥","maccittaḥ sarvadurgāṇi matprasādāttariṣyasi
atha cettvamahaṃkārānna śroṣyasi vinaṅkṣyasi","(Placing) your thoughts on me, you will cross over all difficulties by my favour. But if you will not listen through egotism, you will be ruined.","machine-aligned; two human reviews pending","6a43529ce1d36865cf64b89677265fc5ff95e779ace708c09e5528f7504fb251"
"gita.18.59","18","59","Krishna","यदहंकारमाश्रित्य न योत्स्य इति मन्यसे।
मिथ्यैष व्यवसायस्ते प्रकृतिस्त्वां नियोक्ष्यति ॥","yadahaṃkāramāśritya na yotsya iti manyase
mithyaiṣa vyavasāyaste prakṛtistvāṃ niyokṣyati","If entertaining egotism, you think that you may not fight, vain, indeed, is that resolution of yours. Nature will constrain you. That","machine-aligned; two human reviews pending","57b80339227d05163a01cb2bcc96bfd1aee452617417d58cf0de6ca19bec2992"
"gita.18.60","18","60","Krishna","स्वभावजेन कौन्तेय निबद्धः स्वेन कर्मणा।
कर्तुं नेच्छसि यन्मोहात्करिष्यस्यवशोपि तत् ॥","svabhāvajena kaunteya nibaddhaḥ svena karmaṇā
kartuṃ necchasi yanmohātkariṣyasyavaśopi tat","O son of Kuntī! which through delusion you do not wish to do you will do involuntarily tied down by your own duty flowing from your nature.","machine-aligned; two human reviews pending","0a450e6352adb87d22534657f65eaa1afb3131b4c4f74d84dac475c72efd65e4"
"gita.18.61","18","61","Krishna","ईश्वरः सर्वभूतानां हृद्देशेऽर्जुन तिष्ठति।
भ्रामयन्सर्वभूतानि यन्त्रारूढानि मायया ॥","īśvaraḥ sarvabhūtānāṃ hṛddeśe.arjuna tiṣṭhati
bhrāmayansarvabhūtāni yantrārūḍhāni māyayā","The lord","machine-aligned; two human reviews pending","2e5cac8c4a166707a6fd97c03a9bdbb6aa31b997e078ff0633b2655bd479a8e4"
"gita.18.62","18","62","Krishna","तमेव शरणं गच्छ सर्वभावेन भारत।
तत्प्रसादात्परां शान्तिं स्थानं प्राप्स्यसि शाश्वतम् ॥","tameva śaraṇaṃ gaccha sarvabhāvena bhārata
tatprasādātparāṃ śāntiṃ sthānaṃ prāpsyasi śāśvatam","O Arjuna! is seated in the region of the heart of all beings turning round all beings (as though) mounted on a machine by his delusion. With him O descendant of Bharata! seek shelter in every way by his favour you will obtain the highest tranquillity, the eternal seat.","machine-aligned; two human reviews pending","bdb1a0ee76f2ac50d3be8d757aea95222ea89280ef60d5624cc499a2cbd638c7"
"gita.18.63","18","63","Krishna","इति ते ज्ञानमाख्यातं गुह्याद्गुह्यतरं मया।
विमृश्यैतदशेषेण यथेच्छसि तथा कुरु ॥","iti te jñānamākhyātaṃ guhyādguhyataraṃ mayā
vimṛśyaitadaśeṣeṇa yathecchasi tathā kuru","Thus have I declared to you the knowledge more mysterious than any mystery. Ponder over it thoroughly, and then act as you like.","machine-aligned; two human reviews pending","1bf2755d1bff7a90e94c971a190ebcfc546d757b5f753f784de6ff597b686fc4"
"gita.18.64","18","64","Krishna","सर्वगुह्यतमं भूयः शृणु मे परमं वचः।
इष्टोऽसि मे दृढमिति ततो वक्ष्यामि ते हितम् ॥","sarvaguhyatamaṃ bhūyaḥ śṛṇu me paramaṃ vacaḥ
iṣṭo.asi me dṛḍhamiti tato vakṣyāmi te hitam","Once more, listen to my excellent words-most mysterious of all. Strongly I like you therefore I will declare what is for your welfare. On me (place) your mind become my devotee","machine-aligned; two human reviews pending","55babf3c9a5f425ae77f79fe36ed97f40d2cde5cab42be7bf200bc1f7c22752f"
"gita.18.65","18","65","Krishna","मन्मना भव मद्भक्तो मद्याजी मां नमस्कुरु।
मामेवैष्यसि सत्यं ते प्रतिजाने प्रियोऽसि मे ॥","manmanā bhava madbhakto madyājī māṃ namaskuru
māmevaiṣyasi satyaṃ te pratijāne priyo.asi me","sacrifice to me reverence me you will certainly come to me. I declare to you truly, you are dear to me.","machine-aligned; two human reviews pending","f9e34d22582901afb140036fa6992b1eda9c9909f23343b0e37e85930c7e7b5e"
"gita.18.66","18","66","Krishna","सर्वधर्मान्परित्यज्य मामेकं शरणं व्रज।
अहं त्वा सर्वपापेभ्यो मोक्षयिष्यामि मा शुचः ॥","sarvadharmānparityajya māmekaṃ śaraṇaṃ vraja
ahaṃ tvāṃ sarvapāpebhyo mokṣyayiṣyāmi mā śucaḥ","Forsaking all duties, come to me as (your) sole refuge. I will release you from all sins. Be not grieved.","machine-aligned; two human reviews pending","2363523ef1a25f9fecb9da3c2ab13b1a2c3200a993d6321e47f058e5c4989325"
"gita.18.67","18","67","Krishna","इदं ते नातपस्काय नाभक्ताय कदाचन।
न चाशुश्रूषवे वाच्यं न च मां योऽभ्यसूयति ॥","idaṃ te nātapaskāya nābhaktāya kadācana
na cāśuśrūṣave vācyaṃ na ca māṃ yo.abhyasūyati","This you should never declare to one who performs no penance who is not a devotee nor to one who does not wait on (some preceptor) nor yet to one who calumniates me.","machine-aligned; two human reviews pending","88da6be9c55379eb9b54a58e7da4f01ff360197f40de10ab3ecef7cfe570c639"
"gita.18.68","18","68","Krishna","य इदं परमं गुह्यं मद्भक्तेष्वभिधास्यति।
भक्तिं मयि परां कृत्वा मामेवैष्यत्यसंशयः ॥","ya idaṃ paramaṃ guhyaṃ madbhakteṣvabhidhāsyati
bhaktiṃ mayi parāṃ kṛtvā māmevaiṣyatyasaṃśayaḥ","He who, with the highest devotion to me, will proclaim this supreme mystery among my devotees, will come to me, freed from (all) doubt.","machine-aligned; two human reviews pending","308d933a1fa6e56d97a2c75fb375450ceb2496568d532ea910a1d8700f3b8c57"
"gita.18.69","18","69","Krishna","न च तस्मान्मनुष्येषु कश्चिन्मे प्रियकृत्तमः।
भविता न च मे तस्मादन्यः प्रियतरो भुवि ॥","na ca tasmānmanuṣyeṣu kaścinme priyakṛttamaḥ
bhavitā na ca me tasmādanyaḥ priyataro bhuvi","No one amongst men is superior to him in doing what is dear to me. And there will never be another on earth dearer to me than he. And he who will study this holy dialogue of ours will","machine-aligned; two human reviews pending","438e86a5707353b514e05157a5287b6d420b7e0f7ad4e8a5ba46c3fd4d427e84"
"gita.18.70","18","70","Krishna","अध्येष्यते च य इमं धर्म्यं संवादमावयोः।
ज्ञानयज्ञेन तेनाहमिष्टः स्यामिति मे मतिः ॥","adhyeṣyate ca ya imaṃ dharmyaṃ saṃvādamāvayoḥ
jñānayajñena tenāhamiṣṭaḥ syāmiti me matiḥ","such is my opinion have offered to me the sacrifice of knowledge. And the man","machine-aligned; two human reviews pending","f31ff054b5df5e995b8aec45387b3e3b72a949cd16574334c99aa12e0f161cbb"
"gita.18.71","18","71","Krishna","श्रद्धावाननसूयश्च शृणुयादपि यो नरः।
सोऽपि मुक्तः शुभाँल्लोकान्प्राप्नुयात्पुण्यकर्मणाम् ॥","śraddhāvānanasūyaśca śṛṇuyādapi yo naraḥ
so.api muktaḥ śubhā.Nllokānprāpnuyātpuṇyakarmaṇām","also","machine-aligned; two human reviews pending","827d6d75111fb386577d558e532b381a70ea81c48f60cfd2b7e503cbbff22879"
"gita.18.72","18","72","Krishna","कच्चिदेतच्छ्रुतं पार्थ त्वयैकाग्रेण चेतसा।
कच्चिदज्ञानसम्मोहः प्रनष्टस्ते धनञ्जय ॥","kaccidetacchrutaṃ pārtha tvayaikāgreṇa cetasā
kaccidajñānasammohaḥ pranaṣṭaste dhanañjaya","who with faith and without carping will listen (to this) will be freed (from sin) and attain to the holy regions of those who perform pious acts. Have you listened to this O son of Pṛthā! with a mind (fixed) on (this) one point only? Has your delusion (caused) by ignorance been destroyed O Dhanañjaya?","machine-aligned; two human reviews pending","e8fef9661b7abdbb8d82a5b16a893d76d839e6c80cf8f2342fa80b7b77991074"
"gita.18.73","18","73","Arjuna","अर्जुन उवाच।
नष्टो मोहः स्मृतिर्लब्धा त्वत्प्रसादान्मयाच्युत।
स्थितोऽस्मि गतसन्देहः करिष्ये वचनं तव ॥","arjuna uvāca
naṣṭo mohaḥ smṛtirlabdhā tvatprasādānmayācyuta
sthito.asmi gatasandehaḥ kariṣye vacanaṃ tava","Destroyed is my delusion by your favour, O undegraded one! I (now) recollect myself. I stand freed from doubts. I will do your bidding.","machine-aligned; two human reviews pending","1abc7a7a3af0d78f6b29816620b7a7447009806a20100361ffd54f0c7f878da1"
"gita.18.74","18","74","Sanjaya","सञ्जय उवाच।
इत्यहं वासुदेवस्य पार्थस्य च महात्मनः।
संवादमिममश्रौषमद्भुतं रोमहर्षणम् ॥","sañjaya uvāca
ityahaṃ vāsudevasya pārthasya ca mahātmanaḥ
saṃvādamimamaśrauṣamadbhutaṃ romaharṣaṇam","Thus did I hear this dialogue between Vāsudeva and the high-minded son of Pṛthā, (a dialogue) wonderful and causing the hair to stand on end.","machine-aligned; two human reviews pending","b766d0500c70f449bc1fb2177cf1070125e33ea39c2fce4b64e79df9304cddc2"
"gita.18.75","18","75","Sanjaya","व्यासप्रसादाच्छ्रुतवानेतद्गुह्यमहं परम्।
योगं योगेश्वरात्कृष्णात्साक्षात्कथयतः स्वयम् ॥","vyāsaprasādācchrutavānetadguhyamahaṃ param
yogaṃ yogeśvarātkṛṣṇātsākṣātkathayataḥ svayam","By the favour of Vyāsa I heard this highest mystery, (this) devotion from Kṛṣṇa himself the lord of the possessors of mystic power who proclaimed it in person.","machine-aligned; two human reviews pending","cf8757255d68498737fbc34bca727b737dee30a76abc37e7a1e05b38c5a6c6f4"
"gita.18.76","18","76","Sanjaya","राजन्संस्मृत्य संस्मृत्य संवादमिममद्भुतम्।
केशवार्जुनयोः पुण्यं हृष्यामि च मुहुर्मुहुः ॥","rājansaṃsmṛtya saṃsmṛtya saṃvādamimamadbhutam
keśavārjunayoḥ puṇyaṃ hṛṣyāmi ca muhurmuhuḥ","O king! remembering and (again) remembering this wonderful and holy dialogue of Keśava and Arjuna","machine-aligned; two human reviews pending","f70f4fa456351a0139cc348dc4757fcf6e0dd9def9268749742ff461468ccf00"
"gita.18.77","18","77","Sanjaya","तच्च संस्मृत्य संस्मृत्य रूपमत्यद्भुतं हरेः।
विस्मयो मे महान् राजन्हृष्यामि च पुनः पुनः ॥","tacca saṃsmṛtya saṃsmṛtya rūpamatyadbhutaṃ hareḥ
vismayo me mahān rājanhṛṣyāmi ca punaḥ punaḥ","I rejoice over and over again. And remembering and (again) remembering that excessively wonderful form of Hari also great is my amazement O king! and I rejoice over and over again.","machine-aligned; two human reviews pending","726c7e4b7b91f6dd7d95c14b1e06c1b6b01e497434a3b71c6a09fcd997fed00a"
"gita.18.78","18","78","Sanjaya","यत्र योगेश्वरः कृष्णो यत्र पार्थो धनुर्धरः।
तत्र श्रीर्विजयो भूतिर्ध्रुवा नीतिर्मतिर्मम ॥","yatra yogeśvaraḥ kṛṣṇo yatra pārtho dhanurdharaḥ
tatra śrīrvijayo bhūtirdhruvā nītirmatirmama","Wherever (is) Kṛṣṇa the lord of the possessors of mystic power wherever (is the (great) archer the son of Prithā there in my opinion (are) fortune victory prosperity and eternal justice.","machine-aligned; two human reviews pending","e339de684b7f40431bc730e0670c92b59f3c369875457303863ad512f743824c"
